F,seed,routes_equal,final_diff,bestval_diff
0,7,True,0.0,0.0
0,42,True,0.0,0.0
0,123,True,0.0,0.0
0,777,True,0.0,0.0
0,888,True,0.0,0.0
0,999,True,0.0,0.0
0,2026,True,0.0,0.0
0,5150,True,0.0,0.0
0,31415,True,0.0,0.0
0,60486,True,0.0,0.0
4,7,True,0.0,0.0
4,42,True,0.0,0.0
4,123,True,0.0,0.0
4,777,True,0.0,0.0
4,888,True,0.0,0.0
4,999,True,0.0,0.0
4,2026,True,0.0,0.0
4,5150,True,0.0,0.0
4,31415,True,0.0,0.0
4,60486,True,0.0,0.0
8,7,True,0.0,0.0
8,42,True,0.0,0.0
8,123,True,0.0,0.0
8,777,True,0.0,0.0
8,888,True,0.0,0.0
8,999,True,0.0,0.0
8,2026,True,0.0,0.0
8,5150,True,0.0,0.0
8,31415,True,0.0,0.0
8,60486,True,0.0,0.0
