backbone,F,method,budget_kb,n,final_mean,final_sd,bestval_mean,bestval_sd,final_cell,bestval_cell,best_val_epoch_mean_1idx,final_train_ppl_mean,final_train_obj_ppl_mean
128,0,gatedmoe_base,17991,10,231.37370764932461,2.557927254814855,174.67105838075216,1.7274140593489578,231.4$\pm$2.6,174.7$\pm$1.7,2.3,29.69886114203583,29.69886114203583
128,0,gatedmoe_g,17991,10,231.37370764932461,2.557927254814855,174.67105838075216,1.7274140593489578,231.4$\pm$2.6,174.7$\pm$1.7,2.3,29.69886114203583,29.69886114203583
128,0,learned_top1,17991,10,231.62963998737536,2.1502007839501696,174.17993639123318,1.4642845685630255,231.6$\pm$2.2,174.2$\pm$1.5,2.7,29.648639092846388,29.797466728891095
128,0,random,17991,10,231.37370764932461,2.557927254814855,174.67105838075216,1.7274140593489578,231.4$\pm$2.6,174.7$\pm$1.7,2.3,29.69886114203583,29.69886114203583
128,0,round_robin,17991,10,231.37370764932461,2.557927254814855,174.67105838075216,1.7274140593489578,231.4$\pm$2.6,174.7$\pm$1.7,2.3,29.69886114203583,29.69886114203583
128,4,fixed_cadence_random,24457,10,235.79805971722095,3.8802126420519607,177.5240210197332,1.2346035315566808,235.8$\pm$3.9,177.5$\pm$1.2,2.7,30.76882228947536,30.76882228947536
128,4,gatedmoe_base,24457,10,234.4936891053422,2.357552548237651,176.09481449270984,1.2685871979739556,234.5$\pm$2.4,176.1$\pm$1.3,2.8,30.621788175657752,30.621788175657752
128,4,gatedmoe_g,24457,10,233.9135371449798,3.7529948077076107,176.5473376879198,1.5971393003057472,233.9$\pm$3.8,176.5$\pm$1.6,2.6,30.677908157923184,30.677908157923184
128,4,learned_top1,24457,10,238.342159657085,2.9128633684341865,176.8309175216196,1.2486278442507701,238.3$\pm$2.9,176.8$\pm$1.2,2.7,30.62111473801166,30.774859460156485
128,4,learned_top1_aux0,24457,10,237.63845676560163,2.4689495609053735,175.09226897965593,1.4340944288743733,237.6$\pm$2.5,175.1$\pm$1.4,2.9,30.107033960650746,30.107033960650746
128,4,random,24457,10,238.97427256217225,3.1356716854359754,177.10273278590472,0.8018023027445521,239.0$\pm$3.1,177.1$\pm$0.8,2.9,30.68391776318084,30.68391776318084
128,4,round_robin,24457,10,234.4936891053422,2.357552548237651,176.09481449270984,1.2685871979739556,234.5$\pm$2.4,176.1$\pm$1.3,2.8,30.621788175657752,30.621788175657752
128,8,cycle_shuffle,42487,10,194.03162186617985,17.540010466856398,181.6666159710747,2.634361292754427,194.0$\pm$17.5,181.7$\pm$2.6,6.3,46.12313072521014,46.12313072521014
128,8,fixed_cadence_random,42487,10,190.06303053052403,15.094166269210389,183.15536133410586,2.769745908787416,190.1$\pm$15.1,183.2$\pm$2.8,7.8,51.40882546897723,51.40882546897723
128,8,gatedmoe_base,42487,10,191.10238716141563,14.197881634458422,183.77333229999724,3.358926935101942,191.1$\pm$14.2,183.8$\pm$3.4,7.5,49.12357744180687,49.12357744180687
128,8,gatedmoe_g,42487,10,198.38699712833412,18.849367736634502,181.96419987165183,3.753328879054944,198.4$\pm$18.8,182.0$\pm$3.8,5.7,44.71419338663673,44.71419338663673
128,8,learned_top1,42487,10,239.0022846004003,3.087586220217586,180.4845209932192,1.8931035450181777,239.0$\pm$3.1,180.5$\pm$1.9,3.0,32.72458195131044,32.8888714121337
128,8,learned_top1_aux0,42487,10,236.33462655851244,4.189320073159905,176.73369664872013,3.911037600154219,236.3$\pm$4.2,176.7$\pm$3.9,2.7,30.477723310572554,30.477723310572554
128,8,random,42487,10,211.1422156923423,22.692833427547395,182.63535763761868,3.041670934737768,211.1$\pm$22.7,182.6$\pm$3.0,3.9,40.573501656088865,40.573501656088865
128,8,round_robin,42487,10,191.10238716141563,14.197881634458422,183.77333229999724,3.358926935101942,191.1$\pm$14.2,183.8$\pm$3.4,7.5,49.12357744180687,49.12357744180687
256,8,fixed_cadence_random,63462,10,183.51865802490858,6.1473998064739535,181.43834488367406,4.064062320193532,183.5$\pm$6.1,181.4$\pm$4.1,8.2,46.12675991686625,46.12675991686625
256,8,learned_top1,63462,10,193.30825567694154,8.55327910790446,174.1599441210017,2.30372060558263,193.3$\pm$8.6,174.2$\pm$2.3,3.5,31.890886790557794,32.050983565136264
256,8,random,63462,10,188.2444583202061,6.814343680880343,179.72265194604446,6.081128096543489,188.2$\pm$6.8,179.7$\pm$6.1,5.7,40.873954131396616,40.873954131396616
256,8,round_robin,63462,10,187.7166913288919,4.367865398660104,179.17437716559505,3.4543816455307295,187.7$\pm$4.4,179.2$\pm$3.5,4.7,36.87262565675128,36.87262565675128
