F,best_val_epoch_mean_1idx,bestval_diff_vs_rr,bestval_mean,bestval_p_holm12,bestval_p_vs_rr,bestval_pos_seeds,bestval_sd,final_diff_vs_rr,final_mean,final_p_holm12,final_p_vs_rr,final_pos_seeds,final_sd,final_train_ppl_mean,method,n
0,2.7,-0.5,174.18,1.0,0.29633966396034317,4,1.46,0.35,231.63,1.0,0.5207876648730092,6,2.15,29.8,learned_top1,10
0,2.3,-0.01,174.67,1.0,0.34343639613791366,0,1.73,0.09,231.37,1.0,0.34343639613791355,1,2.56,29.7,random,10
0,2.4,,174.68,,,,1.74,,231.28,,,,2.53,29.69,round_robin,10
0,2.3,-0.01,174.67,1.0,0.34343639613791366,0,1.73,0.09,231.37,1.0,0.34343639613791355,1,2.56,29.7,gatedmoe_base,10
0,2.3,-0.01,174.67,1.0,0.34343639613791366,0,1.73,0.09,231.37,1.0,0.34343639613791355,1,2.56,29.7,gatedmoe_g,10
4,2.7,2.2,178.29,,0.0023072516171721213,10,1.23,9.53,244.02,,6.352221534004795e-05,10,3.95,29.54,fixed_cadence_random,10
4,2.7,0.74,176.83,1.0,0.25439454216947077,5,1.25,3.85,238.34,0.2379226916616817,0.02379226916616817,8,2.91,30.77,learned_top1,10
4,2.9,-1.0,175.09,,0.15698362254742607,4,1.43,3.14,237.64,,0.02907960190172582,8,2.47,30.11,learned_top1_aux0,10
4,2.9,1.01,177.1,0.9635705110591496,0.09635705110591496,7,0.8,4.48,238.97,0.015977044945856597,0.001452458631441509,10,3.14,30.68,random,10
4,2.8,,176.09,,,,1.27,,234.49,,,,2.36,30.62,round_robin,10
4,2.7,-0.33,175.76,0.7782559932571848,0.07075054484156225,2,1.38,0.09,234.59,0.507478197886902,0.06343477473586275,7,2.42,30.62,gatedmoe_base,10
4,2.6,0.39,176.48,1.0,0.635360911613168,6,1.58,-0.54,233.95,1.0,0.6962816096565916,6,3.76,30.68,gatedmoe_g,10
8,5.8,-2.41,181.36,,0.14922095399394172,4,2.74,2.86,193.97,,0.18800731791730493,7,16.86,46.18,cycle_shuffle,10
8,7.6,0.17,183.94,,0.9160994349999131,4,3.18,-0.8,190.3,,0.41267082364458285,4,15.55,50.93,fixed_cadence_random,10
8,3.0,-3.29,180.48,0.6693052666064645,0.05577543888387204,3,1.89,47.9,239.0,6.177140596634725e-05,5.147617163862271e-06,10,3.09,32.89,learned_top1,10
8,2.7,-7.04,176.73,,0.0004357091364432032,0,3.91,45.23,236.33,,1.5607641267848455e-05,9,4.19,30.48,learned_top1_aux0,10
8,3.9,-1.14,182.64,1.0,0.3443261288005417,3,3.04,20.04,211.14,0.2379226916616817,0.02534169809857032,10,22.69,40.57,random,10
8,7.5,,183.77,,,,3.36,,191.1,,,,14.2,49.12,round_robin,10
8,7.5,0.03,183.8,1.0,0.4114538969916862,6,3.31,-0.0,191.1,1.0,0.9791318250658033,6,14.13,49.12,gatedmoe_base,10
8,5.2,-2.33,181.44,1.0,0.16575611033588952,4,3.47,7.26,198.36,0.507478197886902,0.0712273026633299,9,18.77,44.71,gatedmoe_g,10
