method,budget_kb,F,seed,final_test_ppl,test_ppl_at_best_val
cycle_shuffle,42487,8,123,200.22660463802146,182.18526085322142
cycle_shuffle,42487,8,2026,237.22832248829857,177.39259634203307
cycle_shuffle,42487,8,31415,182.8981694259888,182.8981694259888
cycle_shuffle,42487,8,42,189.01695502331057,178.28037850652777
cycle_shuffle,42487,8,5150,181.57550565209957,181.57550565209957
cycle_shuffle,42487,8,60486,182.44277933690606,182.44277933690606
cycle_shuffle,42487,8,7,183.3003989851494,177.77667216820328
cycle_shuffle,42487,8,777,202.37324796529265,182.10009952404303
cycle_shuffle,42487,8,888,188.82391047926856,186.06553943686393
cycle_shuffle,42487,8,999,191.76522534244626,182.8881109334231
fixed_cadence_random,24457,4,123,249.58145730688864,178.42658683748598
fixed_cadence_random,24457,4,2026,245.0565337789256,178.3669432749825
fixed_cadence_random,24457,4,31415,248.15479768512446,177.7362704268808
fixed_cadence_random,24457,4,42,246.09833355133736,178.77357505789976
fixed_cadence_random,24457,4,5150,243.65263873624434,176.96600991397347
fixed_cadence_random,24457,4,60486,239.40436502857548,181.02780542499337
fixed_cadence_random,24457,4,7,247.29992646215823,178.67054535030647
fixed_cadence_random,24457,4,777,240.07208874933752,177.1715807858716
fixed_cadence_random,24457,4,888,243.10275366805766,178.92463652554852
fixed_cadence_random,24457,4,999,237.80052047221608,176.8530310397299
fixed_cadence_random,42487,8,123,192.85269729261478,186.3307362832869
fixed_cadence_random,42487,8,2026,233.47923225259925,187.56893265835387
fixed_cadence_random,42487,8,31415,185.19583870937814,185.19583870937814
fixed_cadence_random,42487,8,42,183.43341508737421,183.43341508737421
fixed_cadence_random,42487,8,5150,179.7033443689715,179.7033443689715
fixed_cadence_random,42487,8,60486,184.5954045109536,184.5954045109536
fixed_cadence_random,42487,8,7,186.4624651299938,179.78273749361517
fixed_cadence_random,42487,8,777,184.52493827241392,184.52493827241392
fixed_cadence_random,42487,8,888,188.27543965976966,188.27543965976966
fixed_cadence_random,42487,8,999,184.49182730961368,180.0334932079696
learned_top1,17991,0,123,229.88060500225663,173.9503246305578
learned_top1,17991,0,2026,233.87899436163212,175.0633754600117
learned_top1,17991,0,31415,228.84629570041315,172.74639230418782
learned_top1,17991,0,42,234.22646204617263,175.6005527123574
learned_top1,17991,0,5150,231.92310193708747,175.05612295618067
learned_top1,17991,0,60486,232.39465779206154,172.3623403623934
learned_top1,17991,0,7,233.42079890982936,176.82416699071476
learned_top1,17991,0,777,231.21312513853098,172.58368964214122
learned_top1,17991,0,888,232.61998653605266,174.3062504965137
learned_top1,17991,0,999,227.8923724497172,173.30614835727326
learned_top1,24457,4,123,234.97115145734537,175.04304269336737
learned_top1,24457,4,2026,234.26184725161514,176.84543299036812
learned_top1,24457,4,31415,242.31521692957858,176.48508951369533
learned_top1,24457,4,42,236.55483370517155,176.0968535186182
learned_top1,24457,4,5150,238.60610555588295,177.04791180256652
learned_top1,24457,4,60486,239.69808849379598,174.8670242421746
learned_top1,24457,4,7,237.1957416205235,178.55483051674082
learned_top1,24457,4,777,238.37204403655255,178.21775233243338
learned_top1,24457,4,888,243.44428646539563,177.20943631208394
learned_top1,24457,4,999,238.0022810549888,177.9418012941478
learned_top1,42487,8,123,242.0321459250506,181.88396927194438
learned_top1,42487,8,2026,234.58784717548733,180.9426145308762
learned_top1,42487,8,31415,241.04283608638917,183.33598339127226
learned_top1,42487,8,42,241.0723799068942,177.39671771459817
learned_top1,42487,8,5150,237.78418685002543,182.02048752357211
learned_top1,42487,8,60486,241.98508458966555,179.67836589378012
learned_top1,42487,8,7,233.903747038563,178.91316055855816
learned_top1,42487,8,777,242.03502537120775,178.82786558607313
learned_top1,42487,8,888,237.49951973342212,182.30388653511994
learned_top1,42487,8,999,238.0800733272976,179.54215892639775
learned_top1_aux0,24457,4,123,235.37265031446424,174.17934970846787
learned_top1_aux0,24457,4,2026,236.55042324443374,173.11725641043617
learned_top1_aux0,24457,4,31415,239.74052715599387,176.61488317762564
learned_top1_aux0,24457,4,42,235.49577349033885,174.60671678076633
learned_top1_aux0,24457,4,5150,236.67394249224157,174.85065459458608
learned_top1_aux0,24457,4,60486,237.84861598337588,175.3463922541256
learned_top1_aux0,24457,4,7,239.3192555688231,176.70089557070358
learned_top1_aux0,24457,4,777,233.92492821003648,176.60596211142405
learned_top1_aux0,24457,4,888,241.92052372717194,176.09273482639037
learned_top1_aux0,24457,4,999,239.53792746913638,172.80784436203356
learned_top1_aux0,42487,8,123,235.70048126403796,175.8928228449714
learned_top1_aux0,42487,8,2026,227.62859730836382,172.58653193142194
learned_top1_aux0,42487,8,31415,232.4454042250124,168.48036957186972
learned_top1_aux0,42487,8,42,237.4065655896515,176.73977798226343
learned_top1_aux0,42487,8,5150,234.00146185305078,176.62031416633843
learned_top1_aux0,42487,8,60486,242.41408235589114,180.4622696156876
learned_top1_aux0,42487,8,7,236.42853162838296,181.88294528916126
learned_top1_aux0,42487,8,777,239.162772731761,178.69889306045891
learned_top1_aux0,42487,8,888,239.0264062539569,179.43763075921112
learned_top1_aux0,42487,8,999,239.13196237501603,176.53541126581743
random,17991,0,123,230.89810635633793,176.14173071455502
random,17991,0,2026,233.67500057163446,176.7237315510646
random,17991,0,31415,230.16593267337566,174.5897201842598
random,17991,0,42,235.738988157081,175.6664684774094
random,17991,0,5150,230.87208054995472,173.496369857445
random,17991,0,60486,228.8520655063383,173.61326987810324
random,17991,0,7,232.43939386974014,175.82759291747442
random,17991,0,777,230.0834898138807,171.9543017250654
random,17991,0,888,233.81765020617274,176.35579332593616
random,17991,0,999,227.1943687887307,172.34160517620847
random,24457,4,123,238.2736059481157,178.16110339324402
random,24457,4,2026,239.71961378603416,176.0356546066513
random,24457,4,31415,238.79154874355538,176.5899356131621
random,24457,4,42,240.19356525224094,176.77675143423298
random,24457,4,5150,235.92926206180448,176.36140927277964
random,24457,4,60486,238.40318158714598,177.476304282191
random,24457,4,7,244.05215675491976,176.75102955297584
random,24457,4,777,237.79424682600614,176.68531144286564
random,24457,4,888,233.38253227697973,177.7770668146061
random,24457,4,999,243.2030123849205,178.41276144633838
random,42487,8,123,203.8963977939913,180.63459363324122
random,42487,8,2026,232.34997594512546,176.07023436936316
random,42487,8,31415,190.87790230221526,183.03098238396336
random,42487,8,42,248.14500040072198,181.0810862452013
random,42487,8,5150,223.73008257235085,185.94389679140758
random,42487,8,60486,196.64317721348695,183.7034233223892
random,42487,8,7,240.286234721952,183.7964332468578
random,42487,8,777,192.70064879998847,186.87661506579767
random,42487,8,888,188.6922924455504,181.56780875280882
random,42487,8,999,194.1004447280401,183.6485025651568
round_robin,17991,0,123,230.89810635633793,176.14173071455502
round_robin,17991,0,2026,233.67500057163446,176.7237315510646
round_robin,17991,0,31415,230.16593267337566,174.5897201842598
round_robin,17991,0,42,235.738988157081,175.6664684774094
round_robin,17991,0,5150,230.87208054995472,173.496369857445
round_robin,17991,0,60486,228.8520655063383,173.61326987810324
round_robin,17991,0,7,231.52308802710803,175.9660303431687
round_robin,17991,0,777,230.0834898138807,171.9543017250654
round_robin,17991,0,888,233.81765020617274,176.35579332593616
round_robin,17991,0,999,227.1943687887307,172.34160517620847
round_robin,24457,4,123,233.1261854219207,175.1967834871818
round_robin,24457,4,2026,237.34694867161457,177.29154321491066
round_robin,24457,4,31415,233.76813103450166,177.65737597445695
round_robin,24457,4,42,233.58138306774813,176.87763446220683
round_robin,24457,4,5150,235.44918305395566,174.75491903864034
round_robin,24457,4,60486,230.14205877328297,177.00989714639408
round_robin,24457,4,7,237.49150681667456,176.14684788289074
round_robin,24457,4,777,236.95320494922262,175.97636885286366
round_robin,24457,4,888,232.5531177283081,173.56511988462265
round_robin,24457,4,999,234.52517153619326,176.47165498293077
round_robin,42487,8,123,190.59600023832365,181.57091177390762
round_robin,42487,8,2026,230.48669725699835,181.3512035259484
round_robin,42487,8,31415,184.24640014647395,184.24640014647395
round_robin,42487,8,42,185.00204270179634,185.00204270179634
round_robin,42487,8,5150,179.87506261259406,179.87506261259406
round_robin,42487,8,60486,189.18565497884714,189.18565497884714
round_robin,42487,8,7,187.13357731102883,187.13357731102883
round_robin,42487,8,777,187.5668702922784,187.5668702922784
round_robin,42487,8,888,186.63027987720122,179.80175046212094
round_robin,42487,8,999,190.3012861986144,181.99984919497686
gatedmoe_base,17991,0,123,230.89810635633793,176.14173071455502
gatedmoe_base,17991,0,2026,233.67500057163446,176.7237315510646
gatedmoe_base,17991,0,31415,230.16593267337566,174.5897201842598
gatedmoe_base,17991,0,42,235.738988157081,175.6664684774094
gatedmoe_base,17991,0,5150,230.87208054995472,173.496369857445
gatedmoe_base,17991,0,60486,228.8520655063383,173.61326987810324
gatedmoe_base,17991,0,7,232.43939386974014,175.82759291747442
gatedmoe_base,17991,0,777,230.0834898138807,171.9543017250654
gatedmoe_base,17991,0,888,233.81765020617274,176.35579332593616
gatedmoe_base,17991,0,999,227.1943687887307,172.34160517620847
gatedmoe_base,24457,4,123,233.0534082234944,174.80936347986415
gatedmoe_base,24457,4,2026,237.47698147728553,177.5253913455307
gatedmoe_base,24457,4,31415,233.80728815041553,177.65547170749943
gatedmoe_base,24457,4,42,233.75995644756634,176.8201659071247
gatedmoe_base,24457,4,5150,235.61930662489374,174.11703247837448
gatedmoe_base,24457,4,60486,230.2947913665495,175.49079916224213
gatedmoe_base,24457,4,7,237.6401599663441,175.46466254465585
gatedmoe_base,24457,4,777,237.28683708615247,176.08773847469297
gatedmoe_base,24457,4,888,232.4624479154827,173.47461266387822
gatedmoe_base,24457,4,999,234.45513486882032,176.165247625132
gatedmoe_base,42487,8,123,190.67873340740525,181.47617386210314
gatedmoe_base,42487,8,2026,230.2955739016652,181.6476791339756
gatedmoe_base,42487,8,31415,184.29830275735944,184.29830275735944
gatedmoe_base,42487,8,42,184.98310691594435,184.98310691594435
gatedmoe_base,42487,8,5150,179.89685195739818,179.89685195739818
gatedmoe_base,42487,8,60486,189.1101227271649,189.1101227271649
gatedmoe_base,42487,8,7,187.09237004961497,187.09237004961497
gatedmoe_base,42487,8,777,187.5862434477161,187.5862434477161
gatedmoe_base,42487,8,888,186.70301043717882,179.85885404396043
gatedmoe_base,42487,8,999,190.3723281327289,182.08403337670916
gatedmoe_g,17991,0,123,230.89810635633793,176.14173071455502
gatedmoe_g,17991,0,2026,233.67500057163446,176.7237315510646
gatedmoe_g,17991,0,31415,230.16593267337566,174.5897201842598
gatedmoe_g,17991,0,42,235.738988157081,175.6664684774094
gatedmoe_g,17991,0,5150,230.87208054995472,173.496369857445
gatedmoe_g,17991,0,60486,228.8520655063383,173.61326987810324
gatedmoe_g,17991,0,7,232.43939386974014,175.82759291747442
gatedmoe_g,17991,0,777,230.0834898138807,171.9543017250654
gatedmoe_g,17991,0,888,233.81765020617274,176.35579332593616
gatedmoe_g,17991,0,999,227.1943687887307,172.34160517620847
gatedmoe_g,24457,4,123,233.87206977927758,175.5420036474143
gatedmoe_g,24457,4,2026,240.7079025036868,175.78563226925513
gatedmoe_g,24457,4,31415,227.44157643727698,174.41874301739938
gatedmoe_g,24457,4,42,234.306078060818,177.7859964579109
gatedmoe_g,24457,4,5150,233.47207720362306,175.96456867272647
gatedmoe_g,24457,4,60486,232.91364299465832,176.93035241595575
gatedmoe_g,24457,4,7,233.22744534658548,177.24293557947993
gatedmoe_g,24457,4,777,230.12897791859908,177.20517940721516
gatedmoe_g,24457,4,888,238.67056803370534,179.54258842763917
gatedmoe_g,24457,4,999,234.7670630016825,174.41289610128757
gatedmoe_g,42487,8,123,200.45069778403217,179.88725910182274
gatedmoe_g,42487,8,2026,240.01828946689082,179.51528225034565
gatedmoe_g,42487,8,31415,187.14009962680282,187.14009962680282
gatedmoe_g,42487,8,42,187.161708577697,187.161708577697
gatedmoe_g,42487,8,5150,186.34828001622753,182.5835726096541
gatedmoe_g,42487,8,60486,188.60095087098026,177.9990388300408
gatedmoe_g,42487,8,7,224.55814303989533,179.66186980682835
gatedmoe_g,42487,8,777,188.1912275605112,181.83689024575048
gatedmoe_g,42487,8,888,186.6595277150605,181.71126084663456
gatedmoe_g,42487,8,999,194.4965093630276,176.89022027004285
