grid,method,F,n,final_mean,final_sd,bestval_mean,bestval_sd,final_cell,bestval_cell
e6lm,learned_top1,0,3,232.02797359147613,2.1633635912253477,173.2119504963558,1.1633014415075924,232.0$\pm$2.2,173.2$\pm$1.2
e6lm,learned_top1,4,3,235.71454245778372,0.685339185278514,176.15701947493713,0.6603787945542472,235.7$\pm$0.7,176.2$\pm$0.7
e6lm,learned_top1,8,3,236.73195848581244,1.4059440310986167,179.2141523334253,1.0820008544171271,236.7$\pm$1.4,179.2$\pm$1.1
e6lm,random,0,3,232.1921082956367,1.173515439789085,174.47386484533695,0.5956211469936158,232.2$\pm$1.2,174.5$\pm$0.6
e6lm,random,4,3,240.97667241890312,2.781085286835909,175.78932613042943,0.996979990411245,241.0$\pm$2.8,175.8$\pm$1.0
e6lm,random,8,3,230.87118433435992,24.95406976741358,180.44439001587875,1.086521696783861,230.9$\pm$25.0,180.4$\pm$1.1
e6lm,round_robin,0,3,231.58607563026058,2.2878668768568775,174.0854673617428,0.7135206090405213,231.6$\pm$2.3,174.1$\pm$0.7
e6lm,round_robin,4,3,241.56780735101998,4.1045196359735625,177.2583097209787,1.0988915723498531,241.6$\pm$4.1,177.3$\pm$1.1
e6lm,round_robin,8,3,187.124221618462,2.536280263675551,183.1716400739555,1.565727053551756,187.1$\pm$2.5,183.2$\pm$1.6
e6lm,gatedmoe_base,0,3,231.58607563026058,2.2878668768568775,174.0854673617428,0.7135206090405213,231.6$\pm$2.3,174.1$\pm$0.7
e6lm,gatedmoe_base,4,3,234.46585466103463,4.236415993754064,175.4597453458326,1.688180940820114,234.5$\pm$4.2,175.5$\pm$1.7
e6lm,gatedmoe_base,8,3,186.93160429971547,2.4245768710614843,183.2137944563258,1.5215543351953587,186.9$\pm$2.4,183.2$\pm$1.5
e6lm,gatedmoe_g,0,3,231.58607563026058,2.2878668768568775,174.0854673617428,0.7135206090405213,231.6$\pm$2.3,174.1$\pm$0.7
e6lm,gatedmoe_g,4,3,232.99946561703644,0.6473480731028747,175.26819495021675,1.4882461961807472,233.0$\pm$0.6,175.3$\pm$1.5
e6lm,gatedmoe_g,8,3,203.32669557218932,19.18776120610018,181.90812591589892,4.22403029577123,203.3$\pm$19.2,181.9$\pm$4.2
e6lm2,cycle_shuffle,8,10,193.96511193367817,16.864966815367453,181.360511217931,2.735678713767359,194.0$\pm$16.9,181.4$\pm$2.7
e6lm2,fixed_cadence_random,4,10,244.02234154388657,3.9542720193657437,178.2916984637672,1.2327411446874752,244.0$\pm$4.0,178.3$\pm$1.2
e6lm2,fixed_cadence_random,8,10,190.30146025936827,15.545303104781704,183.94442802520865,3.1759330733363798,190.3$\pm$15.5,183.9$\pm$3.2
e6lm2,learned_top1,0,10,231.62963998737536,2.1502007839501696,174.17993639123318,1.4642845685630255,231.6$\pm$2.2,174.2$\pm$1.5
e6lm2,learned_top1,4,10,238.342159657085,2.9128633684341865,176.8309175216196,1.2486278442507701,238.3$\pm$2.9,176.8$\pm$1.2
e6lm2,learned_top1,8,10,239.0022846004003,3.087586220217586,180.4845209932192,1.8931035450181777,239.0$\pm$3.1,180.5$\pm$1.9
e6lm2,learned_top1_aux0,4,10,237.63845676560163,2.4689495609053735,175.09226897965593,1.4340944288743733,237.6$\pm$2.5,175.1$\pm$1.4
e6lm2,learned_top1_aux0,8,10,236.33462655851244,4.189320073159905,176.73369664872013,3.911037600154219,236.3$\pm$4.2,176.7$\pm$3.9
e6lm2,random,0,10,231.37370764932461,2.557927254814855,174.67105838075216,1.7274140593489578,231.4$\pm$2.6,174.7$\pm$1.7
e6lm2,random,4,10,238.97427256217225,3.1356716854359754,177.10273278590472,0.8018023027445521,239.0$\pm$3.1,177.1$\pm$0.8
e6lm2,random,8,10,211.1422156923423,22.692833427547395,182.63535763761868,3.041670934737768,211.1$\pm$22.7,182.6$\pm$3.0
e6lm2,round_robin,0,10,231.2820770650614,2.5317888341267714,174.6849021233216,1.7382333863455968,231.3$\pm$2.5,174.7$\pm$1.7
e6lm2,round_robin,4,10,234.4936891053422,2.357552548237651,176.09481449270984,1.2685871979739556,234.5$\pm$2.4,176.1$\pm$1.3
e6lm2,round_robin,8,10,191.10238716141563,14.197881634458422,183.77333229999724,3.358926935101942,191.1$\pm$14.2,183.8$\pm$3.4
e6lm2,gatedmoe_base,0,10,231.37370764932461,2.557927254814855,174.67105838075216,1.7274140593489578,231.4$\pm$2.6,174.7$\pm$1.7
e6lm2,gatedmoe_base,4,10,234.58563121270043,2.41813880475602,175.76104853889944,1.378031573125747,234.6$\pm$2.4,175.8$\pm$1.4
e6lm2,gatedmoe_base,8,10,191.1016643734176,14.133846931781145,183.80337382719463,3.3126871892266,191.1$\pm$14.1,183.8$\pm$3.3
e6lm2,gatedmoe_g,0,10,231.37370764932461,2.557927254814855,174.67105838075216,1.7274140593489578,231.4$\pm$2.6,174.7$\pm$1.7
e6lm2,gatedmoe_g,4,10,233.9507401279913,3.7644208389287432,176.48308959962839,1.5827228426936981,234.0$\pm$3.8,176.5$\pm$1.6
e6lm2,gatedmoe_g,8,10,198.36254340211252,18.77399687846786,181.43872021656193,3.4734857630280014,198.4$\pm$18.8,181.4$\pm$3.5
e6lmd256,fixed_cadence_random,63462,10,185.2208822636802,5.031432623184459,182.33180202884623,2.9351376216665246,185.2$\pm$5.0,182.3$\pm$2.9
e6lmd256,learned_top1,63462,10,193.30825567694154,8.55327910790446,174.1599441210017,2.30372060558263,193.3$\pm$8.6,174.2$\pm$2.3
e6lmd256,random,63462,10,188.2444583202061,6.814343680880343,179.72265194604446,6.081128096543489,188.2$\pm$6.8,179.7$\pm$6.1
e6lmd256,round_robin,63462,10,187.7166913288919,4.367865398660104,179.17437716559505,3.4543816455307295,187.7$\pm$4.4,179.2$\pm$3.5
