grid,dataset,cell,pair,n_seeds,mean_diff,sd_diff,category,unresolved_reason,ci_halfwidth
e1,c10,B13322k,learned_top1|random,10,0.00039,0.00316,equivalent,,0.00226
e1,c10,B13322k,learned_top1|round_robin,10,0.00042,0.00238,equivalent,,0.0017
e1,c10,B13322k,learned_top1|gatedmoe_base,10,0.00042,0.00238,equivalent,,0.0017
e1,c10,B13322k,learned_top1|gatedmoe_g,10,0.0012,0.0039,unresolved,wide-CI,0.00279
e1,c10,B13322k,random|round_robin,10,3e-05,0.00257,equivalent,,0.00184
e1,c10,B13322k,random|gatedmoe_base,10,3e-05,0.00257,equivalent,,0.00184
e1,c10,B13322k,random|gatedmoe_g,10,0.00081,0.0025,equivalent,,0.00179
e1,c10,B13322k,round_robin|gatedmoe_base,10,0.0,0.0,equivalent,,0.0
e1,c10,B13322k,round_robin|gatedmoe_g,10,0.00078,0.00263,equivalent,,0.00188
e1,c10,B13322k,gatedmoe_base|gatedmoe_g,10,0.00078,0.00263,equivalent,,0.00188
e1,c10,B17350k,learned_top1|random,10,-0.00121,0.00495,unresolved,wide-CI,0.00354
e1,c10,B17350k,learned_top1|round_robin,10,4e-05,0.00538,unresolved,wide-CI,0.00385
e1,c10,B17350k,learned_top1|gatedmoe_base,10,4e-05,0.00538,unresolved,wide-CI,0.00385
e1,c10,B17350k,learned_top1|gatedmoe_g,10,0.00051,0.00436,unresolved,wide-CI,0.00312
e1,c10,B17350k,random|round_robin,10,0.00125,0.00374,equivalent,,0.00268
e1,c10,B17350k,random|gatedmoe_base,10,0.00125,0.00374,equivalent,,0.00268
e1,c10,B17350k,random|gatedmoe_g,10,0.00172,0.00346,unresolved,wide-CI,0.00247
e1,c10,B17350k,round_robin|gatedmoe_base,10,0.0,0.0,equivalent,,0.0
e1,c10,B17350k,round_robin|gatedmoe_g,10,0.00047,0.00209,equivalent,,0.00149
e1,c10,B17350k,gatedmoe_base|gatedmoe_g,10,0.00047,0.00209,equivalent,,0.00149
e1,c10,B3907k,learned_top1|random,10,0.00044,0.00489,unresolved,wide-CI,0.0035
e1,c10,B3907k,learned_top1|round_robin,10,0.00044,0.00489,unresolved,wide-CI,0.0035
e1,c10,B3907k,learned_top1|gatedmoe_base,10,0.00044,0.00489,unresolved,wide-CI,0.0035
e1,c10,B3907k,learned_top1|gatedmoe_g,10,0.00044,0.00489,unresolved,wide-CI,0.0035
e1,c10,B3907k,random|round_robin,10,0.0,0.0,equivalent,,0.0
e1,c10,B3907k,random|gatedmoe_base,10,0.0,0.0,equivalent,,0.0
e1,c10,B3907k,random|gatedmoe_g,10,0.0,0.0,equivalent,,0.0
e1,c10,B3907k,round_robin|gatedmoe_base,10,0.0,0.0,equivalent,,0.0
e1,c10,B3907k,round_robin|gatedmoe_g,10,0.0,0.0,equivalent,,0.0
e1,c10,B3907k,gatedmoe_base|gatedmoe_g,10,0.0,0.0,equivalent,,0.0
e1,c10,B5748k,learned_top1|random,10,-0.00147,0.0046,unresolved,wide-CI,0.00329
e1,c10,B5748k,learned_top1|round_robin,10,-0.00147,0.0046,unresolved,wide-CI,0.00329
e1,c10,B5748k,learned_top1|gatedmoe_base,10,-0.00164,0.00482,unresolved,wide-CI,0.00345
e1,c10,B5748k,learned_top1|gatedmoe_g,10,-0.00147,0.0046,unresolved,wide-CI,0.00329
e1,c10,B5748k,random|round_robin,10,0.0,0.0,equivalent,,0.0
e1,c10,B5748k,random|gatedmoe_base,10,-0.00017,0.00054,equivalent,,0.00039
e1,c10,B5748k,random|gatedmoe_g,10,0.0,0.0,equivalent,,0.0
e1,c10,B5748k,round_robin|gatedmoe_base,10,-0.00017,0.00054,equivalent,,0.00039
e1,c10,B5748k,round_robin|gatedmoe_g,10,0.0,0.0,equivalent,,0.0
e1,c10,B5748k,gatedmoe_base|gatedmoe_g,10,0.00017,0.00054,equivalent,,0.00039
e1,c10,B6100k,learned_top1|random,10,0.00032,0.00352,equivalent,,0.00252
e1,c10,B6100k,learned_top1|round_robin,10,0.00168,0.00434,unresolved,wide-CI,0.0031
e1,c10,B6100k,learned_top1|gatedmoe_base,10,0.00168,0.00434,unresolved,wide-CI,0.0031
e1,c10,B6100k,learned_top1|gatedmoe_g,10,0.00168,0.00434,unresolved,wide-CI,0.0031
e1,c10,B6100k,random|round_robin,10,0.00136,0.00472,equivalent,,0.00338
e1,c10,B6100k,random|gatedmoe_base,10,0.00136,0.00472,equivalent,,0.00338
e1,c10,B6100k,random|gatedmoe_g,10,0.00136,0.00472,unresolved,wide-CI,0.00338
e1,c10,B6100k,round_robin|gatedmoe_base,10,0.0,0.0,equivalent,,0.0
e1,c10,B6100k,round_robin|gatedmoe_g,10,0.0,0.0,equivalent,,0.0
e1,c10,B6100k,gatedmoe_base|gatedmoe_g,10,0.0,0.0,equivalent,,0.0
e1,c10,B6629k,learned_top1|random,10,0.0005,0.00471,unresolved,wide-CI,0.00337
e1,c10,B6629k,learned_top1|round_robin,10,-0.00022,0.00279,equivalent,,0.002
e1,c10,B6629k,learned_top1|gatedmoe_base,10,-0.00022,0.00279,equivalent,,0.002
e1,c10,B6629k,learned_top1|gatedmoe_g,10,-0.00113,0.00282,equivalent,,0.00202
e1,c10,B6629k,random|round_robin,10,-0.00072,0.00478,equivalent,,0.00342
e1,c10,B6629k,random|gatedmoe_base,10,-0.00072,0.00478,equivalent,,0.00342
e1,c10,B6629k,random|gatedmoe_g,10,-0.00163,0.00396,unresolved,wide-CI,0.00283
e1,c10,B6629k,round_robin|gatedmoe_base,10,0.0,0.0,equivalent,,0.0
e1,c10,B6629k,round_robin|gatedmoe_g,10,-0.00091,0.00254,equivalent,,0.00182
e1,c10,B6629k,gatedmoe_base|gatedmoe_g,10,-0.00091,0.00254,equivalent,,0.00182
e1,c10,B7333k,learned_top1|random,10,0.00052,0.00511,unresolved,wide-CI,0.00366
e1,c10,B7333k,learned_top1|round_robin,10,0.00115,0.0045,unresolved,wide-CI,0.00322
e1,c10,B7333k,learned_top1|gatedmoe_base,10,0.00115,0.0045,unresolved,wide-CI,0.00322
e1,c10,B7333k,learned_top1|gatedmoe_g,10,0.00216,0.00437,unresolved,wide-CI,0.00313
e1,c10,B7333k,random|round_robin,10,0.00063,0.00332,equivalent,,0.00237
e1,c10,B7333k,random|gatedmoe_base,10,0.00063,0.00332,equivalent,,0.00237
e1,c10,B7333k,random|gatedmoe_g,10,0.00164,0.00292,equivalent,,0.00209
e1,c10,B7333k,round_robin|gatedmoe_base,10,0.0,0.0,equivalent,,0.0
e1,c10,B7333k,round_robin|gatedmoe_g,10,0.00101,0.00303,equivalent,,0.00217
e1,c10,B7333k,gatedmoe_base|gatedmoe_g,10,0.00101,0.00303,equivalent,,0.00217
e1,c10,B8390k,learned_top1|random,10,-0.00161,0.00268,equivalent,,0.00192
e1,c10,B8390k,learned_top1|round_robin,10,-0.00167,0.00293,equivalent,,0.0021
e1,c10,B8390k,learned_top1|gatedmoe_base,10,-0.00167,0.00293,equivalent,,0.0021
e1,c10,B8390k,learned_top1|gatedmoe_g,10,-0.00066,0.00354,equivalent,,0.00253
e1,c10,B8390k,random|round_robin,10,-6e-05,0.00316,equivalent,,0.00226
e1,c10,B8390k,random|gatedmoe_base,10,-6e-05,0.00316,equivalent,,0.00226
e1,c10,B8390k,random|gatedmoe_g,10,0.00095,0.00389,equivalent,,0.00278
e1,c10,B8390k,round_robin|gatedmoe_base,10,0.0,0.0,equivalent,,0.0
e1,c10,B8390k,round_robin|gatedmoe_g,10,0.00101,0.00501,equivalent,,0.00358
e1,c10,B8390k,gatedmoe_base|gatedmoe_g,10,0.00101,0.00501,equivalent,,0.00358
e1,c10,B9799k,learned_top1|random,10,-0.00166,0.00396,unresolved,wide-CI,0.00283
e1,c10,B9799k,learned_top1|round_robin,10,-0.00112,0.0039,unresolved,wide-CI,0.00279
e1,c10,B9799k,learned_top1|gatedmoe_base,10,-0.00112,0.0039,unresolved,wide-CI,0.00279
e1,c10,B9799k,learned_top1|gatedmoe_g,10,-0.00087,0.00584,unresolved,wide-CI,0.00418
e1,c10,B9799k,random|round_robin,10,0.00054,0.00459,equivalent,,0.00328
e1,c10,B9799k,random|gatedmoe_base,10,0.00054,0.00459,equivalent,,0.00328
e1,c10,B9799k,random|gatedmoe_g,10,0.00079,0.00568,unresolved,wide-CI,0.00406
e1,c10,B9799k,round_robin|gatedmoe_base,10,0.0,0.0,equivalent,,0.0
e1,c10,B9799k,round_robin|gatedmoe_g,10,0.00025,0.00331,equivalent,,0.00237
e1,c10,B9799k,gatedmoe_base|gatedmoe_g,10,0.00025,0.00331,equivalent,,0.00237
e1,c100,B13322k,learned_top1|random,10,0.00064,0.00277,equivalent,,0.00198
e1,c100,B13322k,learned_top1|round_robin,10,0.00108,0.00584,unresolved,wide-CI,0.00418
e1,c100,B13322k,learned_top1|gatedmoe_base,10,0.00108,0.00584,unresolved,wide-CI,0.00418
e1,c100,B13322k,learned_top1|gatedmoe_g,10,0.00127,0.00393,unresolved,wide-CI,0.00281
e1,c100,B13322k,random|round_robin,10,0.00044,0.0046,equivalent,,0.00329
e1,c100,B13322k,random|gatedmoe_base,10,0.00044,0.0046,equivalent,,0.00329
e1,c100,B13322k,random|gatedmoe_g,10,0.00063,0.003,equivalent,,0.00215
e1,c100,B13322k,round_robin|gatedmoe_base,10,0.0,0.0,equivalent,,0.0
e1,c100,B13322k,round_robin|gatedmoe_g,10,0.00019,0.00398,equivalent,,0.00285
e1,c100,B13322k,gatedmoe_base|gatedmoe_g,10,0.00019,0.00398,equivalent,,0.00285
e1,c100,B17350k,learned_top1|random,10,0.00087,0.0037,equivalent,,0.00265
e1,c100,B17350k,learned_top1|round_robin,10,0.00124,0.00336,equivalent,,0.0024
e1,c100,B17350k,learned_top1|gatedmoe_base,10,0.00131,0.00321,equivalent,,0.0023
e1,c100,B17350k,learned_top1|gatedmoe_g,10,-0.00025,0.0025,equivalent,,0.00179
e1,c100,B17350k,random|round_robin,10,0.00037,0.00249,equivalent,,0.00178
e1,c100,B17350k,random|gatedmoe_base,10,0.00044,0.00251,equivalent,,0.0018
e1,c100,B17350k,random|gatedmoe_g,10,-0.00112,0.00269,equivalent,,0.00192
e1,c100,B17350k,round_robin|gatedmoe_base,10,7e-05,0.00022,equivalent,,0.00016
e1,c100,B17350k,round_robin|gatedmoe_g,10,-0.00149,0.00187,equivalent,,0.00134
e1,c100,B17350k,gatedmoe_base|gatedmoe_g,10,-0.00156,0.0018,equivalent,,0.00129
e1,c100,B3907k,learned_top1|random,10,-0.00082,0.00308,equivalent,,0.0022
e1,c100,B3907k,learned_top1|round_robin,10,-0.00082,0.00308,equivalent,,0.0022
e1,c100,B3907k,learned_top1|gatedmoe_base,10,-0.00082,0.00308,equivalent,,0.0022
e1,c100,B3907k,learned_top1|gatedmoe_g,10,-0.00082,0.00308,equivalent,,0.0022
e1,c100,B3907k,random|round_robin,10,0.0,0.0,equivalent,,0.0
e1,c100,B3907k,random|gatedmoe_base,10,0.0,0.0,equivalent,,0.0
e1,c100,B3907k,random|gatedmoe_g,10,0.0,0.0,equivalent,,0.0
e1,c100,B3907k,round_robin|gatedmoe_base,10,0.0,0.0,equivalent,,0.0
e1,c100,B3907k,round_robin|gatedmoe_g,10,0.0,0.0,equivalent,,0.0
e1,c100,B3907k,gatedmoe_base|gatedmoe_g,10,0.0,0.0,equivalent,,0.0
e1,c100,B5748k,learned_top1|random,10,-0.00175,0.00473,unresolved,wide-CI,0.00338
e1,c100,B5748k,learned_top1|round_robin,10,-0.00175,0.00473,unresolved,wide-CI,0.00338
e1,c100,B5748k,learned_top1|gatedmoe_base,10,-0.00175,0.00473,unresolved,wide-CI,0.00338
e1,c100,B5748k,learned_top1|gatedmoe_g,10,-0.00175,0.00473,unresolved,wide-CI,0.00338
e1,c100,B5748k,random|round_robin,10,0.0,0.0,equivalent,,0.0
e1,c100,B5748k,random|gatedmoe_base,10,0.0,0.0,equivalent,,0.0
e1,c100,B5748k,random|gatedmoe_g,10,0.0,0.0,equivalent,,0.0
e1,c100,B5748k,round_robin|gatedmoe_base,10,0.0,0.0,equivalent,,0.0
e1,c100,B5748k,round_robin|gatedmoe_g,10,0.0,0.0,equivalent,,0.0
e1,c100,B5748k,gatedmoe_base|gatedmoe_g,10,0.0,0.0,equivalent,,0.0
e1,c100,B6100k,learned_top1|random,10,-0.00024,0.00454,unresolved,wide-CI,0.00325
e1,c100,B6100k,learned_top1|round_robin,10,-0.00119,0.00131,equivalent,,0.00094
e1,c100,B6100k,learned_top1|gatedmoe_base,10,-0.00119,0.00131,equivalent,,0.00094
e1,c100,B6100k,learned_top1|gatedmoe_g,10,-0.00119,0.00131,equivalent,,0.00094
e1,c100,B6100k,random|round_robin,10,-0.00095,0.00413,equivalent,,0.00295
e1,c100,B6100k,random|gatedmoe_base,10,-0.00095,0.00413,equivalent,,0.00295
e1,c100,B6100k,random|gatedmoe_g,10,-0.00095,0.00413,unresolved,wide-CI,0.00295
e1,c100,B6100k,round_robin|gatedmoe_base,10,0.0,0.0,equivalent,,0.0
e1,c100,B6100k,round_robin|gatedmoe_g,10,0.0,0.0,equivalent,,0.0
e1,c100,B6100k,gatedmoe_base|gatedmoe_g,10,0.0,0.0,equivalent,,0.0
e1,c100,B6629k,learned_top1|random,10,0.0023,0.00545,unresolved,wide-CI,0.0039
e1,c100,B6629k,learned_top1|round_robin,10,0.00211,0.00517,unresolved,wide-CI,0.0037
e1,c100,B6629k,learned_top1|gatedmoe_base,10,0.00211,0.00517,unresolved,wide-CI,0.0037
e1,c100,B6629k,learned_top1|gatedmoe_g,10,-0.00104,0.00454,unresolved,wide-CI,0.00325
e1,c100,B6629k,random|round_robin,10,-0.00019,0.00393,equivalent,,0.00281
e1,c100,B6629k,random|gatedmoe_base,10,-0.00019,0.00393,equivalent,,0.00281
e1,c100,B6629k,random|gatedmoe_g,10,-0.00334,0.00403,unresolved,near-margin-mean,0.00288
e1,c100,B6629k,round_robin|gatedmoe_base,10,0.0,0.0,equivalent,,0.0
e1,c100,B6629k,round_robin|gatedmoe_g,10,-0.00315,0.00376,unresolved,near-margin-mean,0.00269
e1,c100,B6629k,gatedmoe_base|gatedmoe_g,10,-0.00315,0.00376,unresolved,near-margin-mean,0.00269
e1,c100,B7333k,learned_top1|random,10,0.00258,0.00326,unresolved,near-margin-mean,0.00233
e1,c100,B7333k,learned_top1|round_robin,10,0.00279,0.00285,unresolved,near-margin-mean,0.00204
e1,c100,B7333k,learned_top1|gatedmoe_base,10,0.00279,0.00285,unresolved,near-margin-mean,0.00204
e1,c100,B7333k,learned_top1|gatedmoe_g,10,0.00414,0.00467,unresolved,near-margin-mean,0.00334
e1,c100,B7333k,random|round_robin,10,0.00021,0.00313,equivalent,,0.00224
e1,c100,B7333k,random|gatedmoe_base,10,0.00021,0.00313,equivalent,,0.00224
e1,c100,B7333k,random|gatedmoe_g,10,0.00156,0.00359,unresolved,wide-CI,0.00257
e1,c100,B7333k,round_robin|gatedmoe_base,10,0.0,0.0,equivalent,,0.0
e1,c100,B7333k,round_robin|gatedmoe_g,10,0.00135,0.00394,equivalent,,0.00282
e1,c100,B7333k,gatedmoe_base|gatedmoe_g,10,0.00135,0.00394,equivalent,,0.00282
e1,c100,B8390k,learned_top1|random,10,-0.00197,0.00344,unresolved,wide-CI,0.00246
e1,c100,B8390k,learned_top1|round_robin,10,-0.00149,0.00376,unresolved,wide-CI,0.00269
e1,c100,B8390k,learned_top1|gatedmoe_base,10,-0.00149,0.00376,unresolved,wide-CI,0.00269
e1,c100,B8390k,learned_top1|gatedmoe_g,10,-0.00029,0.00387,equivalent,,0.00277
e1,c100,B8390k,random|round_robin,10,0.00048,0.00215,equivalent,,0.00154
e1,c100,B8390k,random|gatedmoe_base,10,0.00048,0.00215,equivalent,,0.00154
e1,c100,B8390k,random|gatedmoe_g,10,0.00168,0.00251,equivalent,,0.0018
e1,c100,B8390k,round_robin|gatedmoe_base,10,0.0,0.0,equivalent,,0.0
e1,c100,B8390k,round_robin|gatedmoe_g,10,0.0012,0.00247,equivalent,,0.00177
e1,c100,B8390k,gatedmoe_base|gatedmoe_g,10,0.0012,0.00247,equivalent,,0.00177
e1,c100,B9799k,learned_top1|random,10,-0.00059,0.00478,unresolved,wide-CI,0.00342
e1,c100,B9799k,learned_top1|round_robin,10,-0.00085,0.00337,equivalent,,0.00241
e1,c100,B9799k,learned_top1|gatedmoe_base,10,-0.00085,0.00337,equivalent,,0.00241
e1,c100,B9799k,learned_top1|gatedmoe_g,10,-0.00019,0.00544,unresolved,wide-CI,0.00389
e1,c100,B9799k,random|round_robin,10,-0.00026,0.00334,equivalent,,0.00239
e1,c100,B9799k,random|gatedmoe_base,10,-0.00026,0.00334,equivalent,,0.00239
e1,c100,B9799k,random|gatedmoe_g,10,0.0004,0.00606,unresolved,wide-CI,0.00433
e1,c100,B9799k,round_robin|gatedmoe_base,10,0.0,0.0,equivalent,,0.0
e1,c100,B9799k,round_robin|gatedmoe_g,10,0.00066,0.00499,equivalent,,0.00357
e1,c100,B9799k,gatedmoe_base|gatedmoe_g,10,0.00066,0.00499,equivalent,,0.00357
e4,c10,B1024k,learned_top1|random,10,0.00247,0.00666,unresolved,wide-CI,0.00476
e4,c10,B1024k,learned_top1|round_robin,10,-0.00164,0.00829,unresolved,wide-CI,0.00593
e4,c10,B1024k,learned_top1|gatedmoe_base,10,-0.00164,0.00829,unresolved,wide-CI,0.00593
e4,c10,B1024k,learned_top1|gatedmoe_g,10,-0.00165,0.00655,unresolved,wide-CI,0.00469
e4,c10,B1024k,random|round_robin,10,-0.00411,0.00652,unresolved,near-margin-mean,0.00466
e4,c10,B1024k,random|gatedmoe_base,10,-0.00411,0.00652,unresolved,near-margin-mean,0.00466
e4,c10,B1024k,random|gatedmoe_g,10,-0.00412,0.00692,unresolved,near-margin-mean,0.00495
e4,c10,B1024k,round_robin|gatedmoe_base,10,0.0,0.0,equivalent,,0.0
e4,c10,B1024k,round_robin|gatedmoe_g,10,-1e-05,0.0038,equivalent,,0.00272
e4,c10,B1024k,gatedmoe_base|gatedmoe_g,10,-1e-05,0.0038,equivalent,,0.00272
e4,c10,B192k,learned_top1|random,10,0.00069,0.00769,unresolved,wide-CI,0.0055
e4,c10,B192k,learned_top1|round_robin,10,0.00069,0.00769,unresolved,wide-CI,0.0055
e4,c10,B192k,learned_top1|gatedmoe_base,10,0.00069,0.00769,unresolved,wide-CI,0.0055
e4,c10,B192k,learned_top1|gatedmoe_g,10,0.00069,0.00769,unresolved,wide-CI,0.0055
e4,c10,B192k,random|round_robin,10,0.0,0.0,equivalent,,0.0
e4,c10,B192k,random|gatedmoe_base,10,0.0,0.0,equivalent,,0.0
e4,c10,B192k,random|gatedmoe_g,10,0.0,0.0,equivalent,,0.0
e4,c10,B192k,round_robin|gatedmoe_base,10,0.0,0.0,equivalent,,0.0
e4,c10,B192k,round_robin|gatedmoe_g,10,0.0,0.0,equivalent,,0.0
e4,c10,B192k,gatedmoe_base|gatedmoe_g,10,0.0,0.0,equivalent,,0.0
e4,c10,B2048k,learned_top1|random,20,0.00243,0.00618,unresolved,wide-CI,0.00289
e4,c10,B2048k,learned_top1|round_robin,20,7e-05,0.00679,equivalent,,0.00318
e4,c10,B2048k,learned_top1|gatedmoe_base,20,7e-05,0.00679,equivalent,,0.00318
e4,c10,B2048k,learned_top1|gatedmoe_g,20,-0.00095,0.00568,equivalent,,0.00266
e4,c10,B2048k,random|round_robin,20,-0.00236,0.00649,unresolved,wide-CI,0.00304
e4,c10,B2048k,random|gatedmoe_base,20,-0.00236,0.00649,unresolved,wide-CI,0.00304
e4,c10,B2048k,random|gatedmoe_g,20,-0.00338,0.00531,unresolved,near-margin-mean,0.00249
e4,c10,B2048k,round_robin|gatedmoe_base,20,0.0,0.0,equivalent,,0.0
e4,c10,B2048k,round_robin|gatedmoe_g,20,-0.00103,0.00445,equivalent,,0.00208
e4,c10,B2048k,gatedmoe_base|gatedmoe_g,20,-0.00103,0.00445,equivalent,,0.00208
e4,c10,B256k,learned_top1|random,10,0.00091,0.0042,equivalent,,0.003
e4,c10,B256k,learned_top1|round_robin,10,0.00174,0.00468,unresolved,wide-CI,0.00335
e4,c10,B256k,learned_top1|gatedmoe_base,10,0.00174,0.00468,unresolved,wide-CI,0.00335
e4,c10,B256k,learned_top1|gatedmoe_g,10,0.00174,0.00468,unresolved,wide-CI,0.00335
e4,c10,B256k,random|round_robin,10,0.00083,0.00487,equivalent,,0.00348
e4,c10,B256k,random|gatedmoe_base,10,0.00083,0.00487,equivalent,,0.00348
e4,c10,B256k,random|gatedmoe_g,10,0.00083,0.00487,equivalent,,0.00348
e4,c10,B256k,round_robin|gatedmoe_base,10,0.0,0.0,equivalent,,0.0
e4,c10,B256k,round_robin|gatedmoe_g,10,0.0,0.0,equivalent,,0.0
e4,c10,B256k,gatedmoe_base|gatedmoe_g,10,0.0,0.0,equivalent,,0.0
e4,c10,B320k,learned_top1|random,20,-0.00013,0.0053,equivalent,,0.00248
e4,c10,B320k,learned_top1|round_robin,20,0.00079,0.00462,equivalent,,0.00216
e4,c10,B320k,learned_top1|gatedmoe_base,20,0.00079,0.00462,equivalent,,0.00216
e4,c10,B320k,learned_top1|gatedmoe_g,20,0.00131,0.00757,unresolved,wide-CI,0.00354
e4,c10,B320k,random|round_robin,20,0.00093,0.0065,equivalent,,0.00304
e4,c10,B320k,random|gatedmoe_base,20,0.00093,0.0065,equivalent,,0.00304
e4,c10,B320k,random|gatedmoe_g,20,0.00144,0.00665,equivalent,,0.00311
e4,c10,B320k,round_robin|gatedmoe_base,20,0.0,0.0,equivalent,,0.0
e4,c10,B320k,round_robin|gatedmoe_g,20,0.00052,0.00719,equivalent,,0.00336
e4,c10,B320k,gatedmoe_base|gatedmoe_g,20,0.00052,0.00719,equivalent,,0.00336
e4,c10,B512k,learned_top1|random,20,0.0013,0.00609,equivalent,,0.00285
e4,c10,B512k,learned_top1|round_robin,20,0.00095,0.00562,equivalent,,0.00263
e4,c10,B512k,learned_top1|gatedmoe_base,20,0.00095,0.00562,equivalent,,0.00263
e4,c10,B512k,learned_top1|gatedmoe_g,20,0.0014,0.00658,unresolved,wide-CI,0.00308
e4,c10,B512k,random|round_robin,20,-0.00035,0.00733,equivalent,,0.00343
e4,c10,B512k,random|gatedmoe_base,20,-0.00035,0.00733,equivalent,,0.00343
e4,c10,B512k,random|gatedmoe_g,20,0.0001,0.00603,equivalent,,0.00282
e4,c10,B512k,round_robin|gatedmoe_base,20,0.0,0.0,equivalent,,0.0
e4,c10,B512k,round_robin|gatedmoe_g,20,0.00045,0.00576,equivalent,,0.0027
e4,c10,B512k,gatedmoe_base|gatedmoe_g,20,0.00045,0.00576,equivalent,,0.0027
s1,c100,m1v0,learned_top1|random,10,0.0,0.0,equivalent,,0.0
s1,c100,m1v0,learned_top1|round_robin,10,0.0,0.0,equivalent,,0.0
s1,c100,m1v0,learned_top1|gatedmoe_base,10,0.0,0.0,equivalent,,0.0
s1,c100,m1v0,random|round_robin,10,0.0,0.0,equivalent,,0.0
s1,c100,m1v0,random|gatedmoe_base,10,0.0,0.0,equivalent,,0.0
s1,c100,m1v0,round_robin|gatedmoe_base,10,0.0,0.0,equivalent,,0.0
s1,c100,m1v1,learned_top1|random,10,0.0,0.0,equivalent,,0.0
s1,c100,m1v1,learned_top1|round_robin,10,0.0,0.0,equivalent,,0.0
s1,c100,m1v1,learned_top1|gatedmoe_base,10,0.0,0.0,equivalent,,0.0
s1,c100,m1v1,random|round_robin,10,0.0,0.0,equivalent,,0.0
s1,c100,m1v1,random|gatedmoe_base,10,0.0,0.0,equivalent,,0.0
s1,c100,m1v1,round_robin|gatedmoe_base,10,0.0,0.0,equivalent,,0.0
s1,c100,m2v0,learned_top1|random,10,0.00214,0.00597,unresolved,wide-CI,0.00427
s1,c100,m2v0,learned_top1|round_robin,10,0.00046,0.00366,equivalent,,0.00262
s1,c100,m2v0,learned_top1|gatedmoe_base,10,-0.0003,0.00479,equivalent,,0.00343
s1,c100,m2v0,random|round_robin,10,-0.00168,0.00441,unresolved,wide-CI,0.00315
s1,c100,m2v0,random|gatedmoe_base,10,-0.00244,0.00385,unresolved,wide-CI,0.00275
s1,c100,m2v0,round_robin|gatedmoe_base,10,-0.00076,0.0024,equivalent,,0.00172
s1,c100,m2v1,learned_top1|random,10,-0.00036,0.00349,equivalent,,0.0025
s1,c100,m2v1,learned_top1|round_robin,10,-0.00056,0.00427,equivalent,,0.00305
s1,c100,m2v1,learned_top1|gatedmoe_base,10,-0.00056,0.00427,equivalent,,0.00305
s1,c100,m2v1,random|round_robin,10,-0.0002,0.00464,equivalent,,0.00332
s1,c100,m2v1,random|gatedmoe_base,10,-0.0002,0.00464,equivalent,,0.00332
s1,c100,m2v1,round_robin|gatedmoe_base,10,0.0,0.0,equivalent,,0.0
s1,c100,m3v0,learned_top1|random,10,-0.00133,0.00357,equivalent,,0.00255
s1,c100,m3v0,learned_top1|round_robin,10,0.00023,0.00565,equivalent,,0.00404
s1,c100,m3v0,learned_top1|gatedmoe_base,10,0.00023,0.00565,equivalent,,0.00404
s1,c100,m3v0,random|round_robin,10,0.00156,0.00484,unresolved,wide-CI,0.00346
s1,c100,m3v0,random|gatedmoe_base,10,0.00156,0.00484,unresolved,wide-CI,0.00346
s1,c100,m3v0,round_robin|gatedmoe_base,10,0.0,0.0,equivalent,,0.0
s1,c100,m3v1,learned_top1|random,10,0.00266,0.00474,unresolved,near-margin-mean,0.00339
s1,c100,m3v1,learned_top1|round_robin,10,0.00133,0.00524,equivalent,,0.00375
s1,c100,m3v1,learned_top1|gatedmoe_base,10,0.00133,0.00524,equivalent,,0.00375
s1,c100,m3v1,random|round_robin,10,-0.00133,0.00373,equivalent,,0.00267
s1,c100,m3v1,random|gatedmoe_base,10,-0.00133,0.00373,equivalent,,0.00267
s1,c100,m3v1,round_robin|gatedmoe_base,10,0.0,0.0,equivalent,,0.0
s1,c100,m4v0,learned_top1|random,10,-0.00266,0.00401,unresolved,near-margin-mean,0.00287
s1,c100,m4v0,learned_top1|round_robin,10,-0.0014,0.00478,equivalent,,0.00342
s1,c100,m4v0,learned_top1|gatedmoe_base,10,-0.0014,0.00478,equivalent,,0.00342
s1,c100,m4v0,random|round_robin,10,0.00126,0.00338,equivalent,,0.00242
s1,c100,m4v0,random|gatedmoe_base,10,0.00126,0.00338,equivalent,,0.00242
s1,c100,m4v0,round_robin|gatedmoe_base,10,0.0,0.0,equivalent,,0.0
s1,c100,m4v1,learned_top1|random,10,-0.00153,0.00379,equivalent,,0.00271
s1,c100,m4v1,learned_top1|round_robin,10,-0.00121,0.00294,equivalent,,0.0021
s1,c100,m4v1,learned_top1|gatedmoe_base,10,-0.00121,0.00294,equivalent,,0.0021
s1,c100,m4v1,random|round_robin,10,0.00032,0.00389,equivalent,,0.00278
s1,c100,m4v1,random|gatedmoe_base,10,0.00032,0.00389,equivalent,,0.00278
s1,c100,m4v1,round_robin|gatedmoe_base,10,0.0,0.0,equivalent,,0.0
s1,c100,m6v0,learned_top1|random,10,-0.00037,0.00433,equivalent,,0.0031
s1,c100,m6v0,learned_top1|round_robin,10,-0.00051,0.00348,equivalent,,0.00249
s1,c100,m6v0,learned_top1|gatedmoe_base,10,-0.00051,0.00348,equivalent,,0.00249
s1,c100,m6v0,random|round_robin,10,-0.00014,0.00422,equivalent,,0.00302
s1,c100,m6v0,random|gatedmoe_base,10,-0.00014,0.00422,equivalent,,0.00302
s1,c100,m6v0,round_robin|gatedmoe_base,10,0.0,0.0,equivalent,,0.0
s1,c100,m6v1,learned_top1|random,10,-0.00063,0.0046,equivalent,,0.00329
s1,c100,m6v1,learned_top1|round_robin,10,-0.00127,0.00305,equivalent,,0.00218
s1,c100,m6v1,learned_top1|gatedmoe_base,10,-0.00127,0.00305,equivalent,,0.00218
s1,c100,m6v1,random|round_robin,10,-0.00064,0.0049,equivalent,,0.00351
s1,c100,m6v1,random|gatedmoe_base,10,-0.00064,0.0049,equivalent,,0.00351
s1,c100,m6v1,round_robin|gatedmoe_base,10,0.0,0.0,equivalent,,0.0
s1,c100,m8v0,learned_top1|random,10,-0.00119,0.00455,unresolved,wide-CI,0.00325
s1,c100,m8v0,learned_top1|round_robin,10,0.00093,0.00475,equivalent,,0.0034
s1,c100,m8v0,learned_top1|gatedmoe_base,10,0.00093,0.00475,equivalent,,0.0034
s1,c100,m8v0,random|round_robin,10,0.00212,0.00515,unresolved,wide-CI,0.00368
s1,c100,m8v0,random|gatedmoe_base,10,0.00212,0.00515,unresolved,wide-CI,0.00368
s1,c100,m8v0,round_robin|gatedmoe_base,10,0.0,0.0,equivalent,,0.0
