grid,dataset,cell,n_seeds,pair,final_mean_diff,final_sd_diff,final_p_diff,final_p_tost,final_p_tost_half,final_p_tost_2x,bestval_mean_diff,bestval_sd_diff,bestval_p_diff,bestval_p_tost,bestval_p_tost_half,bestval_p_tost_2x,cls,final_p_diff_holm,final_p_tost_holm,final_equivalent,final_sig_diff,bestval_p_diff_holm,bestval_p_tost_holm,bestval_equivalent,bestval_sig_diff
e1,c10,B13322k,10,learned_top1|random,0.00039,0.00316,0.7050614154693545,0.0006280527688927384,0.03182093489382944,2.4489827388793507e-06,0.00163,0.00425,0.25582209758466423,0.016685434706938833,0.26667599503541595,7.650776672663019e-05,choice,1.0,0.010676897071176552,True,False,1.0,0.100112608241633,False,False
e1,c10,B13322k,10,learned_top1|round_robin,0.00042,0.00238,0.5900488654634481,9.05425270562517e-05,0.010939471453191392,2.3060897860890136e-07,0.00138,0.00403,0.30688227810683466,0.009678617076603113,0.20109806521598356,4.106865080767928e-05,choice,1.0,0.0015392229599562788,True,False,1.0,0.10646478784263425,False,False
e1,c10,B13322k,10,learned_top1|gatedmoe_base,0.00042,0.00238,0.5900488654634481,9.05425270562517e-05,0.010939471453191392,2.3060897860890136e-07,0.00138,0.00403,0.30688227810683466,0.009678617076603113,0.20109806521598356,4.106865080767928e-05,choice,1.0,0.0015392229599562788,True,False,1.0,0.09907228109938603,False,False
e1,c10,B13322k,10,learned_top1|gatedmoe_g,0.0012,0.0039,0.3556212199591784,0.00653231651548921,0.15948235873203145,2.7099472567349326e-05,0.0015,0.00484,0.3530519740725905,0.024088322666245707,0.26509565677770863,0.00017844697323841503,choice,1.0,0.0718554816703813,False,False,1.0,0.15981981617809937,False,False
e1,c10,B13322k,10,random|round_robin,3e-05,0.00257,0.971358835557329,8.794992537325686e-05,0.007016772387181605,3.1889733005000266e-07,-0.00025,0.00403,0.8487510022443651,0.0023511603530963487,0.055556824244906156,1.571303322156492e-05,choice,1.0,0.0011433490298523392,True,False,1.0,0.023511603530963487,True,False
e1,c10,B13322k,10,random|gatedmoe_base,3e-05,0.00257,0.971358835557329,8.794992537325686e-05,0.007016772387181605,3.1889733005000266e-07,-0.00025,0.00403,0.8487510022443651,0.0023511603530963487,0.055556824244906156,1.571303322156492e-05,choice,1.0,0.0011433490298523392,True,False,1.0,0.023511603530963487,True,False
e1,c10,B13322k,10,random|gatedmoe_g,0.00081,0.0025,0.33173668560681496,0.00024477372825354834,0.030491575702920503,4.991444924623566e-07,-0.00013,0.00247,0.8716699760152917,7.697003463080776e-05,0.007122947697597137,2.505950633668874e-07,choice,1.0,0.0034268321955496766,True,False,1.0,0.0010775804848313086,True,False
e1,c10,B13322k,10,round_robin|gatedmoe_base,0.0,0.0,1.0,0.0,0.0,0.0,0.0,0.0,1.0,0.0,0.0,0.0,tied,1.0,0.0,True,False,1.0,0.0,True,False
e1,c10,B13322k,10,round_robin|gatedmoe_g,0.00078,0.00263,0.3725938990392229,0.0003330539373319791,0.03423532272465002,7.509079553044483e-07,0.00012,0.00452,0.934892108445667,0.003837195672258021,0.06502485043456473,3.4697619837424615e-05,choice,1.0,0.003269382849888647,True,False,1.0,0.030697565378064166,True,False
e1,c10,B13322k,10,gatedmoe_base|gatedmoe_g,0.00078,0.00263,0.3725938990392229,0.0003330539373319791,0.03423532272465002,7.509079553044483e-07,0.00012,0.00452,0.934892108445667,0.003837195672258021,0.06502485043456473,3.4697619837424615e-05,choice,1.0,0.003269382849888647,True,False,1.0,0.030697565378064166,True,False
e1,c10,B17350k,10,learned_top1|random,-0.00121,0.00495,0.45928814934014295,0.019257491209077493,0.21556055891788573,0.000163725667160608,-0.00015,0.00479,0.923295950048655,0.005402494375107203,0.07762792219909098,5.559287174483618e-05,choice,1.0,0.09559177074465797,False,False,1.0,0.07563492125150084,False,False
e1,c10,B17350k,10,learned_top1|round_robin,4e-05,0.00538,0.9817632637266398,0.008597311473174687,0.09113486345979029,0.00012160508499703041,0.00042,0.00583,0.8249482481506515,0.017401192152070883,0.14428833294399432,0.00028417354107687805,choice,1.0,0.08085504039505698,False,False,1.0,0.12811928101773987,False,False
e1,c10,B17350k,10,learned_top1|gatedmoe_base,4e-05,0.00538,0.9817632637266398,0.008597311473174687,0.09113486345979029,0.00012160508499703041,0.00042,0.00583,0.8249482481506515,0.017401192152070883,0.14428833294399432,0.00028417354107687805,choice,1.0,0.08085504039505698,False,False,1.0,0.12811928101773987,False,False
e1,c10,B17350k,10,learned_top1|gatedmoe_g,0.00051,0.00436,0.719920444796494,0.004937623936752913,0.09133970799226993,3.591560454716806e-05,0.00083,0.00417,0.544466250495478,0.005735391889360932,0.11843908446771496,3.31128656530983e-05,choice,1.0,0.05925148724103495,False,False,1.0,0.08029548645105306,False,False
e1,c10,B17350k,10,random|round_robin,0.00125,0.00374,0.3185967089963314,0.0057081209478523675,0.15929835449816807,2.072998847564717e-05,0.00057,0.00467,0.7084258859759107,0.007473733668784541,0.1117834938186923,6.361745839371083e-05,choice,1.0,0.034248725687114207,True,False,1.0,0.05231613568149179,False,False
e1,c10,B17350k,10,random|gatedmoe_base,0.00125,0.00374,0.3185967089963314,0.0057081209478523675,0.15929835449816807,2.072998847564717e-05,0.00057,0.00467,0.7084258859759107,0.007473733668784541,0.1117834938186923,6.361745839371083e-05,choice,1.0,0.034248725687114207,True,False,1.0,0.05231613568149179,False,False
e1,c10,B17350k,10,random|gatedmoe_g,0.00172,0.00346,0.15085702980420937,0.007551366226946528,0.24725713865524046,1.7376474342097543e-05,0.00098,0.00436,0.4953322359827472,0.00858666649965908,0.14949647245564976,5.31711998798315e-05,choice,1.0,0.05098231230601691,False,False,1.0,0.07727999849693172,False,False
e1,c10,B17350k,10,round_robin|gatedmoe_base,0.0,0.0,1.0,0.0,0.0,0.0,0.0,0.0,1.0,0.0,0.0,0.0,tied,1.0,0.0,True,False,1.0,0.0,True,False
e1,c10,B17350k,10,round_robin|gatedmoe_g,0.00047,0.00209,0.494311545658915,3.671731627333329e-05,0.0066055254167038,7.828732472987524e-08,0.00041,0.00258,0.6267945132534203,0.00015977335827833922,0.015194598258173061,4.526414451638008e-07,choice,1.0,0.0004406077952799995,True,False,1.0,0.0019172802993400707,True,False
e1,c10,B17350k,10,gatedmoe_base|gatedmoe_g,0.00047,0.00209,0.494311545658915,3.671731627333329e-05,0.0066055254167038,7.828732472987524e-08,0.00041,0.00258,0.6267945132534203,0.00015977335827833922,0.015194598258173061,4.526414451638008e-07,choice,1.0,0.0004406077952799995,True,False,1.0,0.0019172802993400707,True,False
e1,c10,B3907k,10,learned_top1|random,0.00044,0.00489,0.7824324646069399,0.008124897191856042,0.10777378337699664,8.11350287550254e-05,-0.00113,0.00574,0.5493714570008357,0.030999762834563738,0.23502686463375744,0.00043422580830032587,auxonly,1.0,0.08124897191856043,False,False,1.0,0.100112608241633,False,False
e1,c10,B3907k,10,learned_top1|round_robin,0.00044,0.00489,0.7824324646069399,0.008124897191856042,0.10777378337699664,8.11350287550254e-05,-0.00113,0.00574,0.5493714570008357,0.030999762834563738,0.23502686463375744,0.00043422580830032587,auxonly,1.0,0.08085504039505698,False,False,1.0,0.12811928101773987,False,False
e1,c10,B3907k,10,learned_top1|gatedmoe_base,0.00044,0.00489,0.7824324646069399,0.008124897191856042,0.10777378337699664,8.11350287550254e-05,-0.00113,0.00574,0.5493714570008357,0.030999762834563738,0.23502686463375744,0.00043422580830032587,auxonly,1.0,0.08085504039505698,False,False,1.0,0.12811928101773987,False,False
e1,c10,B3907k,10,learned_top1|gatedmoe_g,0.00044,0.00489,0.7824324646069399,0.008124897191856042,0.10777378337699664,8.11350287550254e-05,-0.00113,0.00574,0.5493714570008357,0.030999762834563738,0.23502686463375744,0.00043422580830032587,auxonly,1.0,0.07461455477942887,False,False,1.0,0.15981981617809937,False,False
e1,c10,B3907k,10,random|round_robin,0.0,0.0,1.0,0.0,0.0,0.0,0.0,0.0,1.0,0.0,0.0,0.0,tied,1.0,0.0,True,False,1.0,0.0,True,False
e1,c10,B3907k,10,random|gatedmoe_base,0.0,0.0,1.0,0.0,0.0,0.0,0.0,0.0,1.0,0.0,0.0,0.0,tied,1.0,0.0,True,False,1.0,0.0,True,False
e1,c10,B3907k,10,random|gatedmoe_g,0.0,0.0,1.0,0.0,0.0,0.0,0.0,0.0,1.0,0.0,0.0,0.0,tied,1.0,0.0,True,False,1.0,0.0,True,False
e1,c10,B3907k,10,round_robin|gatedmoe_base,0.0,0.0,1.0,0.0,0.0,0.0,0.0,0.0,1.0,0.0,0.0,0.0,tied,1.0,0.0,True,False,1.0,0.0,True,False
e1,c10,B3907k,10,round_robin|gatedmoe_g,0.0,0.0,1.0,0.0,0.0,0.0,0.0,0.0,1.0,0.0,0.0,0.0,tied,1.0,0.0,True,False,1.0,0.0,True,False
e1,c10,B3907k,10,gatedmoe_base|gatedmoe_g,0.0,0.0,1.0,0.0,0.0,0.0,0.0,0.0,1.0,0.0,0.0,0.0,tied,1.0,0.0,True,False,1.0,0.0,True,False
e1,c10,B5748k,10,learned_top1|random,-0.00147,0.0046,0.33877095463459167,0.019118354148931593,0.24847938075899878,0.00012005637790046819,-0.0001,0.00708,0.9653474792641954,0.02818378862593962,0.15580562482112748,0.0008330409744030653,auxonly,1.0,0.09559177074465797,False,False,1.0,0.100112608241633,False,False
e1,c10,B5748k,10,learned_top1|round_robin,-0.00147,0.0046,0.33877095463459167,0.019118354148931593,0.24847938075899878,0.00012005637790046819,-0.00076,0.00748,0.7554237073565339,0.05339013000464077,0.24044441670669592,0.001797087580445056,auxonly,1.0,0.10911580793291789,False,False,1.0,0.12811928101773987,False,False
e1,c10,B5748k,10,learned_top1|gatedmoe_base,-0.00164,0.00482,0.30973568929318435,0.027427711570147784,0.29311016161576875,0.00019325920356538795,-0.00093,0.00763,0.7088961228719023,0.06297665500225591,0.26577683759888626,0.0022472499316487093,auxonly,1.0,0.10971084628059113,False,False,1.0,0.12811928101773987,False,False
e1,c10,B5748k,10,learned_top1|gatedmoe_g,-0.00147,0.0046,0.33877095463459167,0.019118354148931593,0.24847938075899878,0.00012005637790046819,-0.00076,0.00748,0.7554237073565339,0.05339013000464077,0.24044441670669592,0.001797087580445056,auxonly,1.0,0.11471012489358956,False,False,1.0,0.1601703900139223,False,False
e1,c10,B5748k,10,random|round_robin,0.0,0.0,1.0,0.0,0.0,0.0,-0.00066,0.00141,0.17328447530268848,2.255255815986068e-06,0.0012930194568550046,3.0405018502932535e-09,tied,1.0,0.0,True,False,1.0,3.382883723979102e-05,True,False
e1,c10,B5748k,10,random|gatedmoe_base,-0.00017,0.00054,0.34343639613791355,2.0167711944907296e-10,1.231704296333902e-07,3.4849900742983664e-13,-0.00083,0.00143,0.09865763972930694,3.4025028389228495e-06,0.00243971254470976,3.901293843533438e-09,tied,1.0,3.0251567917360944e-09,True,False,1.0,5.103754258384274e-05,True,False
e1,c10,B5748k,10,random|gatedmoe_g,0.0,0.0,1.0,0.0,0.0,0.0,-0.00066,0.00141,0.17328447530268848,2.255255815986068e-06,0.0012930194568550046,3.0405018502932535e-09,tied,1.0,0.0,True,False,1.0,3.382883723979102e-05,True,False
e1,c10,B5748k,10,round_robin|gatedmoe_base,-0.00017,0.00054,0.34343639613791355,2.0167711944907296e-10,1.231704296333902e-07,3.4849900742983664e-13,-0.00017,0.00054,0.34343639613791355,2.0167711944907296e-10,1.231704296333902e-07,3.4849900742983664e-13,tied,1.0,2.0167711944907296e-10,True,False,1.0,4.033542388981459e-10,True,False
e1,c10,B5748k,10,round_robin|gatedmoe_g,0.0,0.0,1.0,0.0,0.0,0.0,0.0,0.0,1.0,0.0,0.0,0.0,tied,1.0,0.0,True,False,1.0,0.0,True,False
e1,c10,B5748k,10,gatedmoe_base|gatedmoe_g,0.00017,0.00054,0.34343639613791355,2.0167710311734613e-10,1.2317042956754787e-07,3.4843638196859433e-13,0.00017,0.00054,0.34343639613791355,2.0167710311734613e-10,1.2317042956754787e-07,3.4843638196859433e-13,tied,1.0,2.6218023405255e-09,True,False,1.0,2.6218023405255e-09,True,False
e1,c10,B6100k,10,learned_top1|random,0.00032,0.00352,0.7805239228368529,0.0011549213487743791,0.04108671498846391,5.7066131027228825e-06,-0.00112,0.00197,0.1064737740087851,7.81731255433682e-05,0.027227308560875962,8.959901554028704e-08,choice,1.0,0.017323820231615685,True,False,1.0,0.0014071162597806275,True,False
e1,c10,B6100k,10,learned_top1|round_robin,0.00168,0.00434,0.25195676518491206,0.01932927629845879,0.28244333704311664,9.378199612785718e-05,0.00117,0.00487,0.4668807673570319,0.01730167867699321,0.2051258462842201,0.00014109335093633865,choice,1.0,0.10911580793291789,False,False,1.0,0.12811928101773987,False,False
e1,c10,B6100k,10,learned_top1|gatedmoe_base,0.00168,0.00434,0.25195676518491206,0.01932927629845879,0.28244333704311664,9.378199612785718e-05,0.00117,0.00487,0.4668807673570319,0.01730167867699321,0.2051258462842201,0.00014109335093633865,choice,1.0,0.10911580793291789,False,False,1.0,0.12811928101773987,False,False
e1,c10,B6100k,10,learned_top1|gatedmoe_g,0.00168,0.00434,0.25195676518491206,0.01932927629845879,0.28244333704311664,9.378199612785718e-05,0.00117,0.00487,0.4668807673570319,0.01730167867699321,0.2051258462842201,0.00014109335093633865,choice,1.0,0.11471012489358956,False,False,1.0,0.15571510809293887,False,False
e1,c10,B6100k,10,random|round_robin,0.00136,0.00472,0.38609700778281675,0.01874413998558693,0.23234131244002465,0.00013189120556159655,0.00229,0.00503,0.18385277207420742,0.061329609473417354,0.4489396067418545,0.0004562416919827513,choice,1.0,0.034248725687114207,True,False,1.0,0.11859348277473168,False,False
e1,c10,B6100k,10,random|gatedmoe_base,0.00136,0.00472,0.38609700778281675,0.01874413998558693,0.23234131244002465,0.00013189120556159655,0.00229,0.00503,0.18385277207420742,0.061329609473417354,0.4489396067418545,0.0004562416919827513,choice,1.0,0.034248725687114207,True,False,1.0,0.11859348277473168,False,False
e1,c10,B6100k,10,random|gatedmoe_g,0.00136,0.00472,0.38609700778281675,0.01874413998558693,0.23234131244002465,0.00013189120556159655,0.00229,0.00503,0.18385277207420742,0.061329609473417354,0.4489396067418545,0.0004562416919827513,choice,1.0,0.07497655994234773,False,False,1.0,0.257017326384411,False,False
e1,c10,B6100k,10,round_robin|gatedmoe_base,0.0,0.0,1.0,0.0,0.0,0.0,0.0,0.0,1.0,0.0,0.0,0.0,tied,1.0,0.0,True,False,1.0,0.0,True,False
e1,c10,B6100k,10,round_robin|gatedmoe_g,0.0,0.0,1.0,0.0,0.0,0.0,0.0,0.0,1.0,0.0,0.0,0.0,tied,1.0,0.0,True,False,1.0,0.0,True,False
e1,c10,B6100k,10,gatedmoe_base|gatedmoe_g,0.0,0.0,1.0,0.0,0.0,0.0,0.0,0.0,1.0,0.0,0.0,0.0,tied,1.0,0.0,True,False,1.0,0.0,True,False
e1,c10,B6629k,10,learned_top1|random,0.0005,0.00471,0.744867048985065,0.007235513715795726,0.10617483358919612,6.440773214407615e-05,2e-05,0.00428,0.9885203043377742,0.002524467322996502,0.04990630708461693,2.0922500175089745e-05,choice,1.0,0.07959065087375299,False,False,1.0,0.04291594449094053,True,False
e1,c10,B6629k,10,learned_top1|round_robin,-0.00022,0.00279,0.8088691287950097,0.0002130118774672507,0.014807807038296206,7.607061419667716e-07,-0.00018,0.00274,0.839854819970393,0.0001737020204084505,0.012582992985224917,6.187566058413196e-07,choice,1.0,0.003408190039476011,True,False,1.0,0.003126636367352109,True,False
e1,c10,B6629k,10,learned_top1|gatedmoe_base,-0.00022,0.00279,0.8088691287950097,0.0002130118774672507,0.014807807038296206,7.607061419667716e-07,-0.00018,0.00274,0.839854819970393,0.0001737020204084505,0.012582992985224917,6.187566058413196e-07,choice,1.0,0.003408190039476011,True,False,1.0,0.003126636367352109,True,False
e1,c10,B6629k,10,learned_top1|gatedmoe_g,-0.00113,0.00282,0.23747763223832397,0.0009470106491773489,0.07966815132309346,1.8912993844377723e-06,-0.00012,0.00296,0.9008602964732574,0.00027799377512305323,0.015820891645995983,1.1440448490773747e-06,choice,1.0,0.015152170386837582,True,False,1.0,0.004725894177091905,True,False
e1,c10,B6629k,10,random|round_robin,-0.00072,0.00478,0.6454944805300475,0.009879244849778424,0.13478766267178188,8.604337996553912e-05,-0.0002,0.00488,0.8996971628357139,0.006244072943686341,0.08508453165392393,6.622678757539635e-05,choice,1.0,0.034248725687114207,True,False,1.0,0.049952583549490726,True,False
e1,c10,B6629k,10,random|gatedmoe_base,-0.00072,0.00478,0.6454944805300475,0.009879244849778424,0.13478766267178188,8.604337996553912e-05,-0.0002,0.00488,0.8996971628357139,0.006244072943686341,0.08508453165392393,6.622678757539635e-05,choice,1.0,0.034248725687114207,True,False,1.0,0.049952583549490726,True,False
e1,c10,B6629k,10,random|gatedmoe_g,-0.00163,0.00396,0.22528636637687757,0.01236500850241773,0.25233823223637075,4.502303771714011e-05,-0.00014,0.00484,0.9291410760336996,0.005642125796117448,0.07879003127627837,5.973605337061816e-05,choice,1.0,0.061825042512088646,False,False,1.0,0.06206338375729192,False,False
e1,c10,B6629k,10,round_robin|gatedmoe_base,0.0,0.0,1.0,0.0,0.0,0.0,0.0,0.0,1.0,0.0,0.0,0.0,tied,1.0,0.0,True,False,1.0,0.0,True,False
e1,c10,B6629k,10,round_robin|gatedmoe_g,-0.00091,0.00254,0.2866903512913414,0.0003269382849888647,0.039607753521236355,6.352790228314475e-07,6e-05,0.0029,0.9492560322916164,0.00022001612483612962,0.012998758655413637,9.101369948242314e-07,choice,1.0,0.003269382849888647,True,False,1.0,0.002420177373197426,True,False
e1,c10,B6629k,10,gatedmoe_base|gatedmoe_g,-0.00091,0.00254,0.2866903512913414,0.0003269382849888647,0.039607753521236355,6.352790228314475e-07,6e-05,0.0029,0.9492560322916164,0.00022001612483612962,0.012998758655413637,9.101369948242314e-07,choice,1.0,0.003269382849888647,True,False,1.0,0.002420177373197426,True,False
e1,c10,B7333k,10,learned_top1|random,0.00052,0.00511,0.7550584443474898,0.010855664869010287,0.1258759989372763,0.0001197685092371087,0.00044,0.00523,0.7962685201049059,0.011124501816572884,0.12226193454301215,0.00013329937780840985,choice,1.0,0.08441648933478874,False,False,1.0,0.09231732021108266,False,False
e1,c10,B7333k,10,learned_top1|round_robin,0.00115,0.0045,0.439842611541137,0.012086669273362754,0.18377589546269668,7.762187857937861e-05,0.00126,0.00365,0.3033939130259595,0.005079644819342397,0.15534130568436189,1.713456813756984e-05,choice,1.0,0.08460668491353927,False,False,1.0,0.06603538265145116,False,False
e1,c10,B7333k,10,learned_top1|gatedmoe_base,0.00115,0.0045,0.439842611541137,0.012086669273362754,0.18377589546269668,7.762187857937861e-05,0.00126,0.00365,0.3033939130259595,0.005079644819342397,0.15534130568436189,1.713456813756984e-05,choice,1.0,0.08460668491353927,False,False,1.0,0.06603538265145116,False,False
e1,c10,B7333k,10,learned_top1|gatedmoe_g,0.00216,0.00437,0.15251191931549207,0.03502645658600108,0.4055956668458539,0.0001523272962667801,0.00162,0.00446,0.2798313157969157,0.01997747702226242,0.2738616284368254,0.00010791817222870514,choice,1.0,0.11471012489358956,False,False,1.0,0.15981981617809937,False,False
e1,c10,B7333k,10,random|round_robin,0.00063,0.00332,0.5627573323625192,0.0012096228433354347,0.05408771376631986,4.522989052651097e-06,0.00082,0.00475,0.5983915364453432,0.010650672635425658,0.14616577702680178,8.83687839059904e-05,choice,1.0,0.009676982746683478,True,False,1.0,0.06390403581255395,False,False
e1,c10,B7333k,10,random|gatedmoe_base,0.00063,0.00332,0.5627573323625192,0.0012096228433354347,0.05408771376631986,4.522989052651097e-06,0.00082,0.00475,0.5983915364453432,0.010650672635425658,0.14616577702680178,8.83687839059904e-05,choice,1.0,0.009676982746683478,True,False,1.0,0.06390403581255395,False,False
e1,c10,B7333k,10,random|gatedmoe_g,0.00164,0.00292,0.10986508278926167,0.0027261986352557274,0.18829495437521887,4.111308778743917e-06,0.00118,0.00335,0.2945380623391945,0.0028598201060241178,0.12227104008983321,8.083785131878557e-06,choice,1.0,0.027261986352557274,True,False,1.0,0.037177661378313534,True,False
e1,c10,B7333k,10,round_robin|gatedmoe_base,0.0,0.0,1.0,0.0,0.0,0.0,0.0,0.0,1.0,0.0,0.0,0.0,tied,1.0,0.0,True,False,1.0,0.0,True,False
e1,c10,B7333k,10,round_robin|gatedmoe_g,0.00101,0.00303,0.31865333326183515,0.0012054055704668048,0.07691263810184965,2.9973609008181906e-06,0.00036,0.004,0.7826094677393112,0.00260002574692489,0.06264148727972095,1.64093974657443e-05,choice,1.0,0.007232433422800829,True,False,1.0,0.02340023172232401,True,False
e1,c10,B7333k,10,gatedmoe_base|gatedmoe_g,0.00101,0.00303,0.31865333326183515,0.0012054055704668048,0.07691263810184965,2.9973609008181906e-06,0.00036,0.004,0.7826094677393112,0.00260002574692489,0.06264148727972095,1.64093974657443e-05,choice,1.0,0.007232433422800829,True,False,1.0,0.02340023172232401,True,False
e1,c10,B8390k,10,learned_top1|random,-0.00161,0.00268,0.0897740078979046,0.0015498430136332564,0.16038385433117264,1.9363384995418897e-06,-0.00172,0.00359,0.16373488707835696,0.008917883877115895,0.25450182100041263,2.2830532534157122e-05,choice,1.0,0.02169780219086559,True,False,1.0,0.09198612539640427,False,False
e1,c10,B8390k,10,learned_top1|round_robin,-0.00167,0.00293,0.10545181906192846,0.002926283590766743,0.1971913259820708,4.3608373182513205e-06,0.00018,0.00585,0.9246142156306393,0.014235475668637762,0.12068292257353803,0.00024410529139010282,choice,1.0,0.03804168667996766,True,False,1.0,0.12811928101773987,False,False
e1,c10,B8390k,10,learned_top1|gatedmoe_base,-0.00167,0.00293,0.10545181906192846,0.002926283590766743,0.1971913259820708,4.3608373182513205e-06,0.00018,0.00585,0.9246142156306393,0.014235475668637762,0.12068292257353803,0.00024410529139010282,choice,1.0,0.035115403089200914,True,False,1.0,0.12811928101773987,False,False
e1,c10,B8390k,10,learned_top1|gatedmoe_g,-0.00066,0.00354,0.5699088187069544,0.0018725112733869453,0.06729791039801136,7.887088656843844e-06,-0.00098,0.00419,0.4784705272787724,0.007085466204995172,0.1404956498134986,3.925872864463109e-05,choice,1.0,0.026215157827417235,True,False,1.0,0.08861481594535991,False,False
e1,c10,B8390k,10,random|round_robin,-6e-05,0.00316,0.9533642566434499,0.0003951602189524728,0.01851799608547189,1.8467989540971175e-06,0.0019,0.00495,0.2558107514464769,0.03953116092491056,0.3552251285292374,0.00029221094003810324,choice,1.0,0.0043467624084772005,True,False,1.0,0.11859348277473168,False,False
e1,c10,B8390k,10,random|gatedmoe_base,-6e-05,0.00316,0.9533642566434499,0.0003951602189524728,0.01851799608547189,1.8467989540971175e-06,0.0019,0.00495,0.2558107514464769,0.03953116092491056,0.3552251285292374,0.00029221094003810324,choice,1.0,0.0043467624084772005,True,False,1.0,0.11859348277473168,False,False
e1,c10,B8390k,10,random|gatedmoe_g,0.00095,0.00389,0.4595178043824001,0.0046586956999934625,0.11955915859247145,2.1387775378495477e-05,0.00074,0.00443,0.6103898046082675,0.007025768492841187,0.12048254826163037,4.936110285717782e-05,choice,1.0,0.041928261299941164,True,False,1.0,0.07025768492841188,False,False
e1,c10,B8390k,10,round_robin|gatedmoe_base,0.0,0.0,1.0,0.0,0.0,0.0,0.0,0.0,1.0,0.0,0.0,0.0,tied,1.0,0.0,True,False,1.0,0.0,True,False
e1,c10,B8390k,10,round_robin|gatedmoe_g,0.00101,0.00501,0.5399260681525593,0.016469058644738167,0.18590936785117723,0.0001527046039722078,-0.00116,0.00632,0.575594233106753,0.04333188739610283,0.2595387301312976,0.0008277658271031996,choice,1.0,0.033683015613534144,True,False,1.0,0.08666377479220566,False,False
e1,c10,B8390k,10,gatedmoe_base|gatedmoe_g,0.00101,0.00501,0.5399260681525593,0.016469058644738167,0.18590936785117723,0.0001527046039722078,-0.00116,0.00632,0.575594233106753,0.04333188739610283,0.2595387301312976,0.0008277658271031996,choice,1.0,0.033683015613534144,True,False,1.0,0.08666377479220566,False,False
e1,c10,B9799k,10,learned_top1|random,-0.00166,0.00396,0.2181244668250179,0.012936439438277492,0.2598369237407988,4.675215819838208e-05,-0.00215,0.00371,0.10004609734763091,0.019005119256774283,0.3860986053518838,4.467712774924859e-05,choice,1.0,0.08441648933478874,False,False,1.0,0.100112608241633,False,False
e1,c10,B9799k,10,learned_top1|round_robin,-0.00112,0.0039,0.38784921703181674,0.005930814041789079,0.14625250076156704,2.5572419704911198e-05,-0.0005,0.00342,0.6550245975476622,0.0012269941936173812,0.04882104180263114,5.231476501110777e-06,choice,1.0,0.06523895445967987,False,False,1.0,0.0196319070978781,True,False
e1,c10,B9799k,10,learned_top1|gatedmoe_base,-0.00112,0.0039,0.38784921703181674,0.005930814041789079,0.14625250076156704,2.5572419704911198e-05,-0.00047,0.00346,0.6774732282042479,0.001256704060869196,0.04819628461212799,5.5546643891180025e-06,choice,1.0,0.06523895445967987,False,False,1.0,0.020107264973907135,True,False
e1,c10,B9799k,10,learned_top1|gatedmoe_g,-0.00087,0.00584,0.6485151500067685,0.02599816800688215,0.20001243087095144,0.0003968068213419107,-0.00024,0.00522,0.8875618500796657,0.009019134760430259,0.10199849833172658,0.00011243822749229526,choice,1.0,0.11471012489358956,False,False,1.0,0.09019134760430259,False,False
e1,c10,B9799k,10,random|round_robin,0.00054,0.00459,0.718640147096715,0.006667902658828688,0.10506745292978892,5.485840268432579e-05,0.00165,0.00415,0.24077343076635918,0.015600792533378762,0.26689774664097743,6.59969245395724e-05,choice,1.0,0.034248725687114207,True,False,1.0,0.06390403581255395,False,False
e1,c10,B9799k,10,random|gatedmoe_base,0.00054,0.00459,0.718640147096715,0.006667902658828688,0.10506745292978892,5.485840268432579e-05,0.00168,0.00419,0.23668321335855594,0.016780888073350802,0.2756903139795039,7.23042438164077e-05,choice,1.0,0.034248725687114207,True,False,1.0,0.06712355229340321,False,False
e1,c10,B9799k,10,random|gatedmoe_g,0.00079,0.00568,0.6706415255000071,0.021927045840244613,0.18312790096311438,0.00031223885515489205,0.00191,0.00662,0.38547753977970844,0.08707126642984295,0.39224963737874613,0.0019134243517192528,choice,1.0,0.07497655994234773,False,False,1.0,0.257017326384411,False,False
e1,c10,B9799k,10,round_robin|gatedmoe_base,0.0,0.0,1.0,0.0,0.0,0.0,3e-05,9e-05,0.34343639613791355,2.704843335073034e-17,1.4564724326584017e-14,5.146724629557452e-20,tied,1.0,0.0,True,False,1.0,8.114530005219102e-17,True,False
e1,c10,B9799k,10,round_robin|gatedmoe_g,0.00025,0.00331,0.8167775129882849,0.0007100849805521762,0.03015590455415024,3.2491577732693474e-06,0.00026,0.00378,0.8328198133774295,0.0016482111388734753,0.046989055666776726,9.628207454671939e-06,choice,1.0,0.004970594863865233,True,False,1.0,0.016482111388734753,True,False
e1,c10,B9799k,10,gatedmoe_base|gatedmoe_g,0.00025,0.00331,0.8167775129882849,0.0007100849805521762,0.03015590455415024,3.2491577732693474e-06,0.00023,0.00378,0.8516928616583248,0.0015778900093369693,0.04501597017128393,9.32267230849835e-06,choice,1.0,0.004970594863865233,True,False,1.0,0.015778900093369692,True,False
e1,c100,B13322k,10,learned_top1|random,0.00064,0.00277,0.4843488352813572,0.0003857235189370634,0.03153899674538034,1.0431461096068488e-06,0.00127,0.0033,0.25403814097662997,0.0029722691081408826,0.13411539870566916,7.658060169096153e-06,choice,1.0,0.006943023340867141,True,False,1.0,0.044584036622113236,True,False
e1,c100,B13322k,10,learned_top1|round_robin,0.00108,0.00584,0.5733677846238135,0.03147735563264478,0.23100918118896702,0.0004696045172910886,0.00089,0.00642,0.6712607019106199,0.03672458181278315,0.22394991260738822,0.0007553276372225736,choice,1.0,0.10911580793291789,False,False,1.0,0.12811928101773987,False,False
e1,c100,B13322k,10,learned_top1|gatedmoe_base,0.00108,0.00584,0.5733677846238135,0.03147735563264478,0.23100918118896702,0.0004696045172910886,0.00089,0.00642,0.6712607019106199,0.03672458181278315,0.22394991260738822,0.0007553276372225736,choice,1.0,0.10971084628059113,False,False,1.0,0.12811928101773987,False,False
e1,c100,B13322k,10,learned_top1|gatedmoe_g,0.00127,0.00393,0.33350216365068286,0.007461455477942886,0.17408310920816045,3.0774828685343606e-05,0.00247,0.00504,0.1555812295280449,0.07342756797511503,0.4926959330582054,0.0005407790391710577,choice,1.0,0.07461455477942887,False,False,1.0,0.1601703900139223,False,False
e1,c100,B13322k,10,random|round_robin,0.00044,0.0046,0.7690814211376956,0.006003526188675068,0.09512656141153872,5.112464615535738e-05,-0.00038,0.00542,0.8296370608939674,0.012334732135053872,0.12390575479036348,0.00016547948283285319,choice,1.0,0.034248725687114207,True,False,1.0,0.06390403581255395,False,False
e1,c100,B13322k,10,random|gatedmoe_base,0.00044,0.0046,0.7690814211376956,0.006003526188675068,0.09512656141153872,5.112464615535738e-05,-0.00038,0.00542,0.8296370608939674,0.012334732135053872,0.12390575479036348,0.00016547948283285319,choice,1.0,0.034248725687114207,True,False,1.0,0.06390403581255395,False,False
e1,c100,B13322k,10,random|gatedmoe_g,0.00063,0.003,0.5228881911735979,0.0006353256428806622,0.03997182622479372,1.967194193750275e-06,0.0012,0.00438,0.4088123561522914,0.011361034852797627,0.18623966633360217,6.619814849450931e-05,choice,1.0,0.008259233357448608,True,False,1.0,0.07952724396958338,False,False
e1,c100,B13322k,10,round_robin|gatedmoe_base,0.0,0.0,1.0,0.0,0.0,0.0,0.0,0.0,1.0,0.0,0.0,0.0,tied,1.0,0.0,True,False,1.0,0.0,True,False
e1,c100,B13322k,10,round_robin|gatedmoe_g,0.00019,0.00398,0.8831902307913483,0.0020246588302668075,0.049638568279450665,1.3483354373592492e-05,0.00158,0.00458,0.3038797520797373,0.021294610263216794,0.2706477286950576,0.00012800722100105616,choice,1.0,0.010123294151334037,True,False,1.0,0.08517844105286718,False,False
e1,c100,B13322k,10,gatedmoe_base|gatedmoe_g,0.00019,0.00398,0.8831902307913483,0.0020246588302668075,0.049638568279450665,1.3483354373592492e-05,0.00158,0.00458,0.3038797520797373,0.021294610263216794,0.2706477286950576,0.00012800722100105616,choice,1.0,0.010123294151334037,True,False,1.0,0.08609400248041799,False,False
e1,c100,B17350k,10,learned_top1|random,0.00087,0.0037,0.4759832778049865,0.003203077583329358,0.09845972994858637,1.3467584254167031e-05,0.00065,0.00376,0.5980179227879586,0.0026290029772287763,0.07713933272020751,1.2727913638895876e-05,choice,1.0,0.04164000858328165,True,False,1.0,0.04291594449094053,True,False
e1,c100,B17350k,10,learned_top1|round_robin,0.00124,0.00336,0.27344626336407224,0.0031734694425409444,0.13315012193055853,8.734974409300751e-06,0.00109,0.00442,0.45555565673014575,0.010406007627549537,0.16974202647747078,6.459131371681384e-05,choice,1.0,0.03808163331049133,True,False,1.0,0.10646478784263425,False,False
e1,c100,B17350k,10,learned_top1|gatedmoe_base,0.00131,0.00321,0.22836887247423085,0.0026970949341406027,0.13523695660067703,6.335452598798516e-06,0.00133,0.00402,0.32295661533247577,0.009006571009035094,0.19080234937375823,3.87812135669913e-05,choice,1.0,0.035062234143827836,True,False,1.0,0.09907228109938603,False,False
e1,c100,B17350k,10,learned_top1|gatedmoe_g,-0.00025,0.0025,0.7590716116481327,0.00010031974647894959,0.009612240514080939,3.0519515659133134e-07,-0.00034,0.00321,0.7456394322408073,0.0006590901406344774,0.031249186594490386,2.7260484622981807e-06,choice,1.0,0.001705435690142143,True,False,1.0,0.010545442250151638,True,False
e1,c100,B17350k,10,random|round_robin,0.00037,0.00249,0.6492584788710156,0.00011648641161594437,0.012038268130400516,3.24457485076126e-07,0.00044,0.00259,0.6041146978373757,0.00017414355569072247,0.01650964732936926,4.869063935837005e-07,choice,1.0,0.0013978369393913325,True,False,1.0,0.0024380097796701146,True,False
e1,c100,B17350k,10,random|gatedmoe_base,0.00044,0.00251,0.5924737708758008,0.00013798376649751232,0.014415970710561428,3.6980963314397786e-07,0.00068,0.00255,0.4213547751598453,0.00023054307018822689,0.025301879248347713,5.341146890385517e-07,choice,1.0,0.0016558051979701479,True,False,1.0,0.0032276029826351763,True,False
e1,c100,B17350k,10,random|gatedmoe_g,-0.00112,0.00269,0.2203413229772713,0.0006802933955727397,0.06953037144705065,1.245840315688973e-06,-0.00099,0.0044,0.4948290414320847,0.009063201688272238,0.15303358967138592,5.7375306646401114e-05,choice,1.0,0.008259233357448608,True,False,1.0,0.07727999849693172,False,False
e1,c100,B17350k,10,round_robin|gatedmoe_base,7e-05,0.00022,0.34343639613791355,5.927617138051862e-14,3.3732349575921433e-11,1.1102230246251565e-16,0.00024,0.00076,0.34343639613791355,4.887441923754313e-09,2.9437472246192803e-06,8.185604709961107e-12,tied,1.0,1.1855234276103724e-13,True,False,1.0,4.887441923754313e-09,True,False
e1,c100,B17350k,10,round_robin|gatedmoe_g,-0.00149,0.00187,0.03312444001543687,0.00011161364953837793,0.061315464798851194,8.256528827299547e-08,-0.00143,0.00438,0.3283115176427011,0.014840921811509977,0.2295671994247308,7.999061879127023e-05,choice,0.5631154802624269,0.0012277501449221573,True,False,1.0,0.07503007628461428,False,False
e1,c100,B17350k,10,gatedmoe_base|gatedmoe_g,-0.00156,0.0018,0.0227955636216783,9.581170051031762e-05,0.06647770209547632,6.221245285598087e-08,-0.00167,0.00423,0.2433125564347449,0.017218800496083597,0.2751385990353281,7.680665645615203e-05,choice,0.41032014519020943,0.0010539287056134938,True,False,1.0,0.08609400248041799,False,False
e1,c100,B3907k,10,learned_top1|random,-0.00082,0.00308,0.4212769280757621,0.0010023201627358258,0.05918414329854771,2.9018360945265442e-06,-0.00138,0.00381,0.2817469677941319,0.0074354813057699864,0.18850010983690513,2.677197179945523e-05,auxonly,1.0,0.016037122603773213,True,False,1.0,0.0897625077688029,False,False
e1,c100,B3907k,10,learned_top1|round_robin,-0.00082,0.00308,0.4212769280757621,0.0010023201627358258,0.05918414329854771,2.9018360945265442e-06,-0.00138,0.00381,0.2817469677941319,0.0074354813057699864,0.18850010983690513,2.677197179945523e-05,auxonly,1.0,0.015034802441037387,True,False,1.0,0.08922577566923984,False,False
e1,c100,B3907k,10,learned_top1|gatedmoe_base,-0.00082,0.00308,0.4212769280757621,0.0010023201627358258,0.05918414329854771,2.9018360945265442e-06,-0.00138,0.00381,0.2817469677941319,0.0074354813057699864,0.18850010983690513,2.677197179945523e-05,auxonly,1.0,0.015034802441037387,True,False,1.0,0.08922577566923984,False,False
e1,c100,B3907k,10,learned_top1|gatedmoe_g,-0.00082,0.00308,0.4212769280757621,0.0010023201627358258,0.05918414329854771,2.9018360945265442e-06,-0.00138,0.00381,0.2817469677941319,0.0074354813057699864,0.18850010983690513,2.677197179945523e-05,auxonly,1.0,0.015152170386837582,True,False,1.0,0.08861481594535991,False,False
e1,c100,B3907k,10,random|round_robin,0.0,0.0,1.0,0.0,0.0,0.0,0.0,0.0,1.0,0.0,0.0,0.0,tied,1.0,0.0,True,False,1.0,0.0,True,False
e1,c100,B3907k,10,random|gatedmoe_base,0.0,0.0,1.0,0.0,0.0,0.0,0.0,0.0,1.0,0.0,0.0,0.0,tied,1.0,0.0,True,False,1.0,0.0,True,False
e1,c100,B3907k,10,random|gatedmoe_g,0.0,0.0,1.0,0.0,0.0,0.0,0.0,0.0,1.0,0.0,0.0,0.0,tied,1.0,0.0,True,False,1.0,0.0,True,False
e1,c100,B3907k,10,round_robin|gatedmoe_base,0.0,0.0,1.0,0.0,0.0,0.0,0.0,0.0,1.0,0.0,0.0,0.0,tied,1.0,0.0,True,False,1.0,0.0,True,False
e1,c100,B3907k,10,round_robin|gatedmoe_g,0.0,0.0,1.0,0.0,0.0,0.0,0.0,0.0,1.0,0.0,0.0,0.0,tied,1.0,0.0,True,False,1.0,0.0,True,False
e1,c100,B3907k,10,gatedmoe_base|gatedmoe_g,0.0,0.0,1.0,0.0,0.0,0.0,0.0,0.0,1.0,0.0,0.0,0.0,tied,1.0,0.0,True,False,1.0,0.0,True,False
e1,c100,B5748k,10,learned_top1|random,-0.00175,0.00473,0.27160242284403985,0.02881947494841297,0.3138826648906732,0.00018494556032222498,-0.00179,0.00433,0.22326439439673545,0.02180241727673382,0.30819020942218334,0.00010129111607803942,auxonly,1.0,0.09559177074465797,False,False,1.0,0.100112608241633,False,False
e1,c100,B5748k,10,learned_top1|round_robin,-0.00175,0.00473,0.27160242284403985,0.02881947494841297,0.3138826648906732,0.00018494556032222498,-0.00179,0.00433,0.22326439439673545,0.02180241727673382,0.30819020942218334,0.00010129111607803942,auxonly,1.0,0.10911580793291789,False,False,1.0,0.12811928101773987,False,False
e1,c100,B5748k,10,learned_top1|gatedmoe_base,-0.00175,0.00473,0.27160242284403985,0.02881947494841297,0.3138826648906732,0.00018494556032222498,-0.00179,0.00433,0.22326439439673545,0.02180241727673382,0.30819020942218334,0.00010129111607803942,auxonly,1.0,0.10971084628059113,False,False,1.0,0.12811928101773987,False,False
e1,c100,B5748k,10,learned_top1|gatedmoe_g,-0.00175,0.00473,0.27160242284403985,0.02881947494841297,0.3138826648906732,0.00018494556032222498,-0.00179,0.00433,0.22326439439673545,0.02180241727673382,0.30819020942218334,0.00010129111607803942,auxonly,1.0,0.11471012489358956,False,False,1.0,0.15981981617809937,False,False
e1,c100,B5748k,10,random|round_robin,0.0,0.0,1.0,0.0,0.0,0.0,0.0,0.0,1.0,0.0,0.0,0.0,tied,1.0,0.0,True,False,1.0,0.0,True,False
e1,c100,B5748k,10,random|gatedmoe_base,0.0,0.0,1.0,0.0,0.0,0.0,0.0,0.0,1.0,0.0,0.0,0.0,tied,1.0,0.0,True,False,1.0,0.0,True,False
e1,c100,B5748k,10,random|gatedmoe_g,0.0,0.0,1.0,0.0,0.0,0.0,0.0,0.0,1.0,0.0,0.0,0.0,tied,1.0,0.0,True,False,1.0,0.0,True,False
e1,c100,B5748k,10,round_robin|gatedmoe_base,0.0,0.0,1.0,0.0,0.0,0.0,0.0,0.0,1.0,0.0,0.0,0.0,tied,1.0,0.0,True,False,1.0,0.0,True,False
e1,c100,B5748k,10,round_robin|gatedmoe_g,0.0,0.0,1.0,0.0,0.0,0.0,0.0,0.0,1.0,0.0,0.0,0.0,tied,1.0,0.0,True,False,1.0,0.0,True,False
e1,c100,B5748k,10,gatedmoe_base|gatedmoe_g,0.0,0.0,1.0,0.0,0.0,0.0,0.0,0.0,1.0,0.0,0.0,0.0,tied,1.0,0.0,True,False,1.0,0.0,True,False
e1,c100,B6100k,10,learned_top1|random,-0.00024,0.00454,0.8710359746595674,0.004521432419548055,0.0750958003518235,3.9852895937553257e-05,0.00115,0.00434,0.423663754280179,0.010257480023453629,0.1754423715968585,5.908062616268141e-05,choice,1.0,0.05425718903457666,False,False,1.0,0.09231732021108266,False,False
e1,c100,B6100k,10,learned_top1|round_robin,-0.00119,0.00131,0.018131770669495367,3.4840235683120113e-06,0.005663463654179579,2.567618451188025e-09,-0.00134,0.00297,0.18790067380359574,0.00183147188747379,0.12430221030067279,3.5358050106681915e-06,choice,0.3082401013814212,6.27124242296162e-05,True,False,1.0,0.026980681473959822,True,False
e1,c100,B6100k,10,learned_top1|gatedmoe_base,-0.00119,0.00131,0.018131770669495367,3.4840235683120113e-06,0.005663463654179579,2.567618451188025e-09,-0.00134,0.00297,0.18790067380359574,0.00183147188747379,0.12430221030067279,3.5358050106681915e-06,choice,0.3082401013814212,6.27124242296162e-05,True,False,1.0,0.026980681473959822,True,False
e1,c100,B6100k,10,learned_top1|gatedmoe_g,-0.00119,0.00131,0.018131770669495367,3.4840235683120113e-06,0.005663463654179579,2.567618451188025e-09,-0.00134,0.00297,0.18790067380359574,0.00183147188747379,0.12430221030067279,3.5358050106681915e-06,choice,0.3263718720509166,6.27124242296162e-05,True,False,1.0,0.02747207831210685,True,False
e1,c100,B6100k,10,random|round_robin,-0.00095,0.00413,0.48576540365943466,0.0063727890382521135,0.13299598466002338,3.4377905518412355e-05,-0.00249,0.00453,0.11614474171432579,0.05681113868915244,0.4972909647717568,0.0002662821725664122,choice,1.0,0.034248725687114207,True,False,1.0,0.11859348277473168,False,False
e1,c100,B6100k,10,random|gatedmoe_base,-0.00095,0.00413,0.48576540365943466,0.0063727890382521135,0.13299598466002338,3.4377905518412355e-05,-0.00249,0.00453,0.11614474171432579,0.05681113868915244,0.4972909647717568,0.0002662821725664122,choice,1.0,0.034248725687114207,True,False,1.0,0.11859348277473168,False,False
e1,c100,B6100k,10,random|gatedmoe_g,-0.00095,0.00413,0.48576540365943466,0.0063727890382521135,0.13299598466002338,3.4377905518412355e-05,-0.00249,0.00453,0.11614474171432579,0.05681113868915244,0.4972909647717568,0.0002662821725664122,choice,1.0,0.05098231230601691,False,False,1.0,0.257017326384411,False,False
e1,c100,B6100k,10,round_robin|gatedmoe_base,0.0,0.0,1.0,0.0,0.0,0.0,0.0,0.0,1.0,0.0,0.0,0.0,tied,1.0,0.0,True,False,1.0,0.0,True,False
e1,c100,B6100k,10,round_robin|gatedmoe_g,0.0,0.0,1.0,0.0,0.0,0.0,0.0,0.0,1.0,0.0,0.0,0.0,tied,1.0,0.0,True,False,1.0,0.0,True,False
e1,c100,B6100k,10,gatedmoe_base|gatedmoe_g,0.0,0.0,1.0,0.0,0.0,0.0,0.0,0.0,1.0,0.0,0.0,0.0,tied,1.0,0.0,True,False,1.0,0.0,True,False
e1,c100,B6629k,10,learned_top1|random,0.0023,0.00545,0.21445683061881632,0.0756706680658027,0.4550447170962538,0.0007756453236132813,0.0028,0.00556,0.14605253142682934,0.12138712922462135,0.5657959635756706,0.0013557187198736853,choice,1.0,0.09559177074465797,False,False,1.0,0.12138712922462135,False,False
e1,c100,B6629k,10,learned_top1|round_robin,0.00211,0.00517,0.2293734628311976,0.0555858295770023,0.4084760000216521,0.0004722432629627507,0.00223,0.00553,0.2343988128591482,0.07392289595585053,0.4403832651934019,0.0008107643870457693,choice,1.0,0.10911580793291789,False,False,1.0,0.12811928101773987,False,False
e1,c100,B6629k,10,learned_top1|gatedmoe_base,0.00211,0.00517,0.2293734628311976,0.0555858295770023,0.4084760000216521,0.0004722432629627507,0.00223,0.00553,0.2343988128591482,0.07392289595585053,0.4403832651934019,0.0008107643870457693,choice,1.0,0.10971084628059113,False,False,1.0,0.12811928101773987,False,False
e1,c100,B6629k,10,learned_top1|gatedmoe_g,-0.00104,0.00454,0.4869040393281838,0.011049331757972292,0.1676954222104743,7.520305147568074e-05,-0.00047,0.00469,0.7583314396302018,0.006816524303489224,0.10194386192453186,6.0355948040768936e-05,choice,1.0,0.08319041305808916,False,False,1.0,0.08861481594535991,False,False
e1,c100,B6629k,10,random|round_robin,-0.00019,0.00393,0.8819658167122939,0.0019031801993955044,0.04812784228155598,1.2401300578890329e-05,-0.00057,0.00369,0.6366944380439004,0.002112967563180135,0.06615942230160687,1.0158919725333782e-05,choice,1.0,0.013322261395768531,True,False,1.0,0.023242643194981483,True,False
e1,c100,B6629k,10,random|gatedmoe_base,-0.00019,0.00393,0.8819658167122939,0.0019031801993955044,0.04812784228155598,1.2401300578890329e-05,-0.00057,0.00369,0.6366944380439004,0.002112967563180135,0.06615942230160687,1.0158919725333782e-05,choice,1.0,0.013322261395768531,True,False,1.0,0.023242643194981483,True,False
e1,c100,B6629k,10,random|gatedmoe_g,-0.00334,0.00403,0.027656493667408782,0.11232379359300393,0.737040348910031,0.0002705731532989253,-0.00327,0.00435,0.04141930915419943,0.12008543243301628,0.7053501407813516,0.0004282533670127986,choice,0.49781688601335805,0.11232379359300393,False,False,0.7455475647755898,0.257017326384411,False,False
e1,c100,B6629k,10,round_robin|gatedmoe_base,0.0,0.0,1.0,0.0,0.0,0.0,0.0,0.0,1.0,0.0,0.0,0.0,tied,1.0,0.0,True,False,1.0,0.0,True,False
e1,c100,B6629k,10,round_robin|gatedmoe_g,-0.00315,0.00376,0.026358151211333714,0.07683638926193037,0.7012887730217836,0.00013494761067500693,-0.0027,0.00388,0.055195708726826304,0.0467417718831864,0.5629714955944518,0.00010733972047149987,choice,0.4744467218040069,0.07683638926193037,False,False,0.9935227570828735,0.08666377479220566,False,False
e1,c100,B6629k,10,gatedmoe_base|gatedmoe_g,-0.00315,0.00376,0.026358151211333714,0.07683638926193037,0.7012887730217836,0.00013494761067500693,-0.0027,0.00388,0.055195708726826304,0.0467417718831864,0.5629714955944518,0.00010733972047149987,choice,0.44808857059267315,0.07683638926193037,False,False,0.9935227570828735,0.08666377479220566,False,False
e1,c100,B7333k,10,learned_top1|random,0.00258,0.00326,0.03366189287398598,0.021711268529010872,0.5300900727431698,2.5407638110479657e-05,0.00232,0.00289,0.031844071240654345,0.008362375036036752,0.42415140857588884,7.480644484674417e-06,choice,0.6059140717317476,0.09559177074465797,False,False,0.5731932823317782,0.09198612539640427,False,False
e1,c100,B7333k,10,learned_top1|round_robin,0.00279,0.00285,0.012700202833778207,0.01818596798881965,0.6227197179130348,1.091477799572565e-05,0.00211,0.00188,0.00630025032624901,0.0004538247350072906,0.2645572920621909,1.6563952715316957e-07,choice,0.22860365100800772,0.10911580793291789,False,False,0.11340450587248217,0.0077150204951239405,True,False
e1,c100,B7333k,10,learned_top1|gatedmoe_base,0.00279,0.00285,0.012700202833778207,0.01818596798881965,0.6227197179130348,1.091477799572565e-05,0.00211,0.00188,0.00630025032624901,0.0004538247350072906,0.2645572920621909,1.6563952715316957e-07,choice,0.22860365100800772,0.10911580793291789,False,False,0.11340450587248217,0.0077150204951239405,True,False
e1,c100,B7333k,10,learned_top1|gatedmoe_g,0.00414,0.00467,0.020512758112646457,0.28714444641129533,0.8524250357369221,0.00162317279168196,0.00404,0.00396,0.01039955778897673,0.23152607672833092,0.8749665011915028,0.0005161236353220705,choice,0.3487168879149898,0.28714444641129533,False,False,0.18719204020158114,0.23152607672833092,False,False
e1,c100,B7333k,10,random|round_robin,0.00021,0.00313,0.8366839518140896,0.00046049260171284893,0.022970452837883102,1.9577975780401252e-06,-0.00021,0.00303,0.831389958383875,0.000369640274628269,0.020270434871320853,1.4940104134941734e-06,choice,1.0,0.004604926017128489,True,False,1.0,0.004805323570167497,True,False
e1,c100,B7333k,10,random|gatedmoe_base,0.00021,0.00313,0.8366839518140896,0.00046049260171284893,0.022970452837883102,1.9577975780401252e-06,-0.00021,0.00303,0.831389958383875,0.000369640274628269,0.020270434871320853,1.4940104134941734e-06,choice,1.0,0.004604926017128489,True,False,1.0,0.004805323570167497,True,False
e1,c100,B7333k,10,random|gatedmoe_g,0.00156,0.00359,0.2021347659742002,0.007078164421169806,0.21426059487314403,1.959026505139588e-05,0.00172,0.00288,0.09155511322670354,0.0028682014187684742,0.20699467209245714,3.93090167740622e-06,choice,1.0,0.05098231230601691,False,False,1.0,0.037177661378313534,True,False
e1,c100,B7333k,10,round_robin|gatedmoe_base,0.0,0.0,1.0,0.0,0.0,0.0,0.0,0.0,1.0,0.0,0.0,0.0,tied,1.0,0.0,True,False,1.0,0.0,True,False
e1,c100,B7333k,10,round_robin|gatedmoe_g,0.00135,0.00394,0.3063458271705408,0.00834968827747558,0.18984144816175524,3.347054659621351e-05,0.00193,0.00362,0.12571760106508062,0.012505012714102379,0.3150520299248024,2.9689250119671976e-05,choice,1.0,0.03339875310990232,True,False,1.0,0.07503007628461428,False,False
e1,c100,B7333k,10,gatedmoe_base|gatedmoe_g,0.00135,0.00394,0.3063458271705408,0.00834968827747558,0.18984144816175524,3.347054659621351e-05,0.00193,0.00362,0.12571760106508062,0.012505012714102379,0.3150520299248024,2.9689250119671976e-05,choice,1.0,0.03339875310990232,True,False,1.0,0.07503007628461428,False,False
e1,c100,B8390k,10,learned_top1|random,-0.00197,0.00344,0.10324097686792395,0.010552061166848592,0.3186892319970098,2.073373514610566e-05,-0.00212,0.00336,0.07742193868221299,0.012048629106870434,0.3645745780324401,2.0345436159141528e-05,choice,1.0,0.08441648933478874,False,False,1.0,0.09231732021108266,False,False
e1,c100,B8390k,10,learned_top1|round_robin,-0.00149,0.00376,0.24175112082757372,0.008085504039505698,0.2088381396663883,2.663207413466928e-05,-0.00131,0.0046,0.39145961207779056,0.015967522128858547,0.21730781217817463,0.00010484131229571148,choice,1.0,0.08085504039505698,False,False,1.0,0.12811928101773987,False,False
e1,c100,B8390k,10,learned_top1|gatedmoe_base,-0.00149,0.00376,0.24175112082757372,0.008085504039505698,0.2088381396663883,2.663207413466928e-05,-0.00131,0.0046,0.39145961207779056,0.015967522128858547,0.21730781217817463,0.00010484131229571148,choice,1.0,0.08085504039505698,False,False,1.0,0.12811928101773987,False,False
e1,c100,B8390k,10,learned_top1|gatedmoe_g,-0.00029,0.00387,0.8178673139229841,0.0019493384346749298,0.05210822421050065,1.1756587445677091e-05,1e-05,0.00298,0.9917629918532437,0.00024811667993733137,0.01339355119613945,1.0963848023046669e-06,choice,1.0,0.026215157827417235,True,False,1.0,0.0044661002388719645,True,False
e1,c100,B8390k,10,random|round_robin,0.00048,0.00215,0.49842587394455395,4.728588578270099e-05,0.007871008530845894,1.0318171591526116e-07,0.00081,0.00369,0.5049757491452946,0.0029108166386119386,0.09066736960900647,1.2508753649794252e-05,choice,1.0,0.0006620024009578139,True,False,1.0,0.026197349747507447,True,False
e1,c100,B8390k,10,random|gatedmoe_base,0.00048,0.00215,0.49842587394455395,4.728588578270099e-05,0.007871008530845894,1.0318171591526116e-07,0.00081,0.00369,0.5049757491452946,0.0029108166386119386,0.09066736960900647,1.2508753649794252e-05,choice,1.0,0.0006620024009578139,True,False,1.0,0.026197349747507447,True,False
e1,c100,B8390k,10,random|gatedmoe_g,0.00168,0.00251,0.0630715174715841,0.001172522163326644,0.16392703601661282,1.192728377451656e-06,0.00213,0.00373,0.10409842115813421,0.018809903875169957,0.3803277780956623,4.5315589530882894e-05,choice,1.0,0.012897743796593083,True,False,1.0,0.11285942325101975,False,False
e1,c100,B8390k,10,round_robin|gatedmoe_base,0.0,0.0,1.0,0.0,0.0,0.0,0.0,0.0,1.0,0.0,0.0,0.0,tied,1.0,0.0,True,False,1.0,0.0,True,False
e1,c100,B8390k,10,round_robin|gatedmoe_g,0.0012,0.00247,0.15907680605215285,0.00044676391540273016,0.06530987604956802,6.613128614145773e-07,0.00132,0.00368,0.2855972660246371,0.005729334722861616,0.16834140211918275,1.9152557418353943e-05,choice,1.0,0.0035741113232218413,True,False,1.0,0.040105343060031315,True,False
e1,c100,B8390k,10,gatedmoe_base|gatedmoe_g,0.0012,0.00247,0.15907680605215285,0.00044676391540273016,0.06530987604956802,6.613128614145773e-07,0.00132,0.00368,0.2855972660246371,0.005729334722861616,0.16834140211918275,1.9152557418353943e-05,choice,1.0,0.0035741113232218413,True,False,1.0,0.040105343060031315,True,False
e1,c100,B9799k,10,learned_top1|random,-0.00059,0.00478,0.7051130209204959,0.008512513432352153,0.11885916917784767,7.65192650784563e-05,-0.00021,0.00497,0.8965945850562723,0.0069048082899079155,0.08944618190903886,7.642727259338233e-05,choice,1.0,0.08124897191856043,False,False,1.0,0.0897625077688029,False,False
e1,c100,B9799k,10,learned_top1|round_robin,-0.00085,0.00337,0.4459172813302369,0.00183280808300601,0.07809904780548971,6.2978266041069375e-06,-6e-05,0.004,0.9632163773340134,0.0017987120982639881,0.042953618352839396,1.2799568216315116e-05,choice,1.0,0.02565931316208414,True,False,1.0,0.026980681473959822,True,False
e1,c100,B9799k,10,learned_top1|gatedmoe_base,-0.00085,0.00337,0.4459172813302369,0.00183280808300601,0.07809904780548971,6.2978266041069375e-06,-6e-05,0.004,0.9632163773340134,0.0017987120982639881,0.042953618352839396,1.2799568216315116e-05,choice,1.0,0.02565931316208414,True,False,1.0,0.026980681473959822,True,False
e1,c100,B9799k,10,learned_top1|gatedmoe_g,-0.00019,0.00544,0.9144346918127698,0.010398801632261145,0.10600110833774756,0.00014613448040268207,0.00147,0.00535,0.4078654038474323,0.03337521656004096,0.27901456515974477,0.00035102395405737,choice,1.0,0.08319041305808916,False,False,1.0,0.15981981617809937,False,False
e1,c100,B9799k,10,random|round_robin,-0.00026,0.00334,0.8108956943466081,0.0007528949423365461,0.03137133079359855,3.4687972924052346e-06,0.00015,0.00385,0.9046740045670313,0.0015963346616920085,0.042852084390751576,1.013397413253093e-05,choice,1.0,0.006776054481028915,True,False,1.0,0.019156015940304104,True,False
e1,c100,B9799k,10,random|gatedmoe_base,-0.00026,0.00334,0.8108956943466081,0.0007528949423365461,0.03137133079359855,3.4687972924052346e-06,0.00015,0.00385,0.9046740045670313,0.0015963346616920085,0.042852084390751576,1.013397413253093e-05,choice,1.0,0.006776054481028915,True,False,1.0,0.019156015940304104,True,False
e1,c100,B9799k,10,random|gatedmoe_g,0.0004,0.00606,0.8393170850656848,0.01994122735271234,0.15081903431524915,0.00036488156641186224,0.00168,0.00578,0.3821782485601901,0.0514034652768822,0.33221568283043557,0.0006928600592128704,choice,1.0,0.07497655994234773,False,False,1.0,0.257017326384411,False,False
e1,c100,B9799k,10,round_robin|gatedmoe_base,0.0,0.0,1.0,0.0,0.0,0.0,0.0,0.0,1.0,0.0,0.0,0.0,tied,1.0,0.0,True,False,1.0,0.0,True,False
e1,c100,B9799k,10,round_robin|gatedmoe_g,0.00066,0.00499,0.6855382882048254,0.011227671871178048,0.13676344173895244,0.0001118086980185248,0.00153,0.00492,0.3513666173807477,0.026388829478825274,0.2743376324969401,0.00020523301574946315,choice,1.0,0.033683015613534144,True,False,1.0,0.08517844105286718,False,False
e1,c100,B9799k,10,gatedmoe_base|gatedmoe_g,0.00066,0.00499,0.6855382882048254,0.011227671871178048,0.13676344173895244,0.0001118086980185248,0.00153,0.00492,0.3513666173807477,0.026388829478825274,0.2743376324969401,0.00020523301574946315,choice,1.0,0.033683015613534144,True,False,1.0,0.08609400248041799,False,False
e4,c10,B1024k,10,learned_top1|random,0.00247,0.00666,0.27119565542076657,0.13025485123713834,0.4944754794951388,0.002994900937555533,0.00347,0.00693,0.1477844029168291,0.25135533002174326,0.6657596236349725,0.007727781809304256,choice,1.0,0.13025485123713834,False,False,0.7389220145841455,0.25135533002174326,False,False
e4,c10,B1024k,10,learned_top1|round_robin,-0.00164,0.00829,0.5470252778046172,0.11594025090660409,0.37515899603785696,0.005505628070412105,-0.00144,0.00892,0.6218085092750079,0.11921159991202435,0.3578209689554974,0.007052109031382869,choice,1.0,0.11594025090660409,False,False,1.0,0.11921159991202435,False,False
e4,c10,B1024k,10,learned_top1|gatedmoe_base,-0.00164,0.00829,0.5470252778046172,0.11594025090660409,0.37515899603785696,0.005505628070412105,-0.00144,0.00892,0.6218085092750079,0.11921159991202435,0.3578209689554974,0.007052109031382869,choice,1.0,0.11594025090660409,False,False,1.0,0.11921159991202435,False,False
e4,c10,B1024k,10,learned_top1|gatedmoe_g,-0.00165,0.00655,0.4464252694557418,0.07022472119230916,0.345644563903136,0.0014885081223111607,-0.00178,0.00726,0.45782705783521604,0.09704840887600896,0.3804253663288597,0.002955478372445919,choice,1.0,0.11020767608819186,False,False,1.0,0.0984963445737863,False,False
e4,c10,B1024k,10,random|round_robin,-0.00411,0.00652,0.07740917808786325,0.33809491361433497,0.7725034488283797,0.009447186797672757,-0.00491,0.00528,0.01646908969350009,0.47909535264383696,0.9085986179675374,0.0069136227063291145,choice,0.46445506852717955,0.33809491361433497,False,False,0.09881453816100054,0.47909535264383696,False,False
e4,c10,B1024k,10,random|gatedmoe_base,-0.00411,0.00652,0.07740917808786325,0.33809491361433497,0.7725034488283797,0.009447186797672757,-0.00491,0.00528,0.01646908969350009,0.47909535264383696,0.9085986179675374,0.0069136227063291145,choice,0.46445506852717955,0.33809491361433497,False,False,0.09881453816100054,0.47909535264383696,False,False
e4,c10,B1024k,10,random|gatedmoe_g,-0.00412,0.00692,0.09232297328591958,0.3484422418626041,0.7610680302781306,0.012443517320798736,-0.00525,0.00519,0.010899875341334471,0.5588043190951943,0.9357852338662315,0.008917694162092094,choice,0.4616148664295979,0.3484422418626041,False,False,0.054499376706672355,0.5588043190951943,False,False
e4,c10,B1024k,10,round_robin|gatedmoe_base,0.0,0.0,1.0,0.0,0.0,0.0,0.0,0.0,1.0,0.0,0.0,0.0,tied,1.0,0.0,True,False,1.0,0.0,True,False
e4,c10,B1024k,10,round_robin|gatedmoe_g,-1e-05,0.0038,0.9935469845720737,0.001243606469359837,0.03415656165104275,8.18351666231898e-06,-0.00034,0.00554,0.8505283390999716,0.013062644142730506,0.12456501927837871,0.00018759641365306834,choice,1.0,0.003341110904345916,True,False,1.0,0.013062644142730506,True,False
e4,c10,B1024k,10,gatedmoe_base|gatedmoe_g,-1e-05,0.0038,0.9935469845720737,0.001243606469359837,0.03415656165104275,8.18351666231898e-06,-0.00034,0.00554,0.8505283390999716,0.013062644142730506,0.12456501927837871,0.00018759641365306834,choice,1.0,0.003341110904345916,True,False,1.0,0.013062644142730506,True,False
e4,c10,B192k,10,learned_top1|random,0.00069,0.00769,0.7831037474512192,0.05510383804409593,0.2379144967046511,0.0020229131339961864,8e-05,0.00844,0.9767514707893334,0.04924817228689315,0.19418780371431676,0.002402880129550855,auxonly,1.0,0.11762538358843343,False,False,1.0,0.14774451686067944,False,False
e4,c10,B192k,10,learned_top1|round_robin,0.00069,0.00769,0.7831037474512192,0.05510383804409593,0.2379144967046511,0.0020229131339961864,8e-05,0.00844,0.9767514707893334,0.04924817228689315,0.19418780371431676,0.002402880129550855,auxonly,1.0,0.11020767608819186,False,False,1.0,0.0984963445737863,False,False
e4,c10,B192k,10,learned_top1|gatedmoe_base,0.00069,0.00769,0.7831037474512192,0.05510383804409593,0.2379144967046511,0.0020229131339961864,8e-05,0.00844,0.9767514707893334,0.04924817228689315,0.19418780371431676,0.002402880129550855,auxonly,1.0,0.11020767608819186,False,False,1.0,0.0984963445737863,False,False
e4,c10,B192k,10,learned_top1|gatedmoe_g,0.00069,0.00769,0.7831037474512192,0.05510383804409593,0.2379144967046511,0.0020229131339961864,8e-05,0.00844,0.9767514707893334,0.04924817228689315,0.19418780371431676,0.002402880129550855,auxonly,1.0,0.11020767608819186,False,False,1.0,0.0984963445737863,False,False
e4,c10,B192k,10,random|round_robin,0.0,0.0,1.0,0.0,0.0,0.0,0.0,0.0,1.0,0.0,0.0,0.0,tied,1.0,0.0,True,False,1.0,0.0,True,False
e4,c10,B192k,10,random|gatedmoe_base,0.0,0.0,1.0,0.0,0.0,0.0,0.0,0.0,1.0,0.0,0.0,0.0,tied,1.0,0.0,True,False,1.0,0.0,True,False
e4,c10,B192k,10,random|gatedmoe_g,0.0,0.0,1.0,0.0,0.0,0.0,0.0,0.0,1.0,0.0,0.0,0.0,tied,1.0,0.0,True,False,1.0,0.0,True,False
e4,c10,B192k,10,round_robin|gatedmoe_base,0.0,0.0,1.0,0.0,0.0,0.0,0.0,0.0,1.0,0.0,0.0,0.0,tied,1.0,0.0,True,False,1.0,0.0,True,False
e4,c10,B192k,10,round_robin|gatedmoe_g,0.0,0.0,1.0,0.0,0.0,0.0,0.0,0.0,1.0,0.0,0.0,0.0,tied,1.0,0.0,True,False,1.0,0.0,True,False
e4,c10,B192k,10,gatedmoe_base|gatedmoe_g,0.0,0.0,1.0,0.0,0.0,0.0,0.0,0.0,1.0,0.0,0.0,0.0,tied,1.0,0.0,True,False,1.0,0.0,True,False
e4,c10,B2048k,20,learned_top1|random,0.00243,0.00618,0.09470435807542751,0.039208461196144476,0.48006045742088765,1.3789787673209666e-05,0.00318,0.00666,0.046350996541298435,0.11776889238356451,0.6721922221460492,0.00010197106595001375,choice,0.568226148452565,0.11762538358843343,False,False,0.2781059792477906,0.23553778476712903,False,False
e4,c10,B2048k,20,learned_top1|round_robin,7e-05,0.00679,0.9611011005364108,0.0021297595397717904,0.06328317875353867,1.4544485783359405e-06,4e-05,0.0071,0.9826327859176724,0.002763589351228782,0.06841130894396495,2.491107019331158e-06,choice,1.0,0.010648797698858951,True,False,1.0,0.01381794675614391,True,False
e4,c10,B2048k,20,learned_top1|gatedmoe_base,7e-05,0.00679,0.9611011005364108,0.0021297595397717904,0.06328317875353867,1.4544485783359405e-06,4e-05,0.0071,0.9826327859176724,0.002763589351228782,0.06841130894396495,2.491107019331158e-06,choice,1.0,0.010648797698858951,True,False,1.0,0.01381794675614391,True,False
e4,c10,B2048k,20,learned_top1|gatedmoe_g,-0.00095,0.00568,0.4609338218868124,0.0024236796179493147,0.11915947966822471,4.452998780823947e-07,-0.00068,0.00611,0.6243466817947951,0.002564110555696164,0.09925909277658429,8.182723219007926e-07,choice,1.0,0.014542077707695888,True,False,1.0,0.015384663334176985,True,False
e4,c10,B2048k,20,random|round_robin,-0.00236,0.00649,0.12085528153147301,0.04196425007769866,0.4606998838264933,2.1736005873407294e-05,-0.00314,0.00616,0.03434421692720609,0.09637018933013752,0.676275465980593,4.150352906240329e-05,choice,0.604276407657365,0.08392850015539732,False,False,0.17172108463603042,0.19274037866027505,False,False
e4,c10,B2048k,20,random|gatedmoe_base,-0.00236,0.00649,0.12085528153147301,0.04196425007769866,0.4606998838264933,2.1736005873407294e-05,-0.00314,0.00616,0.03434421692720609,0.09637018933013752,0.676275465980593,4.150352906240329e-05,choice,0.604276407657365,0.08392850015539732,False,False,0.17172108463603042,0.19274037866027505,False,False
e4,c10,B2048k,20,random|gatedmoe_g,-0.00338,0.00531,0.010172565574660711,0.09468270672855683,0.7675837326655766,1.1174897439181208e-05,-0.00386,0.00486,0.0021411025819420004,0.15249895394587054,0.8863298002167389,9.348243097173636e-06,choice,0.06103539344796427,0.18936541345711366,False,False,0.012846615491652003,0.3049979078917411,False,True
e4,c10,B2048k,20,round_robin|gatedmoe_base,0.0,0.0,1.0,0.0,0.0,0.0,0.0,0.0,1.0,0.0,0.0,0.0,tied,1.0,0.0,True,False,1.0,0.0,True,False
e4,c10,B2048k,20,round_robin|gatedmoe_g,-0.00103,0.00445,0.3133030786031747,0.00038987185974515004,0.07786173262111173,1.3479290683626743e-08,-0.00071,0.00514,0.5415565393893922,0.0007168147917997469,0.06858436759245179,7.322582651347886e-08,choice,1.0,0.0015594874389806002,True,False,1.0,0.0028672591671989878,True,False
e4,c10,B2048k,20,gatedmoe_base|gatedmoe_g,-0.00103,0.00445,0.3133030786031747,0.00038987185974515004,0.07786173262111173,1.3479290683626743e-08,-0.00071,0.00514,0.5415565393893922,0.0007168147917997469,0.06858436759245179,7.322582651347886e-08,choice,1.0,0.0015594874389806002,True,False,1.0,0.0028672591671989878,True,False
e4,c10,B256k,10,learned_top1|random,0.00091,0.0042,0.5106698108282786,0.006589052761966473,0.13100449179441342,3.7733441103342064e-05,-0.0009,0.0062,0.6570719585778478,0.03302172676737758,0.2177497985219503,0.000608185628611646,choice,1.0,0.03294526380983236,True,False,1.0,0.13208690706951032,False,False
e4,c10,B256k,10,learned_top1|round_robin,0.00174,0.00468,0.2697602494528033,0.027520481114366013,0.30993105153764056,0.00017088982647081274,-0.00046,0.00664,0.831546585997189,0.029471539243350997,0.17842306986612277,0.0007013729465324969,choice,1.0,0.08256144334309803,False,False,1.0,0.08841461773005299,False,False
e4,c10,B256k,10,learned_top1|gatedmoe_base,0.00174,0.00468,0.2697602494528033,0.027520481114366013,0.30993105153764056,0.00017088982647081274,-0.00046,0.00664,0.831546585997189,0.029471539243350997,0.17842306986612277,0.0007013729465324969,choice,1.0,0.08256144334309803,False,False,1.0,0.08841461773005299,False,False
e4,c10,B256k,10,learned_top1|gatedmoe_g,0.00174,0.00468,0.2697602494528033,0.027520481114366013,0.30993105153764056,0.00017088982647081274,-0.00046,0.00664,0.831546585997189,0.029471539243350997,0.17842306986612277,0.0007013729465324969,choice,1.0,0.08454043560343155,False,False,1.0,0.08841461773005299,False,False
e4,c10,B256k,10,random|round_robin,0.00083,0.00487,0.603119404612539,0.012061845192552389,0.15327061349914306,0.00010735784279439234,0.00044,0.00427,0.7519737523204492,0.004081772131134029,0.08071903073437828,2.895459277808917e-05,choice,1.0,0.03618553557765716,True,False,1.0,0.016327088524536116,True,False
e4,c10,B256k,10,random|gatedmoe_base,0.00083,0.00487,0.603119404612539,0.012061845192552389,0.15327061349914306,0.00010735784279439234,0.00044,0.00427,0.7519737523204492,0.004081772131134029,0.08071903073437828,2.895459277808917e-05,choice,1.0,0.03618553557765716,True,False,1.0,0.016327088524536116,True,False
e4,c10,B256k,10,random|gatedmoe_g,0.00083,0.00487,0.603119404612539,0.012061845192552389,0.15327061349914306,0.00010735784279439234,0.00044,0.00427,0.7519737523204492,0.004081772131134029,0.08071903073437828,2.895459277808917e-05,choice,1.0,0.048247380770209555,True,False,1.0,0.016327088524536116,True,False
e4,c10,B256k,10,round_robin|gatedmoe_base,0.0,0.0,1.0,0.0,0.0,0.0,0.0,0.0,1.0,0.0,0.0,0.0,tied,1.0,0.0,True,False,1.0,0.0,True,False
e4,c10,B256k,10,round_robin|gatedmoe_g,0.0,0.0,1.0,0.0,0.0,0.0,0.0,0.0,1.0,0.0,0.0,0.0,tied,1.0,0.0,True,False,1.0,0.0,True,False
e4,c10,B256k,10,gatedmoe_base|gatedmoe_g,0.0,0.0,1.0,0.0,0.0,0.0,0.0,0.0,1.0,0.0,0.0,0.0,tied,1.0,0.0,True,False,1.0,0.0,True,False
e4,c10,B320k,20,learned_top1|random,-0.00013,0.0053,0.9137422388074463,0.00029650813967518896,0.029930756048401452,4.5393105385649335e-08,-0.00019,0.00621,0.892588260197454,0.0012981190138459109,0.05627740054227903,5.032635520541007e-07,choice,1.0,0.0017790488380511338,True,False,1.0,0.007788714083075465,True,False
e4,c10,B320k,20,learned_top1|round_robin,0.00079,0.00462,0.45127032180503723,0.0003278492474265964,0.057737721665430834,1.6451055028069124e-08,0.00025,0.00486,0.8240573018270682,0.00016284715056217496,0.025915478759363033,1.4568263968147175e-08,choice,1.0,0.0019670954845595785,True,False,1.0,0.0009770829033730498,True,False
e4,c10,B320k,20,learned_top1|gatedmoe_base,0.00079,0.00462,0.45127032180503723,0.0003278492474265964,0.057737721665430834,1.6451055028069124e-08,0.00025,0.00486,0.8240573018270682,0.00016284715056217496,0.025915478759363033,1.4568263968147175e-08,choice,1.0,0.0019670954845595785,True,False,1.0,0.0009770829033730498,True,False
e4,c10,B320k,20,learned_top1|gatedmoe_g,0.00131,0.00757,0.44674472347787775,0.021135108900857888,0.2461574223470543,2.9657539110668865e-05,0.0009,0.0075,0.5977419915719633,0.01220884170665406,0.17602394980484354,1.5486618710510997e-05,choice,1.0,0.08454043560343155,False,False,1.0,0.04883536682661624,True,False
e4,c10,B320k,20,random|round_robin,0.00093,0.0065,0.5318246773234414,0.005643053237957014,0.14588737153327114,2.6626006803755215e-06,0.00044,0.00652,0.7687788847330412,0.002759820052049264,0.08653166086420047,1.403405588749535e-06,choice,1.0,0.02633758654792484,True,False,1.0,0.01379910026024632,True,False
e4,c10,B320k,20,random|gatedmoe_base,0.00093,0.0065,0.5318246773234414,0.005643053237957014,0.14588737153327114,2.6626006803755215e-06,0.00044,0.00652,0.7687788847330412,0.002759820052049264,0.08653166086420047,1.403405588749535e-06,choice,1.0,0.02633758654792484,True,False,1.0,0.01379910026024632,True,False
e4,c10,B320k,20,random|gatedmoe_g,0.00144,0.00665,0.3435739405939793,0.01369124754105825,0.24340840836023597,7.648320063099237e-06,0.00109,0.00535,0.3740083718097891,0.002033294438213241,0.12672981379986709,2.4106248411845076e-07,choice,1.0,0.048247380770209555,True,False,1.0,0.010166472191066206,True,False
e4,c10,B320k,20,round_robin|gatedmoe_base,0.0,0.0,1.0,0.0,0.0,0.0,0.0,0.0,1.0,0.0,0.0,0.0,tied,1.0,0.0,True,False,1.0,0.0,True,False
e4,c10,B320k,20,round_robin|gatedmoe_g,0.00052,0.00719,0.7498612379396828,0.0058764445817245745,0.11653838702575359,5.585930868775817e-06,0.00065,0.00679,0.671163892353403,0.005004626968366218,0.11969049693666148,3.2545792790955445e-06,choice,1.0,0.0058764445817245745,True,False,1.0,0.010009253936732436,True,False
e4,c10,B320k,20,gatedmoe_base|gatedmoe_g,0.00052,0.00719,0.7498612379396828,0.0058764445817245745,0.11653838702575359,5.585930868775817e-06,0.00065,0.00679,0.671163892353403,0.005004626968366218,0.11969049693666148,3.2545792790955445e-06,choice,1.0,0.0058764445817245745,True,False,1.0,0.010009253936732436,True,False
e4,c10,B512k,20,learned_top1|random,0.0013,0.00609,0.35209624158142994,0.006867878642816729,0.19478052126697182,2.0056870632628605e-06,0.00125,0.00613,0.3749354411433038,0.006500791125844626,0.18559604679462938,1.98310076368118e-06,choice,1.0,0.03294526380983236,True,False,1.0,0.03250395562922313,True,False
e4,c10,B512k,20,learned_top1|round_robin,0.00095,0.00562,0.4589132202539462,0.0022385723419051807,0.11621698524777087,3.8469969387445325e-07,0.00084,0.00595,0.5355017269461408,0.002785269654084719,0.11374863608563793,7.263500191310767e-07,choice,1.0,0.010648797698858951,True,False,1.0,0.01381794675614391,True,False
e4,c10,B512k,20,learned_top1|gatedmoe_base,0.00095,0.00562,0.4589132202539462,0.0022385723419051807,0.11621698524777087,3.8469969387445325e-07,0.00084,0.00595,0.5355017269461408,0.002785269654084719,0.11374863608563793,7.263500191310767e-07,choice,1.0,0.010648797698858951,True,False,1.0,0.01381794675614391,True,False
e4,c10,B512k,20,learned_top1|gatedmoe_g,0.0014,0.00658,0.353480820510344,0.012181851683288107,0.2320103488042572,6.2794483544505125e-06,0.00136,0.00571,0.30008554209249655,0.005106809857051345,0.1915187021565803,9.1385912189629e-07,choice,1.0,0.060909258416440536,False,False,1.0,0.025534049285256724,True,False
e4,c10,B512k,20,random|round_robin,-0.00035,0.00733,0.8331758180726605,0.005267517309584968,0.1026116118027518,5.70182359915794e-06,-0.00041,0.00839,0.8313898063568829,0.012094901569459582,0.13903138861879327,3.081782254132914e-05,choice,1.0,0.02633758654792484,True,False,1.0,0.036284704708378746,True,False
e4,c10,B512k,20,random|gatedmoe_base,-0.00035,0.00733,0.8331758180726605,0.005267517309584968,0.1026116118027518,5.70182359915794e-06,-0.00041,0.00839,0.8313898063568829,0.012094901569459582,0.13903138861879327,3.081782254132914e-05,choice,1.0,0.02633758654792484,True,False,1.0,0.036284704708378746,True,False
e4,c10,B512k,20,random|gatedmoe_g,0.0001,0.00603,0.941692553533082,0.0008877996921258652,0.04563943118623687,2.9519192148293824e-07,0.00011,0.00764,0.9470610421720262,0.005032499469581307,0.08950379552363823,7.1336139651986245e-06,choice,1.0,0.004438998460629326,True,False,1.0,0.016327088524536116,True,False
e4,c10,B512k,20,round_robin|gatedmoe_base,0.0,0.0,1.0,0.0,0.0,0.0,0.0,0.0,1.0,0.0,0.0,0.0,tied,1.0,0.0,True,False,1.0,0.0,True,False
e4,c10,B512k,20,round_robin|gatedmoe_g,0.00045,0.00576,0.7306905574901893,0.001113703634781972,0.0640161400168405,2.5480430491165365e-07,0.00052,0.00547,0.6755742951954001,0.0008286434386026493,0.061021609512984507,1.3409777435668622e-07,choice,1.0,0.003341110904345916,True,False,1.0,0.0028672591671989878,True,False
e4,c10,B512k,20,gatedmoe_base|gatedmoe_g,0.00045,0.00576,0.7306905574901893,0.001113703634781972,0.0640161400168405,2.5480430491165365e-07,0.00052,0.00547,0.6755742951954001,0.0008286434386026493,0.061021609512984507,1.3409777435668622e-07,choice,1.0,0.003341110904345916,True,False,1.0,0.0028672591671989878,True,False
s1,c100,m1v0,10,learned_top1|random,0.0,0.0,1.0,0.0,0.0,0.0,0.0,0.0,1.0,0.0,0.0,0.0,tied,1.0,0.0,True,False,1.0,0.0,True,False
s1,c100,m1v0,10,learned_top1|round_robin,0.0,0.0,1.0,0.0,0.0,0.0,0.0,0.0,1.0,0.0,0.0,0.0,tied,1.0,0.0,True,False,1.0,0.0,True,False
s1,c100,m1v0,10,learned_top1|gatedmoe_base,0.0,0.0,1.0,0.0,0.0,0.0,0.0,0.0,1.0,0.0,0.0,0.0,tied,1.0,0.0,True,False,1.0,0.0,True,False
s1,c100,m1v0,10,random|round_robin,0.0,0.0,1.0,0.0,0.0,0.0,0.0,0.0,1.0,0.0,0.0,0.0,tied,1.0,0.0,True,False,1.0,0.0,True,False
s1,c100,m1v0,10,random|gatedmoe_base,0.0,0.0,1.0,0.0,0.0,0.0,0.0,0.0,1.0,0.0,0.0,0.0,tied,1.0,0.0,True,False,1.0,0.0,True,False
s1,c100,m1v0,10,round_robin|gatedmoe_base,0.0,0.0,1.0,0.0,0.0,0.0,0.0,0.0,1.0,0.0,0.0,0.0,tied,1.0,0.0,True,False,1.0,0.0,True,False
s1,c100,m1v1,10,learned_top1|random,0.0,0.0,1.0,0.0,0.0,0.0,0.0,0.0,1.0,0.0,0.0,0.0,tied,1.0,0.0,True,False,1.0,0.0,True,False
s1,c100,m1v1,10,learned_top1|round_robin,0.0,0.0,1.0,0.0,0.0,0.0,0.0,0.0,1.0,0.0,0.0,0.0,tied,1.0,0.0,True,False,1.0,0.0,True,False
s1,c100,m1v1,10,learned_top1|gatedmoe_base,0.0,0.0,1.0,0.0,0.0,0.0,0.0,0.0,1.0,0.0,0.0,0.0,tied,1.0,0.0,True,False,1.0,0.0,True,False
s1,c100,m1v1,10,random|round_robin,0.0,0.0,1.0,0.0,0.0,0.0,0.0,0.0,1.0,0.0,0.0,0.0,tied,1.0,0.0,True,False,1.0,0.0,True,False
s1,c100,m1v1,10,random|gatedmoe_base,0.0,0.0,1.0,0.0,0.0,0.0,0.0,0.0,1.0,0.0,0.0,0.0,tied,1.0,0.0,True,False,1.0,0.0,True,False
s1,c100,m1v1,10,round_robin|gatedmoe_base,0.0,0.0,1.0,0.0,0.0,0.0,0.0,0.0,1.0,0.0,0.0,0.0,tied,1.0,0.0,True,False,1.0,0.0,True,False
s1,c100,m2v0,10,learned_top1|random,0.00214,0.00597,0.28659669829902307,0.08218027732400002,0.42655172701043054,0.0012230469492197273,0.00157,0.00556,0.39544335997387814,0.04151644233985398,0.3049401900192299,0.0004927712352330822,choice,1.0,0.15315888155953,False,False,1.0,0.16606576935941592,False,False
s1,c100,m2v0,10,learned_top1|round_robin,0.00046,0.00366,0.7001643332200821,0.0017435193861977275,0.055828355655488694,8.676397134837153e-06,-0.00052,0.00367,0.6646181184162454,0.0019198932544346459,0.06104711005593744,9.346223802553233e-06,choice,1.0,0.0124640560389504,True,False,1.0,0.01664533360273457,True,False
s1,c100,m2v0,10,learned_top1|gatedmoe_base,-0.0003,0.00479,0.8475063260923414,0.006353673635045687,0.09030695923993615,6.26811529237381e-05,-0.0014,0.00479,0.3792934126280022,0.020696348530473863,0.2430049449931626,0.00015098420959247516,choice,1.0,0.031768368175228434,True,False,1.0,0.09541542162656189,False,False
s1,c100,m2v0,10,random|round_robin,-0.00168,0.00441,0.2594326952402587,0.02066076200957445,0.2856592674409508,0.00010623874232440489,-0.00209,0.0034,0.0837482708611191,0.01205900009062022,0.35588076868694585,2.1451996682242402e-05,choice,1.0,0.061982286028723355,False,False,0.9212309794723101,0.04823600036248088,True,False
s1,c100,m2v0,10,random|gatedmoe_base,-0.00244,0.00385,0.07602584476541803,0.032408621769704604,0.48088403938426283,7.848609566729614e-05,-0.00297,0.00282,0.008867158122885162,0.024570732953122287,0.6942670128751665,1.2603660893728552e-05,choice,0.8362842924195983,0.07696558391793581,False,False,0.09753873935173678,0.07371219885936686,False,False
s1,c100,m2v0,10,round_robin|gatedmoe_base,-0.00076,0.0024,0.34343639613791355,0.00017170720515258253,0.023907902252587876,3.4439858054291506e-07,-0.00088,0.00278,0.34343639613791355,0.0005746265020025731,0.04938438597763084,1.3279583762626501e-06,tied,1.0,0.00017170720515258253,True,False,1.0,0.0005746265020025731,True,False
s1,c100,m2v1,10,learned_top1|random,-0.00036,0.00349,0.7519114631623613,0.0011513590772280757,0.042316882385499466,5.481968848863872e-06,0.00043,0.00339,0.6975709063350456,0.0010481060674378422,0.042714896024398666,4.546518929186264e-06,choice,1.0,0.010362231695052682,True,False,1.0,0.00943295460694058,True,False
s1,c100,m2v1,10,learned_top1|round_robin,-0.00056,0.00427,0.6882751794476906,0.004721503304882413,0.09246667610053094,3.212358382986835e-05,0.00033,0.00411,0.8053691380353168,0.002913234479165265,0.06475143489234526,1.9740330788528233e-05,choice,1.0,0.023607516524412064,True,False,1.0,0.020392641354156856,True,False
s1,c100,m2v1,10,learned_top1|gatedmoe_base,-0.00056,0.00427,0.6882751794476906,0.004721503304882413,0.09246667610053094,3.212358382986835e-05,0.00033,0.00411,0.8053691380353168,0.002913234479165265,0.06475143489234526,1.9740330788528233e-05,choice,1.0,0.028329019829294477,True,False,1.0,0.02330587583332212,True,False
s1,c100,m2v1,10,random|round_robin,-0.0002,0.00464,0.8945137200089043,0.004815101974364744,0.07560402673472155,4.512436270553977e-05,-0.0001,0.00415,0.940915522461284,0.0023323711556550997,0.05031519743395452,1.7609152929143335e-05,choice,1.0,0.028890611846188463,True,False,1.0,0.013994226933930598,True,False
s1,c100,m2v1,10,random|gatedmoe_base,-0.0002,0.00464,0.8945137200089043,0.004815101974364744,0.07560402673472155,4.512436270553977e-05,-0.0001,0.00415,0.940915522461284,0.0023323711556550997,0.05031519743395452,1.7609152929143335e-05,choice,1.0,0.028890611846188463,True,False,1.0,0.013994226933930598,True,False
s1,c100,m2v1,10,round_robin|gatedmoe_base,0.0,0.0,1.0,0.0,0.0,0.0,0.0,0.0,1.0,0.0,0.0,0.0,tied,1.0,0.0,True,False,1.0,0.0,True,False
s1,c100,m3v0,10,learned_top1|random,-0.00133,0.00357,0.2688433320662359,0.004984697829026108,0.16347140975403696,1.5281569755720703e-05,-0.00306,0.00497,0.08343583846942645,0.12421853862959165,0.6350582604906342,0.0008421772360065471,choice,1.0,0.034892884803182755,True,False,0.7509225462248381,0.2484370772591833,False,False
s1,c100,m3v0,10,learned_top1|round_robin,0.00023,0.00565,0.9003467561245124,0.012785204834562738,0.11776021569074989,0.00019730052963046638,-0.00021,0.00652,0.9210673548699675,0.022580560265744842,0.1476349970488533,0.0005216168106301211,choice,1.0,0.04783904844846519,True,False,1.0,0.07633233730124951,False,False
s1,c100,m3v0,10,learned_top1|gatedmoe_base,0.00023,0.00565,0.9003467561245124,0.012785204834562738,0.11776021569074989,0.00019730052963046638,-0.00021,0.00652,0.9210673548699675,0.022580560265744842,0.1476349970488533,0.0005216168106301211,choice,1.0,0.04783904844846519,True,False,1.0,0.09541542162656189,False,False
s1,c100,m3v0,10,random|round_robin,0.00156,0.00484,0.3349548757764739,0.02565519463931194,0.277264495521513,0.00018732750925612896,0.00285,0.00473,0.08902820928897279,0.09215914919920279,0.589916310014795,0.0004994197214760642,choice,1.0,0.061982286028723355,False,False,0.9212309794723101,0.09215914919920279,False,False
s1,c100,m3v0,10,random|gatedmoe_base,0.00156,0.00484,0.3349548757764739,0.02565519463931194,0.277264495521513,0.00018732750925612896,0.00285,0.00473,0.08902820928897279,0.09215914919920279,0.589916310014795,0.0004994197214760642,choice,1.0,0.07696558391793581,False,False,0.8902820928897279,0.09215914919920279,False,False
s1,c100,m3v0,10,round_robin|gatedmoe_base,0.0,0.0,1.0,0.0,0.0,0.0,0.0,0.0,1.0,0.0,0.0,0.0,tied,1.0,0.0,True,False,1.0,0.0,True,False
s1,c100,m3v1,10,learned_top1|random,0.00266,0.00474,0.1098995932322542,0.076579440779765,0.5413070353935254,0.00042748355332484323,0.00353,0.00492,0.04934634108746857,0.18457527137288987,0.7378471387680705,0.001222084588250979,choice,1.0,0.15315888155953,False,False,0.4934634108746857,0.2484370772591833,False,False
s1,c100,m3v1,10,learned_top1|round_robin,0.00133,0.00524,0.4425606224184119,0.026943573466575308,0.24886039238336444,0.0002688731385543665,0.00271,0.0044,0.08299971179243196,0.06692174326207592,0.5583806408036396,0.00026564155865007965,choice,1.0,0.04783904844846519,True,False,0.8299971179243195,0.1330910345748999,False,False
s1,c100,m3v1,10,learned_top1|gatedmoe_base,0.00133,0.00524,0.4425606224184119,0.026943573466575308,0.24886039238336444,0.0002688731385543665,0.00271,0.0044,0.08299971179243196,0.06692174326207592,0.5583806408036396,0.00026564155865007965,choice,1.0,0.04783904844846519,True,False,0.8299971179243195,0.1330910345748999,False,False
s1,c100,m3v1,10,random|round_robin,-0.00133,0.00373,0.28907025028113054,0.006273382607267175,0.17378242807070432,2.177997791641406e-05,-0.00082,0.00306,0.418900939313118,0.000969302530328009,0.05833679352454357,2.777499036765718e-06,choice,1.0,0.031366913036335875,True,False,1.0,0.007754420242624072,True,False
s1,c100,m3v1,10,random|gatedmoe_base,-0.00133,0.00373,0.28907025028113054,0.006273382607267175,0.17378242807070432,2.177997791641406e-05,-0.00082,0.00306,0.418900939313118,0.000969302530328009,0.05833679352454357,2.777499036765718e-06,choice,1.0,0.031366913036335875,True,False,1.0,0.007754420242624072,True,False
s1,c100,m3v1,10,round_robin|gatedmoe_base,0.0,0.0,1.0,0.0,0.0,0.0,0.0,0.0,1.0,0.0,0.0,0.0,tied,1.0,0.0,True,False,1.0,0.0,True,False
s1,c100,m4v0,10,learned_top1|random,-0.00266,0.00401,0.06530579657385206,0.049001056851212366,0.5488295747836596,0.00013139914138216024,-0.00303,0.00335,0.018747333525559687,0.047893385070396755,0.6856176169553599,5.0710965037725764e-05,choice,0.7183637623123726,0.1470031705536371,False,False,0.20622066878115655,0.16606576935941592,False,False
s1,c100,m4v0,10,learned_top1|round_robin,-0.0014,0.00478,0.37874040907765416,0.02059868293402245,0.24274769817373154,0.00014966932990101434,-0.00246,0.00486,0.1442400901294375,0.06654551728744995,0.4899110825336592,0.0004228786451500044,choice,1.0,0.04783904844846519,True,False,1.0,0.1330910345748999,False,False
s1,c100,m4v0,10,learned_top1|gatedmoe_base,-0.0014,0.00478,0.37874040907765416,0.02059868293402245,0.24274769817373154,0.00014966932990101434,-0.00246,0.00486,0.1442400901294375,0.06654551728744995,0.4899110825336592,0.0004228786451500044,choice,1.0,0.04783904844846519,True,False,1.0,0.1330910345748999,False,False
s1,c100,m4v0,10,random|round_robin,0.00126,0.00338,0.26830692349436003,0.0033507772957518697,0.13773172314227156,9.224575056900993e-06,0.00057,0.00386,0.6516741573946068,0.0027486147656421377,0.07418230542332445,1.4631991260457983e-05,choice,1.0,0.023455441070263087,True,False,1.0,0.013994226933930598,True,False
s1,c100,m4v0,10,random|gatedmoe_base,0.00126,0.00338,0.26830692349436003,0.0033507772957518697,0.13773172314227156,9.224575056900993e-06,0.00057,0.00386,0.6516741573946068,0.0027486147656421377,0.07418230542332445,1.4631991260457983e-05,choice,1.0,0.023455441070263087,True,False,1.0,0.013994226933930598,True,False
s1,c100,m4v0,10,round_robin|gatedmoe_base,0.0,0.0,1.0,0.0,0.0,0.0,0.0,0.0,1.0,0.0,0.0,0.0,tied,1.0,0.0,True,False,1.0,0.0,True,False
s1,c100,m4v1,10,learned_top1|random,-0.00153,0.00379,0.233406831117505,0.008837174734869557,0.21944454503911048,2.921732766769658e-05,-0.00196,0.00433,0.18580158469924302,0.02670110816572846,0.3511375309550151,0.00011796673876074415,choice,1.0,0.044362800324360574,True,False,1.0,0.1335055408286423,False,False
s1,c100,m4v1,10,learned_top1|round_robin,-0.00121,0.00294,0.2253562989658784,0.0013848951154389333,0.09930476460561422,2.844293912951379e-06,-0.00216,0.00326,0.06557017945195846,0.011137619114648722,0.3745178609153119,1.651711485672891e-05,choice,1.0,0.0124640560389504,True,False,0.7212719739715431,0.05568809557324361,False,False
s1,c100,m4v1,10,learned_top1|gatedmoe_base,-0.00121,0.00294,0.2253562989658784,0.0013848951154389333,0.09930476460561422,2.844293912951379e-06,-0.00216,0.00326,0.06557017945195846,0.011137619114648722,0.3745178609153119,1.651711485672891e-05,choice,1.0,0.0124640560389504,True,False,0.7212719739715431,0.06682571468789233,False,False
s1,c100,m4v1,10,random|round_robin,0.00032,0.00389,0.8006603395768247,0.0020972157218735106,0.055101832189708135,1.2648215533029839e-05,-0.0002,0.0039,0.8748057585072108,0.0018361591973264924,0.047588414402308654,1.1717008657874395e-05,choice,1.0,0.018874941496861596,True,False,1.0,0.012853114381285446,True,False
s1,c100,m4v1,10,random|gatedmoe_base,0.00032,0.00389,0.8006603395768247,0.0020972157218735106,0.055101832189708135,1.2648215533029839e-05,-0.0002,0.0039,0.8748057585072108,0.0018361591973264924,0.047588414402308654,1.1717008657874395e-05,choice,1.0,0.018874941496861596,True,False,1.0,0.012853114381285446,True,False
s1,c100,m4v1,10,round_robin|gatedmoe_base,0.0,0.0,1.0,0.0,0.0,0.0,0.0,0.0,1.0,0.0,0.0,0.0,tied,1.0,0.0,True,False,1.0,0.0,True,False
s1,c100,m6v0,10,learned_top1|random,-0.00037,0.00433,0.793206738761268,0.004067603296962985,0.07722506907271265,3.0636198918410074e-05,-0.0002,0.00456,0.8927147457508191,0.004402173170713786,0.07253856440058937,3.961697450827195e-05,choice,1.0,0.03254082637570388,True,False,1.0,0.0308152121949965,True,False
s1,c100,m6v0,10,learned_top1|round_robin,-0.00051,0.00348,0.6544865451840259,0.0013903156708398035,0.05220800442704199,6.113554236852892e-06,-0.00073,0.00348,0.523148621624421,0.001849481511414952,0.07085130303887044,7.227049676039599e-06,choice,1.0,0.0124640560389504,True,False,1.0,0.01664533360273457,True,False
s1,c100,m6v0,10,learned_top1|gatedmoe_base,-0.00051,0.00348,0.6544865451840259,0.0013903156708398035,0.05220800442704199,6.113554236852892e-06,-0.00073,0.00348,0.523148621624421,0.001849481511414952,0.07085130303887044,7.227049676039599e-06,choice,1.0,0.0124640560389504,True,False,1.0,0.01664533360273457,True,False
s1,c100,m6v0,10,random|round_robin,-0.00014,0.00422,0.9186543650964201,0.002674962835743644,0.055206978449032884,2.0577609892269422e-05,-0.00053,0.0028,0.5647594129331795,0.0003493346713722145,0.026706683891527527,1.0319818609660913e-06,choice,1.0,0.02139970268594915,True,False,1.0,0.0031440120423499307,True,False
s1,c100,m6v0,10,random|gatedmoe_base,-0.00014,0.00422,0.9186543650964201,0.002674962835743644,0.055206978449032884,2.0577609892269422e-05,-0.00053,0.0028,0.5647594129331795,0.0003493346713722145,0.026706683891527527,1.0319818609660913e-06,choice,1.0,0.02139970268594915,True,False,1.0,0.0031440120423499307,True,False
s1,c100,m6v0,10,round_robin|gatedmoe_base,0.0,0.0,1.0,0.0,0.0,0.0,0.0,0.0,1.0,0.0,0.0,0.0,tied,1.0,0.0,True,False,1.0,0.0,True,False
s1,c100,m6v1,10,learned_top1|random,-0.00063,0.0046,0.6748539695447675,0.007393800054060096,0.11514584839628883,5.9243591065905044e-05,-0.00048,0.00443,0.7396315908462039,0.005178915479181478,0.09151541590644396,3.959231081573922e-05,choice,1.0,0.044362800324360574,True,False,1.0,0.03107349287508887,True,False
s1,c100,m6v1,10,learned_top1|round_robin,-0.00127,0.00305,0.2208132569666104,0.0019114810027438534,0.117250283420132,4.102379599024708e-06,-0.00163,0.00367,0.19329581238508753,0.008699564889909306,0.23607523861742308,2.4878524184313022e-05,choice,1.0,0.0124640560389504,True,False,1.0,0.052197389339455835,False,False
s1,c100,m6v1,10,learned_top1|gatedmoe_base,-0.00127,0.00305,0.2208132569666104,0.0019114810027438534,0.117250283420132,4.102379599024708e-06,-0.00163,0.00367,0.19329581238508753,0.008699564889909306,0.23607523861742308,2.4878524184313022e-05,choice,1.0,0.013380367019206973,True,False,1.0,0.06089695422936514,False,False
s1,c100,m6v1,10,random|round_robin,-0.00064,0.0049,0.6894346134902265,0.01015531041509632,0.1304578393479069,9.67939149093544e-05,-0.00115,0.00493,0.47943911100486836,0.01778589992768509,0.20446638421024355,0.00015136838024121246,choice,1.0,0.04062124166038528,True,False,1.0,0.05335769978305527,False,False
s1,c100,m6v1,10,random|gatedmoe_base,-0.00064,0.0049,0.6894346134902265,0.01015531041509632,0.1304578393479069,9.67939149093544e-05,-0.00115,0.00493,0.47943911100486836,0.01778589992768509,0.20446638421024355,0.00015136838024121246,choice,1.0,0.04062124166038528,True,False,1.0,0.07114359971074036,False,False
s1,c100,m6v1,10,round_robin|gatedmoe_base,0.0,0.0,1.0,0.0,0.0,0.0,0.0,0.0,1.0,0.0,0.0,0.0,tied,1.0,0.0,True,False,1.0,0.0,True,False
s1,c100,m8v0,10,learned_top1|random,-0.00119,0.00455,0.42923575155125493,0.013236771144047865,0.1929785898590899,8.665060347767817e-05,-0.00097,0.00334,0.38305042865166694,0.002076997393476887,0.09098486224767732,6.5637934820728105e-06,choice,1.0,0.05294708457619146,False,False,1.0,0.016615979147815096,True,False
s1,c100,m8v0,10,learned_top1|round_robin,0.00093,0.00475,0.5508244877132187,0.011959762112116298,0.16138751176426414,9.59819738392058e-05,0.00114,0.00503,0.4916790829834631,0.019083084325312378,0.20733152759438872,0.00017348573451997446,choice,1.0,0.04783904844846519,True,False,1.0,0.07633233730124951,False,False
s1,c100,m8v0,10,learned_top1|gatedmoe_base,0.00093,0.00475,0.5508244877132187,0.011959762112116298,0.16138751176426414,9.59819738392058e-05,0.00114,0.00503,0.4916790829834631,0.019083084325312378,0.20733152759438872,0.00017348573451997446,choice,1.0,0.04783904844846519,True,False,1.0,0.09541542162656189,False,False
s1,c100,m8v0,10,random|round_robin,0.00212,0.00515,0.22548642037681993,0.05544730139246162,0.41039354203188344,0.00046254022694181696,0.00211,0.00443,0.166697600264554,0.03469895219536695,0.39361251016856813,0.00016167023469880712,choice,1.0,0.061982286028723355,False,False,1.0,0.0693979043907339,False,False
s1,c100,m8v0,10,random|gatedmoe_base,0.00212,0.00515,0.22548642037681993,0.05544730139246162,0.41039354203188344,0.00046254022694181696,0.00211,0.00443,0.166697600264554,0.03469895219536695,0.39361251016856813,0.00016167023469880712,choice,1.0,0.07696558391793581,False,False,1.0,0.07371219885936686,False,False
s1,c100,m8v0,10,round_robin|gatedmoe_base,0.0,0.0,1.0,0.0,0.0,0.0,0.0,0.0,1.0,0.0,0.0,0.0,tied,1.0,0.0,True,False,1.0,0.0,True,False
