grid,dataset,cell,n_seeds,pair,mean_diff,sd_diff,p_diff,p_tost,p_tost_half_eps,p_tost_2eps,p_diff_holm,p_tost_holm,equivalent_at_eps,significant_diff
e1,c10,B13322k,10,learned_top1|random,0.00039,0.00316,0.7050614154693545,0.0006280527688927384,0.03182093489382944,2.4489827388793507e-06,1.0,0.010676897071176552,True,False
e1,c10,B13322k,10,learned_top1|round_robin,0.00042,0.00238,0.5900488654634481,9.05425270562517e-05,0.010939471453191392,2.3060897860890136e-07,1.0,0.0015392229599562788,True,False
e1,c10,B13322k,10,learned_top1|gatedmoe_base,0.00042,0.00238,0.5900488654634481,9.05425270562517e-05,0.010939471453191392,2.3060897860890136e-07,1.0,0.0015392229599562788,True,False
e1,c10,B13322k,10,learned_top1|gatedmoe_g,0.0012,0.0039,0.3556212199591784,0.00653231651548921,0.15948235873203145,2.7099472567349326e-05,1.0,0.0718554816703813,False,False
e1,c10,B13322k,10,random|round_robin,3e-05,0.00257,0.971358835557329,8.794992537325686e-05,0.007016772387181605,3.1889733005000266e-07,1.0,0.0011433490298523392,True,False
e1,c10,B13322k,10,random|gatedmoe_base,3e-05,0.00257,0.971358835557329,8.794992537325686e-05,0.007016772387181605,3.1889733005000266e-07,1.0,0.0011433490298523392,True,False
e1,c10,B13322k,10,random|gatedmoe_g,0.00081,0.0025,0.33173668560681496,0.00024477372825354834,0.030491575702920503,4.991444924623566e-07,1.0,0.0034268321955496766,True,False
e1,c10,B13322k,10,round_robin|gatedmoe_base,0.0,0.0,1.0,0.0,0.0,0.0,1.0,0.0,True,False
e1,c10,B13322k,10,round_robin|gatedmoe_g,0.00078,0.00263,0.3725938990392229,0.0003330539373319791,0.03423532272465002,7.509079553044483e-07,1.0,0.003269382849888647,True,False
e1,c10,B13322k,10,gatedmoe_base|gatedmoe_g,0.00078,0.00263,0.3725938990392229,0.0003330539373319791,0.03423532272465002,7.509079553044483e-07,1.0,0.003269382849888647,True,False
e1,c10,B17350k,10,learned_top1|random,-0.00121,0.00495,0.45928814934014295,0.019257491209077493,0.21556055891788573,0.000163725667160608,1.0,0.09559177074465797,False,False
e1,c10,B17350k,10,learned_top1|round_robin,4e-05,0.00538,0.9817632637266398,0.008597311473174687,0.09113486345979029,0.00012160508499703041,1.0,0.08085504039505698,False,False
e1,c10,B17350k,10,learned_top1|gatedmoe_base,4e-05,0.00538,0.9817632637266398,0.008597311473174687,0.09113486345979029,0.00012160508499703041,1.0,0.08085504039505698,False,False
e1,c10,B17350k,10,learned_top1|gatedmoe_g,0.00051,0.00436,0.719920444796494,0.004937623936752913,0.09133970799226993,3.591560454716806e-05,1.0,0.05925148724103495,False,False
e1,c10,B17350k,10,random|round_robin,0.00125,0.00374,0.3185967089963314,0.0057081209478523675,0.15929835449816807,2.072998847564717e-05,1.0,0.034248725687114207,True,False
e1,c10,B17350k,10,random|gatedmoe_base,0.00125,0.00374,0.3185967089963314,0.0057081209478523675,0.15929835449816807,2.072998847564717e-05,1.0,0.034248725687114207,True,False
e1,c10,B17350k,10,random|gatedmoe_g,0.00172,0.00346,0.15085702980420937,0.007551366226946528,0.24725713865524046,1.7376474342097543e-05,1.0,0.05098231230601691,False,False
e1,c10,B17350k,10,round_robin|gatedmoe_base,0.0,0.0,1.0,0.0,0.0,0.0,1.0,0.0,True,False
e1,c10,B17350k,10,round_robin|gatedmoe_g,0.00047,0.00209,0.494311545658915,3.671731627333329e-05,0.0066055254167038,7.828732472987524e-08,1.0,0.0004406077952799995,True,False
e1,c10,B17350k,10,gatedmoe_base|gatedmoe_g,0.00047,0.00209,0.494311545658915,3.671731627333329e-05,0.0066055254167038,7.828732472987524e-08,1.0,0.0004406077952799995,True,False
e1,c10,B3907k,10,learned_top1|random,0.00044,0.00489,0.7824324646069399,0.008124897191856042,0.10777378337699664,8.11350287550254e-05,1.0,0.08124897191856043,False,False
e1,c10,B3907k,10,learned_top1|round_robin,0.00044,0.00489,0.7824324646069399,0.008124897191856042,0.10777378337699664,8.11350287550254e-05,1.0,0.08085504039505698,False,False
e1,c10,B3907k,10,learned_top1|gatedmoe_base,0.00044,0.00489,0.7824324646069399,0.008124897191856042,0.10777378337699664,8.11350287550254e-05,1.0,0.08085504039505698,False,False
e1,c10,B3907k,10,learned_top1|gatedmoe_g,0.00044,0.00489,0.7824324646069399,0.008124897191856042,0.10777378337699664,8.11350287550254e-05,1.0,0.07461455477942887,False,False
e1,c10,B3907k,10,random|round_robin,0.0,0.0,1.0,0.0,0.0,0.0,1.0,0.0,True,False
e1,c10,B3907k,10,random|gatedmoe_base,0.0,0.0,1.0,0.0,0.0,0.0,1.0,0.0,True,False
e1,c10,B3907k,10,random|gatedmoe_g,0.0,0.0,1.0,0.0,0.0,0.0,1.0,0.0,True,False
e1,c10,B3907k,10,round_robin|gatedmoe_base,0.0,0.0,1.0,0.0,0.0,0.0,1.0,0.0,True,False
e1,c10,B3907k,10,round_robin|gatedmoe_g,0.0,0.0,1.0,0.0,0.0,0.0,1.0,0.0,True,False
e1,c10,B3907k,10,gatedmoe_base|gatedmoe_g,0.0,0.0,1.0,0.0,0.0,0.0,1.0,0.0,True,False
e1,c10,B5748k,10,learned_top1|random,-0.00147,0.0046,0.33877095463459167,0.019118354148931593,0.24847938075899878,0.00012005637790046819,1.0,0.09559177074465797,False,False
e1,c10,B5748k,10,learned_top1|round_robin,-0.00147,0.0046,0.33877095463459167,0.019118354148931593,0.24847938075899878,0.00012005637790046819,1.0,0.10911580793291789,False,False
e1,c10,B5748k,10,learned_top1|gatedmoe_base,-0.00164,0.00482,0.30973568929318435,0.027427711570147784,0.29311016161576875,0.00019325920356538795,1.0,0.10971084628059113,False,False
e1,c10,B5748k,10,learned_top1|gatedmoe_g,-0.00147,0.0046,0.33877095463459167,0.019118354148931593,0.24847938075899878,0.00012005637790046819,1.0,0.11471012489358956,False,False
e1,c10,B5748k,10,random|round_robin,0.0,0.0,1.0,0.0,0.0,0.0,1.0,0.0,True,False
e1,c10,B5748k,10,random|gatedmoe_base,-0.00017,0.00054,0.34343639613791355,2.0167711944907296e-10,1.231704296333902e-07,3.4849900742983664e-13,1.0,3.0251567917360944e-09,True,False
e1,c10,B5748k,10,random|gatedmoe_g,0.0,0.0,1.0,0.0,0.0,0.0,1.0,0.0,True,False
e1,c10,B5748k,10,round_robin|gatedmoe_base,-0.00017,0.00054,0.34343639613791355,2.0167711944907296e-10,1.231704296333902e-07,3.4849900742983664e-13,1.0,2.0167711944907296e-10,True,False
e1,c10,B5748k,10,round_robin|gatedmoe_g,0.0,0.0,1.0,0.0,0.0,0.0,1.0,0.0,True,False
e1,c10,B5748k,10,gatedmoe_base|gatedmoe_g,0.00017,0.00054,0.34343639613791355,2.0167710311734613e-10,1.2317042956754787e-07,3.4843638196859433e-13,1.0,2.6218023405255e-09,True,False
e1,c10,B6100k,10,learned_top1|random,0.00032,0.00352,0.7805239228368529,0.0011549213487743791,0.04108671498846391,5.7066131027228825e-06,1.0,0.017323820231615685,True,False
e1,c10,B6100k,10,learned_top1|round_robin,0.00168,0.00434,0.25195676518491206,0.01932927629845879,0.28244333704311664,9.378199612785718e-05,1.0,0.10911580793291789,False,False
e1,c10,B6100k,10,learned_top1|gatedmoe_base,0.00168,0.00434,0.25195676518491206,0.01932927629845879,0.28244333704311664,9.378199612785718e-05,1.0,0.10911580793291789,False,False
e1,c10,B6100k,10,learned_top1|gatedmoe_g,0.00168,0.00434,0.25195676518491206,0.01932927629845879,0.28244333704311664,9.378199612785718e-05,1.0,0.11471012489358956,False,False
e1,c10,B6100k,10,random|round_robin,0.00136,0.00472,0.38609700778281675,0.01874413998558693,0.23234131244002465,0.00013189120556159655,1.0,0.034248725687114207,True,False
e1,c10,B6100k,10,random|gatedmoe_base,0.00136,0.00472,0.38609700778281675,0.01874413998558693,0.23234131244002465,0.00013189120556159655,1.0,0.034248725687114207,True,False
e1,c10,B6100k,10,random|gatedmoe_g,0.00136,0.00472,0.38609700778281675,0.01874413998558693,0.23234131244002465,0.00013189120556159655,1.0,0.07497655994234773,False,False
e1,c10,B6100k,10,round_robin|gatedmoe_base,0.0,0.0,1.0,0.0,0.0,0.0,1.0,0.0,True,False
e1,c10,B6100k,10,round_robin|gatedmoe_g,0.0,0.0,1.0,0.0,0.0,0.0,1.0,0.0,True,False
e1,c10,B6100k,10,gatedmoe_base|gatedmoe_g,0.0,0.0,1.0,0.0,0.0,0.0,1.0,0.0,True,False
e1,c10,B6629k,10,learned_top1|random,0.0005,0.00471,0.744867048985065,0.007235513715795726,0.10617483358919612,6.440773214407615e-05,1.0,0.07959065087375299,False,False
e1,c10,B6629k,10,learned_top1|round_robin,-0.00022,0.00279,0.8088691287950097,0.0002130118774672507,0.014807807038296206,7.607061419667716e-07,1.0,0.003408190039476011,True,False
e1,c10,B6629k,10,learned_top1|gatedmoe_base,-0.00022,0.00279,0.8088691287950097,0.0002130118774672507,0.014807807038296206,7.607061419667716e-07,1.0,0.003408190039476011,True,False
e1,c10,B6629k,10,learned_top1|gatedmoe_g,-0.00113,0.00282,0.23747763223832397,0.0009470106491773489,0.07966815132309346,1.8912993844377723e-06,1.0,0.015152170386837582,True,False
e1,c10,B6629k,10,random|round_robin,-0.00072,0.00478,0.6454944805300475,0.009879244849778424,0.13478766267178188,8.604337996553912e-05,1.0,0.034248725687114207,True,False
e1,c10,B6629k,10,random|gatedmoe_base,-0.00072,0.00478,0.6454944805300475,0.009879244849778424,0.13478766267178188,8.604337996553912e-05,1.0,0.034248725687114207,True,False
e1,c10,B6629k,10,random|gatedmoe_g,-0.00163,0.00396,0.22528636637687757,0.01236500850241773,0.25233823223637075,4.502303771714011e-05,1.0,0.061825042512088646,False,False
e1,c10,B6629k,10,round_robin|gatedmoe_base,0.0,0.0,1.0,0.0,0.0,0.0,1.0,0.0,True,False
e1,c10,B6629k,10,round_robin|gatedmoe_g,-0.00091,0.00254,0.2866903512913414,0.0003269382849888647,0.039607753521236355,6.352790228314475e-07,1.0,0.003269382849888647,True,False
e1,c10,B6629k,10,gatedmoe_base|gatedmoe_g,-0.00091,0.00254,0.2866903512913414,0.0003269382849888647,0.039607753521236355,6.352790228314475e-07,1.0,0.003269382849888647,True,False
e1,c10,B7333k,10,learned_top1|random,0.00052,0.00511,0.7550584443474898,0.010855664869010287,0.1258759989372763,0.0001197685092371087,1.0,0.08441648933478874,False,False
e1,c10,B7333k,10,learned_top1|round_robin,0.00115,0.0045,0.439842611541137,0.012086669273362754,0.18377589546269668,7.762187857937861e-05,1.0,0.08460668491353927,False,False
e1,c10,B7333k,10,learned_top1|gatedmoe_base,0.00115,0.0045,0.439842611541137,0.012086669273362754,0.18377589546269668,7.762187857937861e-05,1.0,0.08460668491353927,False,False
e1,c10,B7333k,10,learned_top1|gatedmoe_g,0.00216,0.00437,0.15251191931549207,0.03502645658600108,0.4055956668458539,0.0001523272962667801,1.0,0.11471012489358956,False,False
e1,c10,B7333k,10,random|round_robin,0.00063,0.00332,0.5627573323625192,0.0012096228433354347,0.05408771376631986,4.522989052651097e-06,1.0,0.009676982746683478,True,False
e1,c10,B7333k,10,random|gatedmoe_base,0.00063,0.00332,0.5627573323625192,0.0012096228433354347,0.05408771376631986,4.522989052651097e-06,1.0,0.009676982746683478,True,False
e1,c10,B7333k,10,random|gatedmoe_g,0.00164,0.00292,0.10986508278926167,0.0027261986352557274,0.18829495437521887,4.111308778743917e-06,1.0,0.027261986352557274,True,False
e1,c10,B7333k,10,round_robin|gatedmoe_base,0.0,0.0,1.0,0.0,0.0,0.0,1.0,0.0,True,False
e1,c10,B7333k,10,round_robin|gatedmoe_g,0.00101,0.00303,0.31865333326183515,0.0012054055704668048,0.07691263810184965,2.9973609008181906e-06,1.0,0.007232433422800829,True,False
e1,c10,B7333k,10,gatedmoe_base|gatedmoe_g,0.00101,0.00303,0.31865333326183515,0.0012054055704668048,0.07691263810184965,2.9973609008181906e-06,1.0,0.007232433422800829,True,False
e1,c10,B8390k,10,learned_top1|random,-0.00161,0.00268,0.0897740078979046,0.0015498430136332564,0.16038385433117264,1.9363384995418897e-06,1.0,0.02169780219086559,True,False
e1,c10,B8390k,10,learned_top1|round_robin,-0.00167,0.00293,0.10545181906192846,0.002926283590766743,0.1971913259820708,4.3608373182513205e-06,1.0,0.03804168667996766,True,False
e1,c10,B8390k,10,learned_top1|gatedmoe_base,-0.00167,0.00293,0.10545181906192846,0.002926283590766743,0.1971913259820708,4.3608373182513205e-06,1.0,0.035115403089200914,True,False
e1,c10,B8390k,10,learned_top1|gatedmoe_g,-0.00066,0.00354,0.5699088187069544,0.0018725112733869453,0.06729791039801136,7.887088656843844e-06,1.0,0.026215157827417235,True,False
e1,c10,B8390k,10,random|round_robin,-6e-05,0.00316,0.9533642566434499,0.0003951602189524728,0.01851799608547189,1.8467989540971175e-06,1.0,0.0043467624084772005,True,False
e1,c10,B8390k,10,random|gatedmoe_base,-6e-05,0.00316,0.9533642566434499,0.0003951602189524728,0.01851799608547189,1.8467989540971175e-06,1.0,0.0043467624084772005,True,False
e1,c10,B8390k,10,random|gatedmoe_g,0.00095,0.00389,0.4595178043824001,0.0046586956999934625,0.11955915859247145,2.1387775378495477e-05,1.0,0.041928261299941164,True,False
e1,c10,B8390k,10,round_robin|gatedmoe_base,0.0,0.0,1.0,0.0,0.0,0.0,1.0,0.0,True,False
e1,c10,B8390k,10,round_robin|gatedmoe_g,0.00101,0.00501,0.5399260681525593,0.016469058644738167,0.18590936785117723,0.0001527046039722078,1.0,0.033683015613534144,True,False
e1,c10,B8390k,10,gatedmoe_base|gatedmoe_g,0.00101,0.00501,0.5399260681525593,0.016469058644738167,0.18590936785117723,0.0001527046039722078,1.0,0.033683015613534144,True,False
e1,c10,B9799k,10,learned_top1|random,-0.00166,0.00396,0.2181244668250179,0.012936439438277492,0.2598369237407988,4.675215819838208e-05,1.0,0.08441648933478874,False,False
e1,c10,B9799k,10,learned_top1|round_robin,-0.00112,0.0039,0.38784921703181674,0.005930814041789079,0.14625250076156704,2.5572419704911198e-05,1.0,0.06523895445967987,False,False
e1,c10,B9799k,10,learned_top1|gatedmoe_base,-0.00112,0.0039,0.38784921703181674,0.005930814041789079,0.14625250076156704,2.5572419704911198e-05,1.0,0.06523895445967987,False,False
e1,c10,B9799k,10,learned_top1|gatedmoe_g,-0.00087,0.00584,0.6485151500067685,0.02599816800688215,0.20001243087095144,0.0003968068213419107,1.0,0.11471012489358956,False,False
e1,c10,B9799k,10,random|round_robin,0.00054,0.00459,0.718640147096715,0.006667902658828688,0.10506745292978892,5.485840268432579e-05,1.0,0.034248725687114207,True,False
e1,c10,B9799k,10,random|gatedmoe_base,0.00054,0.00459,0.718640147096715,0.006667902658828688,0.10506745292978892,5.485840268432579e-05,1.0,0.034248725687114207,True,False
e1,c10,B9799k,10,random|gatedmoe_g,0.00079,0.00568,0.6706415255000071,0.021927045840244613,0.18312790096311438,0.00031223885515489205,1.0,0.07497655994234773,False,False
e1,c10,B9799k,10,round_robin|gatedmoe_base,0.0,0.0,1.0,0.0,0.0,0.0,1.0,0.0,True,False
e1,c10,B9799k,10,round_robin|gatedmoe_g,0.00025,0.00331,0.8167775129882849,0.0007100849805521762,0.03015590455415024,3.2491577732693474e-06,1.0,0.004970594863865233,True,False
e1,c10,B9799k,10,gatedmoe_base|gatedmoe_g,0.00025,0.00331,0.8167775129882849,0.0007100849805521762,0.03015590455415024,3.2491577732693474e-06,1.0,0.004970594863865233,True,False
e1,c100,B13322k,10,learned_top1|random,0.00064,0.00277,0.4843488352813572,0.0003857235189370634,0.03153899674538034,1.0431461096068488e-06,1.0,0.006943023340867141,True,False
e1,c100,B13322k,10,learned_top1|round_robin,0.00108,0.00584,0.5733677846238135,0.03147735563264478,0.23100918118896702,0.0004696045172910886,1.0,0.10911580793291789,False,False
e1,c100,B13322k,10,learned_top1|gatedmoe_base,0.00108,0.00584,0.5733677846238135,0.03147735563264478,0.23100918118896702,0.0004696045172910886,1.0,0.10971084628059113,False,False
e1,c100,B13322k,10,learned_top1|gatedmoe_g,0.00127,0.00393,0.33350216365068286,0.007461455477942886,0.17408310920816045,3.0774828685343606e-05,1.0,0.07461455477942887,False,False
e1,c100,B13322k,10,random|round_robin,0.00044,0.0046,0.7690814211376956,0.006003526188675068,0.09512656141153872,5.112464615535738e-05,1.0,0.034248725687114207,True,False
e1,c100,B13322k,10,random|gatedmoe_base,0.00044,0.0046,0.7690814211376956,0.006003526188675068,0.09512656141153872,5.112464615535738e-05,1.0,0.034248725687114207,True,False
e1,c100,B13322k,10,random|gatedmoe_g,0.00063,0.003,0.5228881911735979,0.0006353256428806622,0.03997182622479372,1.967194193750275e-06,1.0,0.008259233357448608,True,False
e1,c100,B13322k,10,round_robin|gatedmoe_base,0.0,0.0,1.0,0.0,0.0,0.0,1.0,0.0,True,False
e1,c100,B13322k,10,round_robin|gatedmoe_g,0.00019,0.00398,0.8831902307913483,0.0020246588302668075,0.049638568279450665,1.3483354373592492e-05,1.0,0.010123294151334037,True,False
e1,c100,B13322k,10,gatedmoe_base|gatedmoe_g,0.00019,0.00398,0.8831902307913483,0.0020246588302668075,0.049638568279450665,1.3483354373592492e-05,1.0,0.010123294151334037,True,False
e1,c100,B17350k,10,learned_top1|random,0.00087,0.0037,0.4759832778049865,0.003203077583329358,0.09845972994858637,1.3467584254167031e-05,1.0,0.04164000858328165,True,False
e1,c100,B17350k,10,learned_top1|round_robin,0.00124,0.00336,0.27344626336407224,0.0031734694425409444,0.13315012193055853,8.734974409300751e-06,1.0,0.03808163331049133,True,False
e1,c100,B17350k,10,learned_top1|gatedmoe_base,0.00131,0.00321,0.22836887247423085,0.0026970949341406027,0.13523695660067703,6.335452598798516e-06,1.0,0.035062234143827836,True,False
e1,c100,B17350k,10,learned_top1|gatedmoe_g,-0.00025,0.0025,0.7590716116481327,0.00010031974647894959,0.009612240514080939,3.0519515659133134e-07,1.0,0.001705435690142143,True,False
e1,c100,B17350k,10,random|round_robin,0.00037,0.00249,0.6492584788710156,0.00011648641161594437,0.012038268130400516,3.24457485076126e-07,1.0,0.0013978369393913325,True,False
e1,c100,B17350k,10,random|gatedmoe_base,0.00044,0.00251,0.5924737708758008,0.00013798376649751232,0.014415970710561428,3.6980963314397786e-07,1.0,0.0016558051979701479,True,False
e1,c100,B17350k,10,random|gatedmoe_g,-0.00112,0.00269,0.2203413229772713,0.0006802933955727397,0.06953037144705065,1.245840315688973e-06,1.0,0.008259233357448608,True,False
e1,c100,B17350k,10,round_robin|gatedmoe_base,7e-05,0.00022,0.34343639613791355,5.927617138051862e-14,3.3732349575921433e-11,1.1102230246251565e-16,1.0,1.1855234276103724e-13,True,False
e1,c100,B17350k,10,round_robin|gatedmoe_g,-0.00149,0.00187,0.03312444001543687,0.00011161364953837793,0.061315464798851194,8.256528827299547e-08,0.5631154802624269,0.0012277501449221573,True,False
e1,c100,B17350k,10,gatedmoe_base|gatedmoe_g,-0.00156,0.0018,0.0227955636216783,9.581170051031762e-05,0.06647770209547632,6.221245285598087e-08,0.41032014519020943,0.0010539287056134938,True,False
e1,c100,B3907k,10,learned_top1|random,-0.00082,0.00308,0.4212769280757621,0.0010023201627358258,0.05918414329854771,2.9018360945265442e-06,1.0,0.016037122603773213,True,False
e1,c100,B3907k,10,learned_top1|round_robin,-0.00082,0.00308,0.4212769280757621,0.0010023201627358258,0.05918414329854771,2.9018360945265442e-06,1.0,0.015034802441037387,True,False
e1,c100,B3907k,10,learned_top1|gatedmoe_base,-0.00082,0.00308,0.4212769280757621,0.0010023201627358258,0.05918414329854771,2.9018360945265442e-06,1.0,0.015034802441037387,True,False
e1,c100,B3907k,10,learned_top1|gatedmoe_g,-0.00082,0.00308,0.4212769280757621,0.0010023201627358258,0.05918414329854771,2.9018360945265442e-06,1.0,0.015152170386837582,True,False
e1,c100,B3907k,10,random|round_robin,0.0,0.0,1.0,0.0,0.0,0.0,1.0,0.0,True,False
e1,c100,B3907k,10,random|gatedmoe_base,0.0,0.0,1.0,0.0,0.0,0.0,1.0,0.0,True,False
e1,c100,B3907k,10,random|gatedmoe_g,0.0,0.0,1.0,0.0,0.0,0.0,1.0,0.0,True,False
e1,c100,B3907k,10,round_robin|gatedmoe_base,0.0,0.0,1.0,0.0,0.0,0.0,1.0,0.0,True,False
e1,c100,B3907k,10,round_robin|gatedmoe_g,0.0,0.0,1.0,0.0,0.0,0.0,1.0,0.0,True,False
e1,c100,B3907k,10,gatedmoe_base|gatedmoe_g,0.0,0.0,1.0,0.0,0.0,0.0,1.0,0.0,True,False
e1,c100,B5748k,10,learned_top1|random,-0.00175,0.00473,0.27160242284403985,0.02881947494841297,0.3138826648906732,0.00018494556032222498,1.0,0.09559177074465797,False,False
e1,c100,B5748k,10,learned_top1|round_robin,-0.00175,0.00473,0.27160242284403985,0.02881947494841297,0.3138826648906732,0.00018494556032222498,1.0,0.10911580793291789,False,False
e1,c100,B5748k,10,learned_top1|gatedmoe_base,-0.00175,0.00473,0.27160242284403985,0.02881947494841297,0.3138826648906732,0.00018494556032222498,1.0,0.10971084628059113,False,False
e1,c100,B5748k,10,learned_top1|gatedmoe_g,-0.00175,0.00473,0.27160242284403985,0.02881947494841297,0.3138826648906732,0.00018494556032222498,1.0,0.11471012489358956,False,False
e1,c100,B5748k,10,random|round_robin,0.0,0.0,1.0,0.0,0.0,0.0,1.0,0.0,True,False
e1,c100,B5748k,10,random|gatedmoe_base,0.0,0.0,1.0,0.0,0.0,0.0,1.0,0.0,True,False
e1,c100,B5748k,10,random|gatedmoe_g,0.0,0.0,1.0,0.0,0.0,0.0,1.0,0.0,True,False
e1,c100,B5748k,10,round_robin|gatedmoe_base,0.0,0.0,1.0,0.0,0.0,0.0,1.0,0.0,True,False
e1,c100,B5748k,10,round_robin|gatedmoe_g,0.0,0.0,1.0,0.0,0.0,0.0,1.0,0.0,True,False
e1,c100,B5748k,10,gatedmoe_base|gatedmoe_g,0.0,0.0,1.0,0.0,0.0,0.0,1.0,0.0,True,False
e1,c100,B6100k,10,learned_top1|random,-0.00024,0.00454,0.8710359746595674,0.004521432419548055,0.0750958003518235,3.9852895937553257e-05,1.0,0.05425718903457666,False,False
e1,c100,B6100k,10,learned_top1|round_robin,-0.00119,0.00131,0.018131770669495367,3.4840235683120113e-06,0.005663463654179579,2.567618451188025e-09,0.3082401013814212,6.27124242296162e-05,True,False
e1,c100,B6100k,10,learned_top1|gatedmoe_base,-0.00119,0.00131,0.018131770669495367,3.4840235683120113e-06,0.005663463654179579,2.567618451188025e-09,0.3082401013814212,6.27124242296162e-05,True,False
e1,c100,B6100k,10,learned_top1|gatedmoe_g,-0.00119,0.00131,0.018131770669495367,3.4840235683120113e-06,0.005663463654179579,2.567618451188025e-09,0.3263718720509166,6.27124242296162e-05,True,False
e1,c100,B6100k,10,random|round_robin,-0.00095,0.00413,0.48576540365943466,0.0063727890382521135,0.13299598466002338,3.4377905518412355e-05,1.0,0.034248725687114207,True,False
e1,c100,B6100k,10,random|gatedmoe_base,-0.00095,0.00413,0.48576540365943466,0.0063727890382521135,0.13299598466002338,3.4377905518412355e-05,1.0,0.034248725687114207,True,False
e1,c100,B6100k,10,random|gatedmoe_g,-0.00095,0.00413,0.48576540365943466,0.0063727890382521135,0.13299598466002338,3.4377905518412355e-05,1.0,0.05098231230601691,False,False
e1,c100,B6100k,10,round_robin|gatedmoe_base,0.0,0.0,1.0,0.0,0.0,0.0,1.0,0.0,True,False
e1,c100,B6100k,10,round_robin|gatedmoe_g,0.0,0.0,1.0,0.0,0.0,0.0,1.0,0.0,True,False
e1,c100,B6100k,10,gatedmoe_base|gatedmoe_g,0.0,0.0,1.0,0.0,0.0,0.0,1.0,0.0,True,False
e1,c100,B6629k,10,learned_top1|random,0.0023,0.00545,0.21445683061881632,0.0756706680658027,0.4550447170962538,0.0007756453236132813,1.0,0.09559177074465797,False,False
e1,c100,B6629k,10,learned_top1|round_robin,0.00211,0.00517,0.2293734628311976,0.0555858295770023,0.4084760000216521,0.0004722432629627507,1.0,0.10911580793291789,False,False
e1,c100,B6629k,10,learned_top1|gatedmoe_base,0.00211,0.00517,0.2293734628311976,0.0555858295770023,0.4084760000216521,0.0004722432629627507,1.0,0.10971084628059113,False,False
e1,c100,B6629k,10,learned_top1|gatedmoe_g,-0.00104,0.00454,0.4869040393281838,0.011049331757972292,0.1676954222104743,7.520305147568074e-05,1.0,0.08319041305808916,False,False
e1,c100,B6629k,10,random|round_robin,-0.00019,0.00393,0.8819658167122939,0.0019031801993955044,0.04812784228155598,1.2401300578890329e-05,1.0,0.013322261395768531,True,False
e1,c100,B6629k,10,random|gatedmoe_base,-0.00019,0.00393,0.8819658167122939,0.0019031801993955044,0.04812784228155598,1.2401300578890329e-05,1.0,0.013322261395768531,True,False
e1,c100,B6629k,10,random|gatedmoe_g,-0.00334,0.00403,0.027656493667408782,0.11232379359300393,0.737040348910031,0.0002705731532989253,0.49781688601335805,0.11232379359300393,False,False
e1,c100,B6629k,10,round_robin|gatedmoe_base,0.0,0.0,1.0,0.0,0.0,0.0,1.0,0.0,True,False
e1,c100,B6629k,10,round_robin|gatedmoe_g,-0.00315,0.00376,0.026358151211333714,0.07683638926193037,0.7012887730217836,0.00013494761067500693,0.4744467218040069,0.07683638926193037,False,False
e1,c100,B6629k,10,gatedmoe_base|gatedmoe_g,-0.00315,0.00376,0.026358151211333714,0.07683638926193037,0.7012887730217836,0.00013494761067500693,0.44808857059267315,0.07683638926193037,False,False
e1,c100,B7333k,10,learned_top1|random,0.00258,0.00326,0.03366189287398598,0.021711268529010872,0.5300900727431698,2.5407638110479657e-05,0.6059140717317476,0.09559177074465797,False,False
e1,c100,B7333k,10,learned_top1|round_robin,0.00279,0.00285,0.012700202833778207,0.01818596798881965,0.6227197179130348,1.091477799572565e-05,0.22860365100800772,0.10911580793291789,False,False
e1,c100,B7333k,10,learned_top1|gatedmoe_base,0.00279,0.00285,0.012700202833778207,0.01818596798881965,0.6227197179130348,1.091477799572565e-05,0.22860365100800772,0.10911580793291789,False,False
e1,c100,B7333k,10,learned_top1|gatedmoe_g,0.00414,0.00467,0.020512758112646457,0.28714444641129533,0.8524250357369221,0.00162317279168196,0.3487168879149898,0.28714444641129533,False,False
e1,c100,B7333k,10,random|round_robin,0.00021,0.00313,0.8366839518140896,0.00046049260171284893,0.022970452837883102,1.9577975780401252e-06,1.0,0.004604926017128489,True,False
e1,c100,B7333k,10,random|gatedmoe_base,0.00021,0.00313,0.8366839518140896,0.00046049260171284893,0.022970452837883102,1.9577975780401252e-06,1.0,0.004604926017128489,True,False
e1,c100,B7333k,10,random|gatedmoe_g,0.00156,0.00359,0.2021347659742002,0.007078164421169806,0.21426059487314403,1.959026505139588e-05,1.0,0.05098231230601691,False,False
e1,c100,B7333k,10,round_robin|gatedmoe_base,0.0,0.0,1.0,0.0,0.0,0.0,1.0,0.0,True,False
e1,c100,B7333k,10,round_robin|gatedmoe_g,0.00135,0.00394,0.3063458271705408,0.00834968827747558,0.18984144816175524,3.347054659621351e-05,1.0,0.03339875310990232,True,False
e1,c100,B7333k,10,gatedmoe_base|gatedmoe_g,0.00135,0.00394,0.3063458271705408,0.00834968827747558,0.18984144816175524,3.347054659621351e-05,1.0,0.03339875310990232,True,False
e1,c100,B8390k,10,learned_top1|random,-0.00197,0.00344,0.10324097686792395,0.010552061166848592,0.3186892319970098,2.073373514610566e-05,1.0,0.08441648933478874,False,False
e1,c100,B8390k,10,learned_top1|round_robin,-0.00149,0.00376,0.24175112082757372,0.008085504039505698,0.2088381396663883,2.663207413466928e-05,1.0,0.08085504039505698,False,False
e1,c100,B8390k,10,learned_top1|gatedmoe_base,-0.00149,0.00376,0.24175112082757372,0.008085504039505698,0.2088381396663883,2.663207413466928e-05,1.0,0.08085504039505698,False,False
e1,c100,B8390k,10,learned_top1|gatedmoe_g,-0.00029,0.00387,0.8178673139229841,0.0019493384346749298,0.05210822421050065,1.1756587445677091e-05,1.0,0.026215157827417235,True,False
e1,c100,B8390k,10,random|round_robin,0.00048,0.00215,0.49842587394455395,4.728588578270099e-05,0.007871008530845894,1.0318171591526116e-07,1.0,0.0006620024009578139,True,False
e1,c100,B8390k,10,random|gatedmoe_base,0.00048,0.00215,0.49842587394455395,4.728588578270099e-05,0.007871008530845894,1.0318171591526116e-07,1.0,0.0006620024009578139,True,False
e1,c100,B8390k,10,random|gatedmoe_g,0.00168,0.00251,0.0630715174715841,0.001172522163326644,0.16392703601661282,1.192728377451656e-06,1.0,0.012897743796593083,True,False
e1,c100,B8390k,10,round_robin|gatedmoe_base,0.0,0.0,1.0,0.0,0.0,0.0,1.0,0.0,True,False
e1,c100,B8390k,10,round_robin|gatedmoe_g,0.0012,0.00247,0.15907680605215285,0.00044676391540273016,0.06530987604956802,6.613128614145773e-07,1.0,0.0035741113232218413,True,False
e1,c100,B8390k,10,gatedmoe_base|gatedmoe_g,0.0012,0.00247,0.15907680605215285,0.00044676391540273016,0.06530987604956802,6.613128614145773e-07,1.0,0.0035741113232218413,True,False
e1,c100,B9799k,10,learned_top1|random,-0.00059,0.00478,0.7051130209204959,0.008512513432352153,0.11885916917784767,7.65192650784563e-05,1.0,0.08124897191856043,False,False
e1,c100,B9799k,10,learned_top1|round_robin,-0.00085,0.00337,0.4459172813302369,0.00183280808300601,0.07809904780548971,6.2978266041069375e-06,1.0,0.02565931316208414,True,False
e1,c100,B9799k,10,learned_top1|gatedmoe_base,-0.00085,0.00337,0.4459172813302369,0.00183280808300601,0.07809904780548971,6.2978266041069375e-06,1.0,0.02565931316208414,True,False
e1,c100,B9799k,10,learned_top1|gatedmoe_g,-0.00019,0.00544,0.9144346918127698,0.010398801632261145,0.10600110833774756,0.00014613448040268207,1.0,0.08319041305808916,False,False
e1,c100,B9799k,10,random|round_robin,-0.00026,0.00334,0.8108956943466081,0.0007528949423365461,0.03137133079359855,3.4687972924052346e-06,1.0,0.006776054481028915,True,False
e1,c100,B9799k,10,random|gatedmoe_base,-0.00026,0.00334,0.8108956943466081,0.0007528949423365461,0.03137133079359855,3.4687972924052346e-06,1.0,0.006776054481028915,True,False
e1,c100,B9799k,10,random|gatedmoe_g,0.0004,0.00606,0.8393170850656848,0.01994122735271234,0.15081903431524915,0.00036488156641186224,1.0,0.07497655994234773,False,False
e1,c100,B9799k,10,round_robin|gatedmoe_base,0.0,0.0,1.0,0.0,0.0,0.0,1.0,0.0,True,False
e1,c100,B9799k,10,round_robin|gatedmoe_g,0.00066,0.00499,0.6855382882048254,0.011227671871178048,0.13676344173895244,0.0001118086980185248,1.0,0.033683015613534144,True,False
e1,c100,B9799k,10,gatedmoe_base|gatedmoe_g,0.00066,0.00499,0.6855382882048254,0.011227671871178048,0.13676344173895244,0.0001118086980185248,1.0,0.033683015613534144,True,False
e4,c10,B1024k,10,learned_top1|random,0.00247,0.00666,0.27119565542076657,0.13025485123713834,0.4944754794951388,0.002994900937555533,1.0,0.13025485123713834,False,False
e4,c10,B1024k,10,learned_top1|round_robin,-0.00164,0.00829,0.5470252778046172,0.11594025090660409,0.37515899603785696,0.005505628070412105,1.0,0.11594025090660409,False,False
e4,c10,B1024k,10,learned_top1|gatedmoe_base,-0.00164,0.00829,0.5470252778046172,0.11594025090660409,0.37515899603785696,0.005505628070412105,1.0,0.11594025090660409,False,False
e4,c10,B1024k,10,learned_top1|gatedmoe_g,-0.00165,0.00655,0.4464252694557418,0.07022472119230916,0.345644563903136,0.0014885081223111607,1.0,0.11020767608819186,False,False
e4,c10,B1024k,10,random|round_robin,-0.00411,0.00652,0.07740917808786325,0.33809491361433497,0.7725034488283797,0.009447186797672757,0.46445506852717955,0.33809491361433497,False,False
e4,c10,B1024k,10,random|gatedmoe_base,-0.00411,0.00652,0.07740917808786325,0.33809491361433497,0.7725034488283797,0.009447186797672757,0.46445506852717955,0.33809491361433497,False,False
e4,c10,B1024k,10,random|gatedmoe_g,-0.00412,0.00692,0.09232297328591958,0.3484422418626041,0.7610680302781306,0.012443517320798736,0.4616148664295979,0.3484422418626041,False,False
e4,c10,B1024k,10,round_robin|gatedmoe_base,0.0,0.0,1.0,0.0,0.0,0.0,1.0,0.0,True,False
e4,c10,B1024k,10,round_robin|gatedmoe_g,-1e-05,0.0038,0.9935469845720737,0.001243606469359837,0.03415656165104275,8.18351666231898e-06,1.0,0.003341110904345916,True,False
e4,c10,B1024k,10,gatedmoe_base|gatedmoe_g,-1e-05,0.0038,0.9935469845720737,0.001243606469359837,0.03415656165104275,8.18351666231898e-06,1.0,0.003341110904345916,True,False
e4,c10,B192k,10,learned_top1|random,0.00069,0.00769,0.7831037474512192,0.05510383804409593,0.2379144967046511,0.0020229131339961864,1.0,0.11762538358843343,False,False
e4,c10,B192k,10,learned_top1|round_robin,0.00069,0.00769,0.7831037474512192,0.05510383804409593,0.2379144967046511,0.0020229131339961864,1.0,0.11020767608819186,False,False
e4,c10,B192k,10,learned_top1|gatedmoe_base,0.00069,0.00769,0.7831037474512192,0.05510383804409593,0.2379144967046511,0.0020229131339961864,1.0,0.11020767608819186,False,False
e4,c10,B192k,10,learned_top1|gatedmoe_g,0.00069,0.00769,0.7831037474512192,0.05510383804409593,0.2379144967046511,0.0020229131339961864,1.0,0.11020767608819186,False,False
e4,c10,B192k,10,random|round_robin,0.0,0.0,1.0,0.0,0.0,0.0,1.0,0.0,True,False
e4,c10,B192k,10,random|gatedmoe_base,0.0,0.0,1.0,0.0,0.0,0.0,1.0,0.0,True,False
e4,c10,B192k,10,random|gatedmoe_g,0.0,0.0,1.0,0.0,0.0,0.0,1.0,0.0,True,False
e4,c10,B192k,10,round_robin|gatedmoe_base,0.0,0.0,1.0,0.0,0.0,0.0,1.0,0.0,True,False
e4,c10,B192k,10,round_robin|gatedmoe_g,0.0,0.0,1.0,0.0,0.0,0.0,1.0,0.0,True,False
e4,c10,B192k,10,gatedmoe_base|gatedmoe_g,0.0,0.0,1.0,0.0,0.0,0.0,1.0,0.0,True,False
e4,c10,B2048k,20,learned_top1|random,0.00243,0.00618,0.09470435807542751,0.039208461196144476,0.48006045742088765,1.3789787673209666e-05,0.568226148452565,0.11762538358843343,False,False
e4,c10,B2048k,20,learned_top1|round_robin,7e-05,0.00679,0.9611011005364108,0.0021297595397717904,0.06328317875353867,1.4544485783359405e-06,1.0,0.010648797698858951,True,False
e4,c10,B2048k,20,learned_top1|gatedmoe_base,7e-05,0.00679,0.9611011005364108,0.0021297595397717904,0.06328317875353867,1.4544485783359405e-06,1.0,0.010648797698858951,True,False
e4,c10,B2048k,20,learned_top1|gatedmoe_g,-0.00095,0.00568,0.4609338218868124,0.0024236796179493147,0.11915947966822471,4.452998780823947e-07,1.0,0.014542077707695888,True,False
e4,c10,B2048k,20,random|round_robin,-0.00236,0.00649,0.12085528153147301,0.04196425007769866,0.4606998838264933,2.1736005873407294e-05,0.604276407657365,0.08392850015539732,False,False
e4,c10,B2048k,20,random|gatedmoe_base,-0.00236,0.00649,0.12085528153147301,0.04196425007769866,0.4606998838264933,2.1736005873407294e-05,0.604276407657365,0.08392850015539732,False,False
e4,c10,B2048k,20,random|gatedmoe_g,-0.00338,0.00531,0.010172565574660711,0.09468270672855683,0.7675837326655766,1.1174897439181208e-05,0.06103539344796427,0.18936541345711366,False,False
e4,c10,B2048k,20,round_robin|gatedmoe_base,0.0,0.0,1.0,0.0,0.0,0.0,1.0,0.0,True,False
e4,c10,B2048k,20,round_robin|gatedmoe_g,-0.00103,0.00445,0.3133030786031747,0.00038987185974515004,0.07786173262111173,1.3479290683626743e-08,1.0,0.0015594874389806002,True,False
e4,c10,B2048k,20,gatedmoe_base|gatedmoe_g,-0.00103,0.00445,0.3133030786031747,0.00038987185974515004,0.07786173262111173,1.3479290683626743e-08,1.0,0.0015594874389806002,True,False
e4,c10,B256k,10,learned_top1|random,0.00091,0.0042,0.5106698108282786,0.006589052761966473,0.13100449179441342,3.7733441103342064e-05,1.0,0.03294526380983236,True,False
e4,c10,B256k,10,learned_top1|round_robin,0.00174,0.00468,0.2697602494528033,0.027520481114366013,0.30993105153764056,0.00017088982647081274,1.0,0.08256144334309803,False,False
e4,c10,B256k,10,learned_top1|gatedmoe_base,0.00174,0.00468,0.2697602494528033,0.027520481114366013,0.30993105153764056,0.00017088982647081274,1.0,0.08256144334309803,False,False
e4,c10,B256k,10,learned_top1|gatedmoe_g,0.00174,0.00468,0.2697602494528033,0.027520481114366013,0.30993105153764056,0.00017088982647081274,1.0,0.08454043560343155,False,False
e4,c10,B256k,10,random|round_robin,0.00083,0.00487,0.603119404612539,0.012061845192552389,0.15327061349914306,0.00010735784279439234,1.0,0.03618553557765716,True,False
e4,c10,B256k,10,random|gatedmoe_base,0.00083,0.00487,0.603119404612539,0.012061845192552389,0.15327061349914306,0.00010735784279439234,1.0,0.03618553557765716,True,False
e4,c10,B256k,10,random|gatedmoe_g,0.00083,0.00487,0.603119404612539,0.012061845192552389,0.15327061349914306,0.00010735784279439234,1.0,0.048247380770209555,True,False
e4,c10,B256k,10,round_robin|gatedmoe_base,0.0,0.0,1.0,0.0,0.0,0.0,1.0,0.0,True,False
e4,c10,B256k,10,round_robin|gatedmoe_g,0.0,0.0,1.0,0.0,0.0,0.0,1.0,0.0,True,False
e4,c10,B256k,10,gatedmoe_base|gatedmoe_g,0.0,0.0,1.0,0.0,0.0,0.0,1.0,0.0,True,False
e4,c10,B320k,20,learned_top1|random,-0.00013,0.0053,0.9137422388074463,0.00029650813967518896,0.029930756048401452,4.5393105385649335e-08,1.0,0.0017790488380511338,True,False
e4,c10,B320k,20,learned_top1|round_robin,0.00079,0.00462,0.45127032180503723,0.0003278492474265964,0.057737721665430834,1.6451055028069124e-08,1.0,0.0019670954845595785,True,False
e4,c10,B320k,20,learned_top1|gatedmoe_base,0.00079,0.00462,0.45127032180503723,0.0003278492474265964,0.057737721665430834,1.6451055028069124e-08,1.0,0.0019670954845595785,True,False
e4,c10,B320k,20,learned_top1|gatedmoe_g,0.00131,0.00757,0.44674472347787775,0.021135108900857888,0.2461574223470543,2.9657539110668865e-05,1.0,0.08454043560343155,False,False
e4,c10,B320k,20,random|round_robin,0.00093,0.0065,0.5318246773234414,0.005643053237957014,0.14588737153327114,2.6626006803755215e-06,1.0,0.02633758654792484,True,False
e4,c10,B320k,20,random|gatedmoe_base,0.00093,0.0065,0.5318246773234414,0.005643053237957014,0.14588737153327114,2.6626006803755215e-06,1.0,0.02633758654792484,True,False
e4,c10,B320k,20,random|gatedmoe_g,0.00144,0.00665,0.3435739405939793,0.01369124754105825,0.24340840836023597,7.648320063099237e-06,1.0,0.048247380770209555,True,False
e4,c10,B320k,20,round_robin|gatedmoe_base,0.0,0.0,1.0,0.0,0.0,0.0,1.0,0.0,True,False
e4,c10,B320k,20,round_robin|gatedmoe_g,0.00052,0.00719,0.7498612379396828,0.0058764445817245745,0.11653838702575359,5.585930868775817e-06,1.0,0.0058764445817245745,True,False
e4,c10,B320k,20,gatedmoe_base|gatedmoe_g,0.00052,0.00719,0.7498612379396828,0.0058764445817245745,0.11653838702575359,5.585930868775817e-06,1.0,0.0058764445817245745,True,False
e4,c10,B512k,20,learned_top1|random,0.0013,0.00609,0.35209624158142994,0.006867878642816729,0.19478052126697182,2.0056870632628605e-06,1.0,0.03294526380983236,True,False
e4,c10,B512k,20,learned_top1|round_robin,0.00095,0.00562,0.4589132202539462,0.0022385723419051807,0.11621698524777087,3.8469969387445325e-07,1.0,0.010648797698858951,True,False
e4,c10,B512k,20,learned_top1|gatedmoe_base,0.00095,0.00562,0.4589132202539462,0.0022385723419051807,0.11621698524777087,3.8469969387445325e-07,1.0,0.010648797698858951,True,False
e4,c10,B512k,20,learned_top1|gatedmoe_g,0.0014,0.00658,0.353480820510344,0.012181851683288107,0.2320103488042572,6.2794483544505125e-06,1.0,0.060909258416440536,False,False
e4,c10,B512k,20,random|round_robin,-0.00035,0.00733,0.8331758180726605,0.005267517309584968,0.1026116118027518,5.70182359915794e-06,1.0,0.02633758654792484,True,False
e4,c10,B512k,20,random|gatedmoe_base,-0.00035,0.00733,0.8331758180726605,0.005267517309584968,0.1026116118027518,5.70182359915794e-06,1.0,0.02633758654792484,True,False
e4,c10,B512k,20,random|gatedmoe_g,0.0001,0.00603,0.941692553533082,0.0008877996921258652,0.04563943118623687,2.9519192148293824e-07,1.0,0.004438998460629326,True,False
e4,c10,B512k,20,round_robin|gatedmoe_base,0.0,0.0,1.0,0.0,0.0,0.0,1.0,0.0,True,False
e4,c10,B512k,20,round_robin|gatedmoe_g,0.00045,0.00576,0.7306905574901893,0.001113703634781972,0.0640161400168405,2.5480430491165365e-07,1.0,0.003341110904345916,True,False
e4,c10,B512k,20,gatedmoe_base|gatedmoe_g,0.00045,0.00576,0.7306905574901893,0.001113703634781972,0.0640161400168405,2.5480430491165365e-07,1.0,0.003341110904345916,True,False
s1,c100,m1v0,10,learned_top1|random,0.0,0.0,1.0,0.0,0.0,0.0,1.0,0.0,True,False
s1,c100,m1v0,10,learned_top1|round_robin,0.0,0.0,1.0,0.0,0.0,0.0,1.0,0.0,True,False
s1,c100,m1v0,10,learned_top1|gatedmoe_base,0.0,0.0,1.0,0.0,0.0,0.0,1.0,0.0,True,False
s1,c100,m1v0,10,random|round_robin,0.0,0.0,1.0,0.0,0.0,0.0,1.0,0.0,True,False
s1,c100,m1v0,10,random|gatedmoe_base,0.0,0.0,1.0,0.0,0.0,0.0,1.0,0.0,True,False
s1,c100,m1v0,10,round_robin|gatedmoe_base,0.0,0.0,1.0,0.0,0.0,0.0,1.0,0.0,True,False
s1,c100,m1v1,10,learned_top1|random,0.0,0.0,1.0,0.0,0.0,0.0,1.0,0.0,True,False
s1,c100,m1v1,10,learned_top1|round_robin,0.0,0.0,1.0,0.0,0.0,0.0,1.0,0.0,True,False
s1,c100,m1v1,10,learned_top1|gatedmoe_base,0.0,0.0,1.0,0.0,0.0,0.0,1.0,0.0,True,False
s1,c100,m1v1,10,random|round_robin,0.0,0.0,1.0,0.0,0.0,0.0,1.0,0.0,True,False
s1,c100,m1v1,10,random|gatedmoe_base,0.0,0.0,1.0,0.0,0.0,0.0,1.0,0.0,True,False
s1,c100,m1v1,10,round_robin|gatedmoe_base,0.0,0.0,1.0,0.0,0.0,0.0,1.0,0.0,True,False
s1,c100,m2v0,10,learned_top1|random,0.00214,0.00597,0.28659669829902307,0.08218027732400002,0.42655172701043054,0.0012230469492197273,1.0,0.15315888155953,False,False
s1,c100,m2v0,10,learned_top1|round_robin,0.00046,0.00366,0.7001643332200821,0.0017435193861977275,0.055828355655488694,8.676397134837153e-06,1.0,0.0124640560389504,True,False
s1,c100,m2v0,10,learned_top1|gatedmoe_base,-0.0003,0.00479,0.8475063260923414,0.006353673635045687,0.09030695923993615,6.26811529237381e-05,1.0,0.031768368175228434,True,False
s1,c100,m2v0,10,random|round_robin,-0.00168,0.00441,0.2594326952402587,0.02066076200957445,0.2856592674409508,0.00010623874232440489,1.0,0.061982286028723355,False,False
s1,c100,m2v0,10,random|gatedmoe_base,-0.00244,0.00385,0.07602584476541803,0.032408621769704604,0.48088403938426283,7.848609566729614e-05,0.8362842924195983,0.07696558391793581,False,False
s1,c100,m2v0,10,round_robin|gatedmoe_base,-0.00076,0.0024,0.34343639613791355,0.00017170720515258253,0.023907902252587876,3.4439858054291506e-07,1.0,0.00017170720515258253,True,False
s1,c100,m2v1,10,learned_top1|random,-0.00036,0.00349,0.7519114631623613,0.0011513590772280757,0.042316882385499466,5.481968848863872e-06,1.0,0.010362231695052682,True,False
s1,c100,m2v1,10,learned_top1|round_robin,-0.00056,0.00427,0.6882751794476906,0.004721503304882413,0.09246667610053094,3.212358382986835e-05,1.0,0.023607516524412064,True,False
s1,c100,m2v1,10,learned_top1|gatedmoe_base,-0.00056,0.00427,0.6882751794476906,0.004721503304882413,0.09246667610053094,3.212358382986835e-05,1.0,0.028329019829294477,True,False
s1,c100,m2v1,10,random|round_robin,-0.0002,0.00464,0.8945137200089043,0.004815101974364744,0.07560402673472155,4.512436270553977e-05,1.0,0.028890611846188463,True,False
s1,c100,m2v1,10,random|gatedmoe_base,-0.0002,0.00464,0.8945137200089043,0.004815101974364744,0.07560402673472155,4.512436270553977e-05,1.0,0.028890611846188463,True,False
s1,c100,m2v1,10,round_robin|gatedmoe_base,0.0,0.0,1.0,0.0,0.0,0.0,1.0,0.0,True,False
s1,c100,m3v0,10,learned_top1|random,-0.00133,0.00357,0.2688433320662359,0.004984697829026108,0.16347140975403696,1.5281569755720703e-05,1.0,0.034892884803182755,True,False
s1,c100,m3v0,10,learned_top1|round_robin,0.00023,0.00565,0.9003467561245124,0.012785204834562738,0.11776021569074989,0.00019730052963046638,1.0,0.04783904844846519,True,False
s1,c100,m3v0,10,learned_top1|gatedmoe_base,0.00023,0.00565,0.9003467561245124,0.012785204834562738,0.11776021569074989,0.00019730052963046638,1.0,0.04783904844846519,True,False
s1,c100,m3v0,10,random|round_robin,0.00156,0.00484,0.3349548757764739,0.02565519463931194,0.277264495521513,0.00018732750925612896,1.0,0.061982286028723355,False,False
s1,c100,m3v0,10,random|gatedmoe_base,0.00156,0.00484,0.3349548757764739,0.02565519463931194,0.277264495521513,0.00018732750925612896,1.0,0.07696558391793581,False,False
s1,c100,m3v0,10,round_robin|gatedmoe_base,0.0,0.0,1.0,0.0,0.0,0.0,1.0,0.0,True,False
s1,c100,m3v1,10,learned_top1|random,0.00266,0.00474,0.1098995932322542,0.076579440779765,0.5413070353935254,0.00042748355332484323,1.0,0.15315888155953,False,False
s1,c100,m3v1,10,learned_top1|round_robin,0.00133,0.00524,0.4425606224184119,0.026943573466575308,0.24886039238336444,0.0002688731385543665,1.0,0.04783904844846519,True,False
s1,c100,m3v1,10,learned_top1|gatedmoe_base,0.00133,0.00524,0.4425606224184119,0.026943573466575308,0.24886039238336444,0.0002688731385543665,1.0,0.04783904844846519,True,False
s1,c100,m3v1,10,random|round_robin,-0.00133,0.00373,0.28907025028113054,0.006273382607267175,0.17378242807070432,2.177997791641406e-05,1.0,0.031366913036335875,True,False
s1,c100,m3v1,10,random|gatedmoe_base,-0.00133,0.00373,0.28907025028113054,0.006273382607267175,0.17378242807070432,2.177997791641406e-05,1.0,0.031366913036335875,True,False
s1,c100,m3v1,10,round_robin|gatedmoe_base,0.0,0.0,1.0,0.0,0.0,0.0,1.0,0.0,True,False
s1,c100,m4v0,10,learned_top1|random,-0.00266,0.00401,0.06530579657385206,0.049001056851212366,0.5488295747836596,0.00013139914138216024,0.7183637623123726,0.1470031705536371,False,False
s1,c100,m4v0,10,learned_top1|round_robin,-0.0014,0.00478,0.37874040907765416,0.02059868293402245,0.24274769817373154,0.00014966932990101434,1.0,0.04783904844846519,True,False
s1,c100,m4v0,10,learned_top1|gatedmoe_base,-0.0014,0.00478,0.37874040907765416,0.02059868293402245,0.24274769817373154,0.00014966932990101434,1.0,0.04783904844846519,True,False
s1,c100,m4v0,10,random|round_robin,0.00126,0.00338,0.26830692349436003,0.0033507772957518697,0.13773172314227156,9.224575056900993e-06,1.0,0.023455441070263087,True,False
s1,c100,m4v0,10,random|gatedmoe_base,0.00126,0.00338,0.26830692349436003,0.0033507772957518697,0.13773172314227156,9.224575056900993e-06,1.0,0.023455441070263087,True,False
s1,c100,m4v0,10,round_robin|gatedmoe_base,0.0,0.0,1.0,0.0,0.0,0.0,1.0,0.0,True,False
s1,c100,m4v1,10,learned_top1|random,-0.00153,0.00379,0.233406831117505,0.008837174734869557,0.21944454503911048,2.921732766769658e-05,1.0,0.044362800324360574,True,False
s1,c100,m4v1,10,learned_top1|round_robin,-0.00121,0.00294,0.2253562989658784,0.0013848951154389333,0.09930476460561422,2.844293912951379e-06,1.0,0.0124640560389504,True,False
s1,c100,m4v1,10,learned_top1|gatedmoe_base,-0.00121,0.00294,0.2253562989658784,0.0013848951154389333,0.09930476460561422,2.844293912951379e-06,1.0,0.0124640560389504,True,False
s1,c100,m4v1,10,random|round_robin,0.00032,0.00389,0.8006603395768247,0.0020972157218735106,0.055101832189708135,1.2648215533029839e-05,1.0,0.018874941496861596,True,False
s1,c100,m4v1,10,random|gatedmoe_base,0.00032,0.00389,0.8006603395768247,0.0020972157218735106,0.055101832189708135,1.2648215533029839e-05,1.0,0.018874941496861596,True,False
s1,c100,m4v1,10,round_robin|gatedmoe_base,0.0,0.0,1.0,0.0,0.0,0.0,1.0,0.0,True,False
s1,c100,m6v0,10,learned_top1|random,-0.00037,0.00433,0.793206738761268,0.004067603296962985,0.07722506907271265,3.0636198918410074e-05,1.0,0.03254082637570388,True,False
s1,c100,m6v0,10,learned_top1|round_robin,-0.00051,0.00348,0.6544865451840259,0.0013903156708398035,0.05220800442704199,6.113554236852892e-06,1.0,0.0124640560389504,True,False
s1,c100,m6v0,10,learned_top1|gatedmoe_base,-0.00051,0.00348,0.6544865451840259,0.0013903156708398035,0.05220800442704199,6.113554236852892e-06,1.0,0.0124640560389504,True,False
s1,c100,m6v0,10,random|round_robin,-0.00014,0.00422,0.9186543650964201,0.002674962835743644,0.055206978449032884,2.0577609892269422e-05,1.0,0.02139970268594915,True,False
s1,c100,m6v0,10,random|gatedmoe_base,-0.00014,0.00422,0.9186543650964201,0.002674962835743644,0.055206978449032884,2.0577609892269422e-05,1.0,0.02139970268594915,True,False
s1,c100,m6v0,10,round_robin|gatedmoe_base,0.0,0.0,1.0,0.0,0.0,0.0,1.0,0.0,True,False
s1,c100,m6v1,10,learned_top1|random,-0.00063,0.0046,0.6748539695447675,0.007393800054060096,0.11514584839628883,5.9243591065905044e-05,1.0,0.044362800324360574,True,False
s1,c100,m6v1,10,learned_top1|round_robin,-0.00127,0.00305,0.2208132569666104,0.0019114810027438534,0.117250283420132,4.102379599024708e-06,1.0,0.0124640560389504,True,False
s1,c100,m6v1,10,learned_top1|gatedmoe_base,-0.00127,0.00305,0.2208132569666104,0.0019114810027438534,0.117250283420132,4.102379599024708e-06,1.0,0.013380367019206973,True,False
s1,c100,m6v1,10,random|round_robin,-0.00064,0.0049,0.6894346134902265,0.01015531041509632,0.1304578393479069,9.67939149093544e-05,1.0,0.04062124166038528,True,False
s1,c100,m6v1,10,random|gatedmoe_base,-0.00064,0.0049,0.6894346134902265,0.01015531041509632,0.1304578393479069,9.67939149093544e-05,1.0,0.04062124166038528,True,False
s1,c100,m6v1,10,round_robin|gatedmoe_base,0.0,0.0,1.0,0.0,0.0,0.0,1.0,0.0,True,False
s1,c100,m8v0,10,learned_top1|random,-0.00119,0.00455,0.42923575155125493,0.013236771144047865,0.1929785898590899,8.665060347767817e-05,1.0,0.05294708457619146,False,False
s1,c100,m8v0,10,learned_top1|round_robin,0.00093,0.00475,0.5508244877132187,0.011959762112116298,0.16138751176426414,9.59819738392058e-05,1.0,0.04783904844846519,True,False
s1,c100,m8v0,10,learned_top1|gatedmoe_base,0.00093,0.00475,0.5508244877132187,0.011959762112116298,0.16138751176426414,9.59819738392058e-05,1.0,0.04783904844846519,True,False
s1,c100,m8v0,10,random|round_robin,0.00212,0.00515,0.22548642037681993,0.05544730139246162,0.41039354203188344,0.00046254022694181696,1.0,0.061982286028723355,False,False
s1,c100,m8v0,10,random|gatedmoe_base,0.00212,0.00515,0.22548642037681993,0.05544730139246162,0.41039354203188344,0.00046254022694181696,1.0,0.07696558391793581,False,False
s1,c100,m8v0,10,round_robin|gatedmoe_base,0.0,0.0,1.0,0.0,0.0,0.0,1.0,0.0,True,False
