grid,dataset,method,budget_kb,seed,expected_F,final_test_acc,mean_feasible,peak_sram_kb,budget_ok
e1,c100,learned_top1,13322,123,7,0.462,7.0,10504,True
e1,c100,learned_top1,13322,2026,7,0.4577,7.0,10504,True
e1,c100,learned_top1,13322,31415,7,0.4634,7.0,10504,True
e1,c100,learned_top1,13322,42,7,0.4562,7.0,10504,True
e1,c100,learned_top1,13322,5150,7,0.4565,7.0,10504,True
e1,c100,learned_top1,13322,60486,7,0.4575,7.0,10504,True
e1,c100,learned_top1,13322,7,7,0.46,7.0,10504,True
e1,c100,learned_top1,13322,777,7,0.4628,7.0,10504,True
e1,c100,learned_top1,13322,888,7,0.4584,7.0,10504,True
e1,c100,learned_top1,13322,999,7,0.4576,7.0,10504,True
e1,c100,learned_top1,17350,123,8,0.4588,8.0,16140,True
e1,c100,learned_top1,17350,2026,8,0.456,8.0,16140,True
e1,c100,learned_top1,17350,31415,8,0.4593,8.0,16140,True
e1,c100,learned_top1,17350,42,8,0.457,8.0,16140,True
e1,c100,learned_top1,17350,5150,8,0.4554,8.0,16140,True
e1,c100,learned_top1,17350,60486,8,0.4589,8.0,16140,True
e1,c100,learned_top1,17350,7,8,0.4639,8.0,16140,True
e1,c100,learned_top1,17350,777,8,0.4588,8.0,16140,True
e1,c100,learned_top1,17350,888,8,0.4544,8.0,16140,True
e1,c100,learned_top1,17350,999,8,0.4569,8.0,16140,True
e1,c100,learned_top1,3907,123,0,0.4662,0.0,3843,True
e1,c100,learned_top1,3907,2026,0,0.4557,0.0,3843,True
e1,c100,learned_top1,3907,31415,0,0.4635,0.0,3843,True
e1,c100,learned_top1,3907,42,0,0.4628,0.0,3843,True
e1,c100,learned_top1,3907,5150,0,0.4644,0.0,3843,True
e1,c100,learned_top1,3907,60486,0,0.4626,0.0,3843,True
e1,c100,learned_top1,3907,7,0,0.471,0.0,3843,True
e1,c100,learned_top1,3907,777,0,0.4675,0.0,3843,True
e1,c100,learned_top1,3907,888,0,0.4627,0.0,3843,True
e1,c100,learned_top1,3907,999,0,0.4633,0.0,3843,True
e1,c100,learned_top1,5748,123,1,0.4741,1.0,5572,True
e1,c100,learned_top1,5748,2026,1,0.465,1.0,5572,True
e1,c100,learned_top1,5748,31415,1,0.4667,1.0,5572,True
e1,c100,learned_top1,5748,42,1,0.4671,1.0,5572,True
e1,c100,learned_top1,5748,5150,1,0.4631,1.0,5572,True
e1,c100,learned_top1,5748,60486,1,0.466,1.0,5572,True
e1,c100,learned_top1,5748,7,1,0.4679,1.0,5572,True
e1,c100,learned_top1,5748,777,1,0.466,1.0,5572,True
e1,c100,learned_top1,5748,888,1,0.4616,1.0,5572,True
e1,c100,learned_top1,5748,999,1,0.4616,1.0,5572,True
e1,c100,learned_top1,6100,123,2,0.4647,2.0,6024,True
e1,c100,learned_top1,6100,2026,2,0.462,2.0,6024,True
e1,c100,learned_top1,6100,31415,2,0.4645,2.0,6024,True
e1,c100,learned_top1,6100,42,2,0.4659,2.0,6024,True
e1,c100,learned_top1,6100,5150,2,0.4595,2.0,6024,True
e1,c100,learned_top1,6100,60486,2,0.4614,2.0,6024,True
e1,c100,learned_top1,6100,7,2,0.4628,2.0,6024,True
e1,c100,learned_top1,6100,777,2,0.4625,2.0,6024,True
e1,c100,learned_top1,6100,888,2,0.4595,2.0,6024,True
e1,c100,learned_top1,6100,999,2,0.4607,2.0,6024,True
e1,c100,learned_top1,6629,123,3,0.4604,3.0,6277,True
e1,c100,learned_top1,6629,2026,3,0.4629,3.0,6277,True
e1,c100,learned_top1,6629,31415,3,0.4608,3.0,6277,True
e1,c100,learned_top1,6629,42,3,0.4572,3.0,6277,True
e1,c100,learned_top1,6629,5150,3,0.4584,3.0,6277,True
e1,c100,learned_top1,6629,60486,3,0.4625,3.0,6277,True
e1,c100,learned_top1,6629,7,3,0.4628,3.0,6277,True
e1,c100,learned_top1,6629,777,3,0.4671,3.0,6277,True
e1,c100,learned_top1,6629,888,3,0.4587,3.0,6277,True
e1,c100,learned_top1,6629,999,3,0.4613,3.0,6277,True
e1,c100,learned_top1,7333,123,4,0.4595,4.0,6981,True
e1,c100,learned_top1,7333,2026,4,0.465,4.0,6981,True
e1,c100,learned_top1,7333,31415,4,0.4598,4.0,6981,True
e1,c100,learned_top1,7333,42,4,0.4599,4.0,6981,True
e1,c100,learned_top1,7333,5150,4,0.4645,4.0,6981,True
e1,c100,learned_top1,7333,60486,4,0.4651,4.0,6981,True
e1,c100,learned_top1,7333,7,4,0.468,4.0,6981,True
e1,c100,learned_top1,7333,777,4,0.4653,4.0,6981,True
e1,c100,learned_top1,7333,888,4,0.4601,4.0,6981,True
e1,c100,learned_top1,7333,999,4,0.4664,4.0,6981,True
e1,c100,learned_top1,8390,123,5,0.4603,5.0,7686,True
e1,c100,learned_top1,8390,2026,5,0.4607,5.0,7686,True
e1,c100,learned_top1,8390,31415,5,0.4545,5.0,7686,True
e1,c100,learned_top1,8390,42,5,0.4607,5.0,7686,True
e1,c100,learned_top1,8390,5150,5,0.458,5.0,7686,True
e1,c100,learned_top1,8390,60486,5,0.4622,5.0,7686,True
e1,c100,learned_top1,8390,7,5,0.4652,5.0,7686,True
e1,c100,learned_top1,8390,777,5,0.4553,5.0,7686,True
e1,c100,learned_top1,8390,888,5,0.4611,5.0,7686,True
e1,c100,learned_top1,8390,999,5,0.4556,5.0,7686,True
e1,c100,learned_top1,9799,123,6,0.4606,6.0,9356,True
e1,c100,learned_top1,9799,2026,6,0.4525,6.0,9356,True
e1,c100,learned_top1,9799,31415,6,0.4595,6.0,9356,True
e1,c100,learned_top1,9799,42,6,0.4596,6.0,9356,True
e1,c100,learned_top1,9799,5150,6,0.4625,6.0,9356,True
e1,c100,learned_top1,9799,60486,6,0.4633,6.0,9356,True
e1,c100,learned_top1,9799,7,6,0.4614,6.0,9356,True
e1,c100,learned_top1,9799,777,6,0.4591,6.0,9356,True
e1,c100,learned_top1,9799,888,6,0.4534,6.0,9356,True
e1,c100,learned_top1,9799,999,6,0.4588,6.0,9356,True
e1,c100,random,13322,123,7,0.461,7.0,10504,True
e1,c100,random,13322,2026,7,0.4545,7.0,10504,True
e1,c100,random,13322,31415,7,0.4638,7.0,10504,True
e1,c100,random,13322,42,7,0.4539,7.0,10504,True
e1,c100,random,13322,5150,7,0.4589,7.0,10504,True
e1,c100,random,13322,60486,7,0.4591,7.0,10504,True
e1,c100,random,13322,7,7,0.4575,7.0,10504,True
e1,c100,random,13322,777,7,0.457,7.0,10504,True
e1,c100,random,13322,888,7,0.4609,7.0,10504,True
e1,c100,random,13322,999,7,0.4591,7.0,10504,True
e1,c100,random,17350,123,8,0.4567,8.0,16140,True
e1,c100,random,17350,2026,8,0.4493,8.0,16140,True
e1,c100,random,17350,31415,8,0.4552,8.0,16140,True
e1,c100,random,17350,42,8,0.4569,8.0,16140,True
e1,c100,random,17350,5150,8,0.4552,8.0,16140,True
e1,c100,random,17350,60486,8,0.458,8.0,16140,True
e1,c100,random,17350,7,8,0.4612,8.0,16140,True
e1,c100,random,17350,777,8,0.457,8.0,16140,True
e1,c100,random,17350,888,8,0.4608,8.0,16140,True
e1,c100,random,17350,999,8,0.4604,8.0,16140,True
e1,c100,random,3907,123,0,0.4708,0.0,3843,True
e1,c100,random,3907,2026,0,0.4589,0.0,3843,True
e1,c100,random,3907,31415,0,0.4635,0.0,3843,True
e1,c100,random,3907,42,0,0.467,0.0,3843,True
e1,c100,random,3907,5150,0,0.4633,0.0,3843,True
e1,c100,random,3907,60486,0,0.4643,0.0,3843,True
e1,c100,random,3907,7,0,0.4694,0.0,3843,True
e1,c100,random,3907,777,0,0.4619,0.0,3843,True
e1,c100,random,3907,888,0,0.4648,0.0,3843,True
e1,c100,random,3907,999,0,0.464,0.0,3843,True
e1,c100,random,5748,123,1,0.469,1.0,5572,True
e1,c100,random,5748,2026,1,0.4672,1.0,5572,True
e1,c100,random,5748,31415,1,0.469,1.0,5572,True
e1,c100,random,5748,42,1,0.4618,1.0,5572,True
e1,c100,random,5748,5150,1,0.4639,1.0,5572,True
e1,c100,random,5748,60486,1,0.4688,1.0,5572,True
e1,c100,random,5748,7,1,0.4702,1.0,5572,True
e1,c100,random,5748,777,1,0.4665,1.0,5572,True
e1,c100,random,5748,888,1,0.468,1.0,5572,True
e1,c100,random,5748,999,1,0.4722,1.0,5572,True
e1,c100,random,6100,123,2,0.4714,2.0,6024,True
e1,c100,random,6100,2026,2,0.4626,2.0,6024,True
e1,c100,random,6100,31415,2,0.4632,2.0,6024,True
e1,c100,random,6100,42,2,0.458,2.0,6024,True
e1,c100,random,6100,5150,2,0.4563,2.0,6024,True
e1,c100,random,6100,60486,2,0.466,2.0,6024,True
e1,c100,random,6100,7,2,0.4587,2.0,6024,True
e1,c100,random,6100,777,2,0.4621,2.0,6024,True
e1,c100,random,6100,888,2,0.464,2.0,6024,True
e1,c100,random,6100,999,2,0.4636,2.0,6024,True
e1,c100,random,6629,123,3,0.4636,3.0,6277,True
e1,c100,random,6629,2026,3,0.4562,3.0,6277,True
e1,c100,random,6629,31415,3,0.46,3.0,6277,True
e1,c100,random,6629,42,3,0.4555,3.0,6277,True
e1,c100,random,6629,5150,3,0.4621,3.0,6277,True
e1,c100,random,6629,60486,3,0.4609,3.0,6277,True
e1,c100,random,6629,7,3,0.4614,3.0,6277,True
e1,c100,random,6629,777,3,0.452,3.0,6277,True
e1,c100,random,6629,888,3,0.455,3.0,6277,True
e1,c100,random,6629,999,3,0.4624,3.0,6277,True
e1,c100,random,7333,123,4,0.4622,4.0,6981,True
e1,c100,random,7333,2026,4,0.4567,4.0,6981,True
e1,c100,random,7333,31415,4,0.4612,4.0,6981,True
e1,c100,random,7333,42,4,0.4594,4.0,6981,True
e1,c100,random,7333,5150,4,0.4602,4.0,6981,True
e1,c100,random,7333,60486,4,0.4631,4.0,6981,True
e1,c100,random,7333,7,4,0.4634,4.0,6981,True
e1,c100,random,7333,777,4,0.46,4.0,6981,True
e1,c100,random,7333,888,4,0.4576,4.0,6981,True
e1,c100,random,7333,999,4,0.464,4.0,6981,True
e1,c100,random,8390,123,5,0.463,5.0,7686,True
e1,c100,random,8390,2026,5,0.4615,5.0,7686,True
e1,c100,random,8390,31415,5,0.461,5.0,7686,True
e1,c100,random,8390,42,5,0.4627,5.0,7686,True
e1,c100,random,8390,5150,5,0.459,5.0,7686,True
e1,c100,random,8390,60486,5,0.4588,5.0,7686,True
e1,c100,random,8390,7,5,0.4672,5.0,7686,True
e1,c100,random,8390,777,5,0.4599,5.0,7686,True
e1,c100,random,8390,888,5,0.458,5.0,7686,True
e1,c100,random,8390,999,5,0.4622,5.0,7686,True
e1,c100,random,9799,123,6,0.4653,6.0,9356,True
e1,c100,random,9799,2026,6,0.4569,6.0,9356,True
e1,c100,random,9799,31415,6,0.4632,6.0,9356,True
e1,c100,random,9799,42,6,0.4611,6.0,9356,True
e1,c100,random,9799,5150,6,0.4564,6.0,9356,True
e1,c100,random,9799,60486,6,0.4535,6.0,9356,True
e1,c100,random,9799,7,6,0.463,6.0,9356,True
e1,c100,random,9799,777,6,0.4597,6.0,9356,True
e1,c100,random,9799,888,6,0.4553,6.0,9356,True
e1,c100,random,9799,999,6,0.4622,6.0,9356,True
e1,c100,round_robin,13322,123,7,0.4583,7.0,10504,True
e1,c100,round_robin,13322,2026,7,0.4506,7.0,10504,True
e1,c100,round_robin,13322,31415,7,0.4564,7.0,10504,True
e1,c100,round_robin,13322,42,7,0.4599,7.0,10504,True
e1,c100,round_robin,13322,5150,7,0.4571,7.0,10504,True
e1,c100,round_robin,13322,60486,7,0.4666,7.0,10504,True
e1,c100,round_robin,13322,7,7,0.4587,7.0,10504,True
e1,c100,round_robin,13322,777,7,0.453,7.0,10504,True
e1,c100,round_robin,13322,888,7,0.4603,7.0,10504,True
e1,c100,round_robin,13322,999,7,0.4604,7.0,10504,True
e1,c100,round_robin,17350,123,8,0.4571,8.0,16140,True
e1,c100,round_robin,17350,2026,8,0.4552,8.0,16140,True
e1,c100,round_robin,17350,31415,8,0.4516,8.0,16140,True
e1,c100,round_robin,17350,42,8,0.4559,8.0,16140,True
e1,c100,round_robin,17350,5150,8,0.4548,8.0,16140,True
e1,c100,round_robin,17350,60486,8,0.4576,8.0,16140,True
e1,c100,round_robin,17350,7,8,0.4607,8.0,16140,True
e1,c100,round_robin,17350,777,8,0.4561,8.0,16140,True
e1,c100,round_robin,17350,888,8,0.4601,8.0,16140,True
e1,c100,round_robin,17350,999,8,0.4579,8.0,16140,True
e1,c100,round_robin,3907,123,0,0.4708,0.0,3843,True
e1,c100,round_robin,3907,2026,0,0.4589,0.0,3843,True
e1,c100,round_robin,3907,31415,0,0.4635,0.0,3843,True
e1,c100,round_robin,3907,42,0,0.467,0.0,3843,True
e1,c100,round_robin,3907,5150,0,0.4633,0.0,3843,True
e1,c100,round_robin,3907,60486,0,0.4643,0.0,3843,True
e1,c100,round_robin,3907,7,0,0.4694,0.0,3843,True
e1,c100,round_robin,3907,777,0,0.4619,0.0,3843,True
e1,c100,round_robin,3907,888,0,0.4648,0.0,3843,True
e1,c100,round_robin,3907,999,0,0.464,0.0,3843,True
e1,c100,round_robin,5748,123,1,0.469,1.0,5572,True
e1,c100,round_robin,5748,2026,1,0.4672,1.0,5572,True
e1,c100,round_robin,5748,31415,1,0.469,1.0,5572,True
e1,c100,round_robin,5748,42,1,0.4618,1.0,5572,True
e1,c100,round_robin,5748,5150,1,0.4639,1.0,5572,True
e1,c100,round_robin,5748,60486,1,0.4688,1.0,5572,True
e1,c100,round_robin,5748,7,1,0.4702,1.0,5572,True
e1,c100,round_robin,5748,777,1,0.4665,1.0,5572,True
e1,c100,round_robin,5748,888,1,0.468,1.0,5572,True
e1,c100,round_robin,5748,999,1,0.4722,1.0,5572,True
e1,c100,round_robin,6100,123,2,0.4667,2.0,5924,True
e1,c100,round_robin,6100,2026,2,0.4625,2.0,5924,True
e1,c100,round_robin,6100,31415,2,0.4638,2.0,5924,True
e1,c100,round_robin,6100,42,2,0.4669,2.0,5924,True
e1,c100,round_robin,6100,5150,2,0.4591,2.0,5924,True
e1,c100,round_robin,6100,60486,2,0.4649,2.0,5924,True
e1,c100,round_robin,6100,7,2,0.4652,2.0,5924,True
e1,c100,round_robin,6100,777,2,0.4629,2.0,5924,True
e1,c100,round_robin,6100,888,2,0.4615,2.0,5924,True
e1,c100,round_robin,6100,999,2,0.4619,2.0,5924,True
e1,c100,round_robin,6629,123,3,0.4564,3.0,6277,True
e1,c100,round_robin,6629,2026,3,0.4605,3.0,6277,True
e1,c100,round_robin,6629,31415,3,0.4563,3.0,6277,True
e1,c100,round_robin,6629,42,3,0.4596,3.0,6277,True
e1,c100,round_robin,6629,5150,3,0.4607,3.0,6277,True
e1,c100,round_robin,6629,60486,3,0.4579,3.0,6277,True
e1,c100,round_robin,6629,7,3,0.4657,3.0,6277,True
e1,c100,round_robin,6629,777,3,0.453,3.0,6277,True
e1,c100,round_robin,6629,888,3,0.4578,3.0,6277,True
e1,c100,round_robin,6629,999,3,0.4631,3.0,6277,True
e1,c100,round_robin,7333,123,4,0.4608,4.0,6981,True
e1,c100,round_robin,7333,2026,4,0.4628,4.0,6981,True
e1,c100,round_robin,7333,31415,4,0.4577,4.0,6981,True
e1,c100,round_robin,7333,42,4,0.4577,4.0,6981,True
e1,c100,round_robin,7333,5150,4,0.4626,4.0,6981,True
e1,c100,round_robin,7333,60486,4,0.4628,4.0,6981,True
e1,c100,round_robin,7333,7,4,0.4626,4.0,6981,True
e1,c100,round_robin,7333,777,4,0.4573,4.0,6981,True
e1,c100,round_robin,7333,888,4,0.4607,4.0,6981,True
e1,c100,round_robin,7333,999,4,0.4607,4.0,6981,True
e1,c100,round_robin,8390,123,5,0.462,5.0,7686,True
e1,c100,round_robin,8390,2026,5,0.4572,5.0,7686,True
e1,c100,round_robin,8390,31415,5,0.4625,5.0,7686,True
e1,c100,round_robin,8390,42,5,0.4618,5.0,7686,True
e1,c100,round_robin,8390,5150,5,0.458,5.0,7686,True
e1,c100,round_robin,8390,60486,5,0.461,5.0,7686,True
e1,c100,round_robin,8390,7,5,0.4645,5.0,7686,True
e1,c100,round_robin,8390,777,5,0.4582,5.0,7686,True
e1,c100,round_robin,8390,888,5,0.4601,5.0,7686,True
e1,c100,round_robin,8390,999,5,0.4632,5.0,7686,True
e1,c100,round_robin,9799,123,6,0.4623,6.0,9095,True
e1,c100,round_robin,9799,2026,6,0.4591,6.0,9095,True
e1,c100,round_robin,9799,31415,6,0.4623,6.0,9095,True
e1,c100,round_robin,9799,42,6,0.461,6.0,9095,True
e1,c100,round_robin,9799,5150,6,0.4593,6.0,9095,True
e1,c100,round_robin,9799,60486,6,0.4602,6.0,9095,True
e1,c100,round_robin,9799,7,6,0.4653,6.0,9095,True
e1,c100,round_robin,9799,777,6,0.4552,6.0,9095,True
e1,c100,round_robin,9799,888,6,0.455,6.0,9095,True
e1,c100,round_robin,9799,999,6,0.4595,6.0,9095,True
e1,c100,gatedmoe_base,13322,123,7,0.4583,7.0,10504,True
e1,c100,gatedmoe_base,13322,2026,7,0.4506,7.0,10504,True
e1,c100,gatedmoe_base,13322,31415,7,0.4564,7.0,10504,True
e1,c100,gatedmoe_base,13322,42,7,0.4599,7.0,10504,True
e1,c100,gatedmoe_base,13322,5150,7,0.4571,7.0,10504,True
e1,c100,gatedmoe_base,13322,60486,7,0.4666,7.0,10504,True
e1,c100,gatedmoe_base,13322,7,7,0.4587,7.0,10504,True
e1,c100,gatedmoe_base,13322,777,7,0.453,7.0,10504,True
e1,c100,gatedmoe_base,13322,888,7,0.4603,7.0,10504,True
e1,c100,gatedmoe_base,13322,999,7,0.4604,7.0,10504,True
e1,c100,gatedmoe_base,17350,123,8,0.4571,8.0,16140,True
e1,c100,gatedmoe_base,17350,2026,8,0.4552,8.0,16140,True
e1,c100,gatedmoe_base,17350,31415,8,0.4516,8.0,16140,True
e1,c100,gatedmoe_base,17350,42,8,0.4559,8.0,16140,True
e1,c100,gatedmoe_base,17350,5150,8,0.4548,8.0,16140,True
e1,c100,gatedmoe_base,17350,60486,8,0.4576,8.0,16140,True
e1,c100,gatedmoe_base,17350,7,8,0.4607,8.0,16140,True
e1,c100,gatedmoe_base,17350,777,8,0.4561,8.0,16140,True
e1,c100,gatedmoe_base,17350,888,8,0.4594,8.0,16140,True
e1,c100,gatedmoe_base,17350,999,8,0.4579,8.0,16140,True
e1,c100,gatedmoe_base,3907,123,0,0.4708,0.0,3843,True
e1,c100,gatedmoe_base,3907,2026,0,0.4589,0.0,3843,True
e1,c100,gatedmoe_base,3907,31415,0,0.4635,0.0,3843,True
e1,c100,gatedmoe_base,3907,42,0,0.467,0.0,3843,True
e1,c100,gatedmoe_base,3907,5150,0,0.4633,0.0,3843,True
e1,c100,gatedmoe_base,3907,60486,0,0.4643,0.0,3843,True
e1,c100,gatedmoe_base,3907,7,0,0.4694,0.0,3843,True
e1,c100,gatedmoe_base,3907,777,0,0.4619,0.0,3843,True
e1,c100,gatedmoe_base,3907,888,0,0.4648,0.0,3843,True
e1,c100,gatedmoe_base,3907,999,0,0.464,0.0,3843,True
e1,c100,gatedmoe_base,5748,123,1,0.469,1.0,5572,True
e1,c100,gatedmoe_base,5748,2026,1,0.4672,1.0,5572,True
e1,c100,gatedmoe_base,5748,31415,1,0.469,1.0,5572,True
e1,c100,gatedmoe_base,5748,42,1,0.4618,1.0,5572,True
e1,c100,gatedmoe_base,5748,5150,1,0.4639,1.0,5572,True
e1,c100,gatedmoe_base,5748,60486,1,0.4688,1.0,5572,True
e1,c100,gatedmoe_base,5748,7,1,0.4702,1.0,5572,True
e1,c100,gatedmoe_base,5748,777,1,0.4665,1.0,5572,True
e1,c100,gatedmoe_base,5748,888,1,0.468,1.0,5572,True
e1,c100,gatedmoe_base,5748,999,1,0.4722,1.0,5572,True
e1,c100,gatedmoe_base,6100,123,2,0.4667,2.0,5924,True
e1,c100,gatedmoe_base,6100,2026,2,0.4625,2.0,5924,True
e1,c100,gatedmoe_base,6100,31415,2,0.4638,2.0,5924,True
e1,c100,gatedmoe_base,6100,42,2,0.4669,2.0,5924,True
e1,c100,gatedmoe_base,6100,5150,2,0.4591,2.0,5924,True
e1,c100,gatedmoe_base,6100,60486,2,0.4649,2.0,5924,True
e1,c100,gatedmoe_base,6100,7,2,0.4652,2.0,5924,True
e1,c100,gatedmoe_base,6100,777,2,0.4629,2.0,5924,True
e1,c100,gatedmoe_base,6100,888,2,0.4615,2.0,5924,True
e1,c100,gatedmoe_base,6100,999,2,0.4619,2.0,5924,True
e1,c100,gatedmoe_base,6629,123,3,0.4564,3.0,6277,True
e1,c100,gatedmoe_base,6629,2026,3,0.4605,3.0,6277,True
e1,c100,gatedmoe_base,6629,31415,3,0.4563,3.0,6277,True
e1,c100,gatedmoe_base,6629,42,3,0.4596,3.0,6277,True
e1,c100,gatedmoe_base,6629,5150,3,0.4607,3.0,6277,True
e1,c100,gatedmoe_base,6629,60486,3,0.4579,3.0,6277,True
e1,c100,gatedmoe_base,6629,7,3,0.4657,3.0,6277,True
e1,c100,gatedmoe_base,6629,777,3,0.453,3.0,6277,True
e1,c100,gatedmoe_base,6629,888,3,0.4578,3.0,6277,True
e1,c100,gatedmoe_base,6629,999,3,0.4631,3.0,6277,True
e1,c100,gatedmoe_base,7333,123,4,0.4608,4.0,6981,True
e1,c100,gatedmoe_base,7333,2026,4,0.4628,4.0,6981,True
e1,c100,gatedmoe_base,7333,31415,4,0.4577,4.0,6981,True
e1,c100,gatedmoe_base,7333,42,4,0.4577,4.0,6981,True
e1,c100,gatedmoe_base,7333,5150,4,0.4626,4.0,6981,True
e1,c100,gatedmoe_base,7333,60486,4,0.4628,4.0,6981,True
e1,c100,gatedmoe_base,7333,7,4,0.4626,4.0,6981,True
e1,c100,gatedmoe_base,7333,777,4,0.4573,4.0,6981,True
e1,c100,gatedmoe_base,7333,888,4,0.4607,4.0,6981,True
e1,c100,gatedmoe_base,7333,999,4,0.4607,4.0,6981,True
e1,c100,gatedmoe_base,8390,123,5,0.462,5.0,7686,True
e1,c100,gatedmoe_base,8390,2026,5,0.4572,5.0,7686,True
e1,c100,gatedmoe_base,8390,31415,5,0.4625,5.0,7686,True
e1,c100,gatedmoe_base,8390,42,5,0.4618,5.0,7686,True
e1,c100,gatedmoe_base,8390,5150,5,0.458,5.0,7686,True
e1,c100,gatedmoe_base,8390,60486,5,0.461,5.0,7686,True
e1,c100,gatedmoe_base,8390,7,5,0.4645,5.0,7686,True
e1,c100,gatedmoe_base,8390,777,5,0.4582,5.0,7686,True
e1,c100,gatedmoe_base,8390,888,5,0.4601,5.0,7686,True
e1,c100,gatedmoe_base,8390,999,5,0.4632,5.0,7686,True
e1,c100,gatedmoe_base,9799,123,6,0.4623,6.0,9095,True
e1,c100,gatedmoe_base,9799,2026,6,0.4591,6.0,9095,True
e1,c100,gatedmoe_base,9799,31415,6,0.4623,6.0,9095,True
e1,c100,gatedmoe_base,9799,42,6,0.461,6.0,9095,True
e1,c100,gatedmoe_base,9799,5150,6,0.4593,6.0,9095,True
e1,c100,gatedmoe_base,9799,60486,6,0.4602,6.0,9095,True
e1,c100,gatedmoe_base,9799,7,6,0.4653,6.0,9095,True
e1,c100,gatedmoe_base,9799,777,6,0.4552,6.0,9095,True
e1,c100,gatedmoe_base,9799,888,6,0.455,6.0,9095,True
e1,c100,gatedmoe_base,9799,999,6,0.4595,6.0,9095,True
e1,c100,gatedmoe_g,13322,123,7,0.4597,7.0,10504,True
e1,c100,gatedmoe_g,13322,2026,7,0.457,7.0,10504,True
e1,c100,gatedmoe_g,13322,31415,7,0.4587,7.0,10504,True
e1,c100,gatedmoe_g,13322,42,7,0.4521,7.0,10504,True
e1,c100,gatedmoe_g,13322,5150,7,0.4564,7.0,10504,True
e1,c100,gatedmoe_g,13322,60486,7,0.4623,7.0,10504,True
e1,c100,gatedmoe_g,13322,7,7,0.4617,7.0,10504,True
e1,c100,gatedmoe_g,13322,777,7,0.4537,7.0,10504,True
e1,c100,gatedmoe_g,13322,888,7,0.4595,7.0,10504,True
e1,c100,gatedmoe_g,13322,999,7,0.4583,7.0,10504,True
e1,c100,gatedmoe_g,17350,123,8,0.4569,8.0,16140,True
e1,c100,gatedmoe_g,17350,2026,8,0.4573,8.0,16140,True
e1,c100,gatedmoe_g,17350,31415,8,0.4576,8.0,16140,True
e1,c100,gatedmoe_g,17350,42,8,0.4572,8.0,16140,True
e1,c100,gatedmoe_g,17350,5150,8,0.456,8.0,16140,True
e1,c100,gatedmoe_g,17350,60486,8,0.4601,8.0,16140,True
e1,c100,gatedmoe_g,17350,7,8,0.4613,8.0,16140,True
e1,c100,gatedmoe_g,17350,777,8,0.4563,8.0,16140,True
e1,c100,gatedmoe_g,17350,888,8,0.4595,8.0,16140,True
e1,c100,gatedmoe_g,17350,999,8,0.4597,8.0,16140,True
e1,c100,gatedmoe_g,3907,123,0,0.4708,0.0,3843,True
e1,c100,gatedmoe_g,3907,2026,0,0.4589,0.0,3843,True
e1,c100,gatedmoe_g,3907,31415,0,0.4635,0.0,3843,True
e1,c100,gatedmoe_g,3907,42,0,0.467,0.0,3843,True
e1,c100,gatedmoe_g,3907,5150,0,0.4633,0.0,3843,True
e1,c100,gatedmoe_g,3907,60486,0,0.4643,0.0,3843,True
e1,c100,gatedmoe_g,3907,7,0,0.4694,0.0,3843,True
e1,c100,gatedmoe_g,3907,777,0,0.4619,0.0,3843,True
e1,c100,gatedmoe_g,3907,888,0,0.4648,0.0,3843,True
e1,c100,gatedmoe_g,3907,999,0,0.464,0.0,3843,True
e1,c100,gatedmoe_g,5748,123,1,0.469,1.0,5572,True
e1,c100,gatedmoe_g,5748,2026,1,0.4672,1.0,5572,True
e1,c100,gatedmoe_g,5748,31415,1,0.469,1.0,5572,True
e1,c100,gatedmoe_g,5748,42,1,0.4618,1.0,5572,True
e1,c100,gatedmoe_g,5748,5150,1,0.4639,1.0,5572,True
e1,c100,gatedmoe_g,5748,60486,1,0.4688,1.0,5572,True
e1,c100,gatedmoe_g,5748,7,1,0.4702,1.0,5572,True
e1,c100,gatedmoe_g,5748,777,1,0.4665,1.0,5572,True
e1,c100,gatedmoe_g,5748,888,1,0.468,1.0,5572,True
e1,c100,gatedmoe_g,5748,999,1,0.4722,1.0,5572,True
e1,c100,gatedmoe_g,6100,123,2,0.4667,2.0,5924,True
e1,c100,gatedmoe_g,6100,2026,2,0.4625,2.0,5924,True
e1,c100,gatedmoe_g,6100,31415,2,0.4638,2.0,5924,True
e1,c100,gatedmoe_g,6100,42,2,0.4669,2.0,5924,True
e1,c100,gatedmoe_g,6100,5150,2,0.4591,2.0,5924,True
e1,c100,gatedmoe_g,6100,60486,2,0.4649,2.0,5924,True
e1,c100,gatedmoe_g,6100,7,2,0.4652,2.0,5924,True
e1,c100,gatedmoe_g,6100,777,2,0.4629,2.0,5924,True
e1,c100,gatedmoe_g,6100,888,2,0.4615,2.0,5924,True
e1,c100,gatedmoe_g,6100,999,2,0.4619,2.0,5924,True
e1,c100,gatedmoe_g,6629,123,3,0.4651,3.0,6277,True
e1,c100,gatedmoe_g,6629,2026,3,0.4627,3.0,6277,True
e1,c100,gatedmoe_g,6629,31415,3,0.4604,3.0,6277,True
e1,c100,gatedmoe_g,6629,42,3,0.4612,3.0,6277,True
e1,c100,gatedmoe_g,6629,5150,3,0.4557,3.0,6277,True
e1,c100,gatedmoe_g,6629,60486,3,0.4648,3.0,6277,True
e1,c100,gatedmoe_g,6629,7,3,0.4661,3.0,6277,True
e1,c100,gatedmoe_g,6629,777,3,0.4575,3.0,6277,True
e1,c100,gatedmoe_g,6629,888,3,0.4623,3.0,6277,True
e1,c100,gatedmoe_g,6629,999,3,0.4667,3.0,6277,True
e1,c100,gatedmoe_g,7333,123,4,0.4584,4.0,6981,True
e1,c100,gatedmoe_g,7333,2026,4,0.4571,4.0,6981,True
e1,c100,gatedmoe_g,7333,31415,4,0.4618,4.0,6981,True
e1,c100,gatedmoe_g,7333,42,4,0.462,4.0,6981,True
e1,c100,gatedmoe_g,7333,5150,4,0.4589,4.0,6981,True
e1,c100,gatedmoe_g,7333,60486,4,0.4549,4.0,6981,True
e1,c100,gatedmoe_g,7333,7,4,0.4642,4.0,6981,True
e1,c100,gatedmoe_g,7333,777,4,0.4557,4.0,6981,True
e1,c100,gatedmoe_g,7333,888,4,0.4601,4.0,6981,True
e1,c100,gatedmoe_g,7333,999,4,0.4591,4.0,6981,True
e1,c100,gatedmoe_g,8390,123,5,0.4592,5.0,7686,True
e1,c100,gatedmoe_g,8390,2026,5,0.4583,5.0,7686,True
e1,c100,gatedmoe_g,8390,31415,5,0.46,5.0,7686,True
e1,c100,gatedmoe_g,8390,42,5,0.4615,5.0,7686,True
e1,c100,gatedmoe_g,8390,5150,5,0.4583,5.0,7686,True
e1,c100,gatedmoe_g,8390,60486,5,0.4621,5.0,7686,True
e1,c100,gatedmoe_g,8390,7,5,0.4617,5.0,7686,True
e1,c100,gatedmoe_g,8390,777,5,0.4607,5.0,7686,True
e1,c100,gatedmoe_g,8390,888,5,0.4549,5.0,7686,True
e1,c100,gatedmoe_g,8390,999,5,0.4598,5.0,7686,True
e1,c100,gatedmoe_g,9799,123,6,0.4588,6.0,9095,True
e1,c100,gatedmoe_g,9799,2026,6,0.4605,6.0,9095,True
e1,c100,gatedmoe_g,9799,31415,6,0.4573,6.0,9095,True
e1,c100,gatedmoe_g,9799,42,6,0.4623,6.0,9095,True
e1,c100,gatedmoe_g,9799,5150,6,0.4504,6.0,9095,True
e1,c100,gatedmoe_g,9799,60486,6,0.4661,6.0,9095,True
e1,c100,gatedmoe_g,9799,7,6,0.4611,6.0,9095,True
e1,c100,gatedmoe_g,9799,777,6,0.4613,6.0,9095,True
e1,c100,gatedmoe_g,9799,888,6,0.4582,6.0,9095,True
e1,c100,gatedmoe_g,9799,999,6,0.4566,6.0,9095,True
e1,c10,learned_top1,13322,123,7,0.7234,7.0,10504,True
e1,c10,learned_top1,13322,2026,7,0.7162,7.0,10504,True
e1,c10,learned_top1,13322,31415,7,0.7189,7.0,10504,True
e1,c10,learned_top1,13322,42,7,0.7216,7.0,10504,True
e1,c10,learned_top1,13322,5150,7,0.7177,7.0,10504,True
e1,c10,learned_top1,13322,60486,7,0.7231,7.0,10504,True
e1,c10,learned_top1,13322,7,7,0.7178,7.0,10504,True
e1,c10,learned_top1,13322,777,7,0.7217,7.0,10504,True
e1,c10,learned_top1,13322,888,7,0.7204,7.0,10504,True
e1,c10,learned_top1,13322,999,7,0.7196,7.0,10504,True
e1,c10,learned_top1,17350,123,8,0.721,8.0,16140,True
e1,c10,learned_top1,17350,2026,8,0.7123,8.0,16140,True
e1,c10,learned_top1,17350,31415,8,0.7219,8.0,16140,True
e1,c10,learned_top1,17350,42,8,0.7108,8.0,16140,True
e1,c10,learned_top1,17350,5150,8,0.7114,8.0,16140,True
e1,c10,learned_top1,17350,60486,8,0.7192,8.0,16140,True
e1,c10,learned_top1,17350,7,8,0.7205,8.0,16140,True
e1,c10,learned_top1,17350,777,8,0.7156,8.0,16140,True
e1,c10,learned_top1,17350,888,8,0.7193,8.0,16140,True
e1,c10,learned_top1,17350,999,8,0.7191,8.0,16140,True
e1,c10,learned_top1,3907,123,0,0.7273,0.0,3843,True
e1,c10,learned_top1,3907,2026,0,0.7199,0.0,3843,True
e1,c10,learned_top1,3907,31415,0,0.7242,0.0,3843,True
e1,c10,learned_top1,3907,42,0,0.7156,0.0,3843,True
e1,c10,learned_top1,3907,5150,0,0.7234,0.0,3843,True
e1,c10,learned_top1,3907,60486,0,0.7224,0.0,3843,True
e1,c10,learned_top1,3907,7,0,0.7285,0.0,3843,True
e1,c10,learned_top1,3907,777,0,0.7214,0.0,3843,True
e1,c10,learned_top1,3907,888,0,0.7214,0.0,3843,True
e1,c10,learned_top1,3907,999,0,0.7277,0.0,3843,True
e1,c10,learned_top1,5748,123,1,0.7311,1.0,5572,True
e1,c10,learned_top1,5748,2026,1,0.7206,1.0,5572,True
e1,c10,learned_top1,5748,31415,1,0.7283,1.0,5572,True
e1,c10,learned_top1,5748,42,1,0.7162,1.0,5572,True
e1,c10,learned_top1,5748,5150,1,0.7185,1.0,5572,True
e1,c10,learned_top1,5748,60486,1,0.7258,1.0,5572,True
e1,c10,learned_top1,5748,7,1,0.7299,1.0,5572,True
e1,c10,learned_top1,5748,777,1,0.7255,1.0,5572,True
e1,c10,learned_top1,5748,888,1,0.722,1.0,5572,True
e1,c10,learned_top1,5748,999,1,0.7236,1.0,5572,True
e1,c10,learned_top1,6100,123,2,0.7203,2.0,6024,True
e1,c10,learned_top1,6100,2026,2,0.7252,2.0,6024,True
e1,c10,learned_top1,6100,31415,2,0.7237,2.0,6024,True
e1,c10,learned_top1,6100,42,2,0.7189,2.0,6024,True
e1,c10,learned_top1,6100,5150,2,0.7221,2.0,6024,True
e1,c10,learned_top1,6100,60486,2,0.7254,2.0,6024,True
e1,c10,learned_top1,6100,7,2,0.7232,2.0,6024,True
e1,c10,learned_top1,6100,777,2,0.7207,2.0,6024,True
e1,c10,learned_top1,6100,888,2,0.72,2.0,6024,True
e1,c10,learned_top1,6100,999,2,0.7227,2.0,6024,True
e1,c10,learned_top1,6629,123,3,0.7246,3.0,6277,True
e1,c10,learned_top1,6629,2026,3,0.7155,3.0,6277,True
e1,c10,learned_top1,6629,31415,3,0.7231,3.0,6277,True
e1,c10,learned_top1,6629,42,3,0.7195,3.0,6277,True
e1,c10,learned_top1,6629,5150,3,0.7209,3.0,6277,True
e1,c10,learned_top1,6629,60486,3,0.7195,3.0,6277,True
e1,c10,learned_top1,6629,7,3,0.7205,3.0,6277,True
e1,c10,learned_top1,6629,777,3,0.7222,3.0,6277,True
e1,c10,learned_top1,6629,888,3,0.7211,3.0,6277,True
e1,c10,learned_top1,6629,999,3,0.7213,3.0,6277,True
e1,c10,learned_top1,7333,123,4,0.7201,4.0,6981,True
e1,c10,learned_top1,7333,2026,4,0.7219,4.0,6981,True
e1,c10,learned_top1,7333,31415,4,0.7257,4.0,6981,True
e1,c10,learned_top1,7333,42,4,0.7241,4.0,6981,True
e1,c10,learned_top1,7333,5150,4,0.7206,4.0,6981,True
e1,c10,learned_top1,7333,60486,4,0.7186,4.0,6981,True
e1,c10,learned_top1,7333,7,4,0.7183,4.0,6981,True
e1,c10,learned_top1,7333,777,4,0.7238,4.0,6981,True
e1,c10,learned_top1,7333,888,4,0.7253,4.0,6981,True
e1,c10,learned_top1,7333,999,4,0.7173,4.0,6981,True
e1,c10,learned_top1,8390,123,5,0.7154,5.0,7686,True
e1,c10,learned_top1,8390,2026,5,0.7149,5.0,7686,True
e1,c10,learned_top1,8390,31415,5,0.7225,5.0,7686,True
e1,c10,learned_top1,8390,42,5,0.7186,5.0,7686,True
e1,c10,learned_top1,8390,5150,5,0.7165,5.0,7686,True
e1,c10,learned_top1,8390,60486,5,0.7214,5.0,7686,True
e1,c10,learned_top1,8390,7,5,0.7196,5.0,7686,True
e1,c10,learned_top1,8390,777,5,0.7209,5.0,7686,True
e1,c10,learned_top1,8390,888,5,0.719,5.0,7686,True
e1,c10,learned_top1,8390,999,5,0.7201,5.0,7686,True
e1,c10,learned_top1,9799,123,6,0.7175,6.0,9356,True
e1,c10,learned_top1,9799,2026,6,0.7172,6.0,9356,True
e1,c10,learned_top1,9799,31415,6,0.7255,6.0,9356,True
e1,c10,learned_top1,9799,42,6,0.7205,6.0,9356,True
e1,c10,learned_top1,9799,5150,6,0.72,6.0,9356,True
e1,c10,learned_top1,9799,60486,6,0.7156,6.0,9356,True
e1,c10,learned_top1,9799,7,6,0.7145,6.0,9356,True
e1,c10,learned_top1,9799,777,6,0.7192,6.0,9356,True
e1,c10,learned_top1,9799,888,6,0.7169,6.0,9356,True
e1,c10,learned_top1,9799,999,6,0.7233,6.0,9356,True
e1,c10,random,13322,123,7,0.7189,7.0,10504,True
e1,c10,random,13322,2026,7,0.7189,7.0,10504,True
e1,c10,random,13322,31415,7,0.7218,7.0,10504,True
e1,c10,random,13322,42,7,0.7193,7.0,10504,True
e1,c10,random,13322,5150,7,0.7193,7.0,10504,True
e1,c10,random,13322,60486,7,0.7192,7.0,10504,True
e1,c10,random,13322,7,7,0.7218,7.0,10504,True
e1,c10,random,13322,777,7,0.7181,7.0,10504,True
e1,c10,random,13322,888,7,0.7212,7.0,10504,True
e1,c10,random,13322,999,7,0.718,7.0,10504,True
e1,c10,random,17350,123,8,0.719,8.0,16140,True
e1,c10,random,17350,2026,8,0.7123,8.0,16140,True
e1,c10,random,17350,31415,8,0.7179,8.0,16140,True
e1,c10,random,17350,42,8,0.7185,8.0,16140,True
e1,c10,random,17350,5150,8,0.7233,8.0,16140,True
e1,c10,random,17350,60486,8,0.72,8.0,16140,True
e1,c10,random,17350,7,8,0.7176,8.0,16140,True
e1,c10,random,17350,777,8,0.717,8.0,16140,True
e1,c10,random,17350,888,8,0.7177,8.0,16140,True
e1,c10,random,17350,999,8,0.7199,8.0,16140,True
e1,c10,random,3907,123,0,0.7226,0.0,3843,True
e1,c10,random,3907,2026,0,0.7191,0.0,3843,True
e1,c10,random,3907,31415,0,0.7228,0.0,3843,True
e1,c10,random,3907,42,0,0.7269,0.0,3843,True
e1,c10,random,3907,5150,0,0.7209,0.0,3843,True
e1,c10,random,3907,60486,0,0.7237,0.0,3843,True
e1,c10,random,3907,7,0,0.7236,0.0,3843,True
e1,c10,random,3907,777,0,0.7228,0.0,3843,True
e1,c10,random,3907,888,0,0.7227,0.0,3843,True
e1,c10,random,3907,999,0,0.7223,0.0,3843,True
e1,c10,random,5748,123,1,0.7266,1.0,5572,True
e1,c10,random,5748,2026,1,0.7217,1.0,5572,True
e1,c10,random,5748,31415,1,0.7286,1.0,5572,True
e1,c10,random,5748,42,1,0.7234,1.0,5572,True
e1,c10,random,5748,5150,1,0.7217,1.0,5572,True
e1,c10,random,5748,60486,1,0.7269,1.0,5572,True
e1,c10,random,5748,7,1,0.7235,1.0,5572,True
e1,c10,random,5748,777,1,0.7251,1.0,5572,True
e1,c10,random,5748,888,1,0.7281,1.0,5572,True
e1,c10,random,5748,999,1,0.7306,1.0,5572,True
e1,c10,random,6100,123,2,0.7234,2.0,6024,True
e1,c10,random,6100,2026,2,0.7167,2.0,6024,True
e1,c10,random,6100,31415,2,0.7248,2.0,6024,True
e1,c10,random,6100,42,2,0.7214,2.0,6024,True
e1,c10,random,6100,5150,2,0.7192,2.0,6024,True
e1,c10,random,6100,60486,2,0.7244,2.0,6024,True
e1,c10,random,6100,7,2,0.7265,2.0,6024,True
e1,c10,random,6100,777,2,0.7191,2.0,6024,True
e1,c10,random,6100,888,2,0.72,2.0,6024,True
e1,c10,random,6100,999,2,0.7235,2.0,6024,True
e1,c10,random,6629,123,3,0.7191,3.0,6277,True
e1,c10,random,6629,2026,3,0.7147,3.0,6277,True
e1,c10,random,6629,31415,3,0.725,3.0,6277,True
e1,c10,random,6629,42,3,0.7159,3.0,6277,True
e1,c10,random,6629,5150,3,0.7188,3.0,6277,True
e1,c10,random,6629,60486,3,0.7311,3.0,6277,True
e1,c10,random,6629,7,3,0.7169,3.0,6277,True
e1,c10,random,6629,777,3,0.7213,3.0,6277,True
e1,c10,random,6629,888,3,0.7199,3.0,6277,True
e1,c10,random,6629,999,3,0.7205,3.0,6277,True
e1,c10,random,7333,123,4,0.7238,4.0,6981,True
e1,c10,random,7333,2026,4,0.7138,4.0,6981,True
e1,c10,random,7333,31415,4,0.7237,4.0,6981,True
e1,c10,random,7333,42,4,0.721,4.0,6981,True
e1,c10,random,7333,5150,4,0.7199,4.0,6981,True
e1,c10,random,7333,60486,4,0.7253,4.0,6981,True
e1,c10,random,7333,7,4,0.7226,4.0,6981,True
e1,c10,random,7333,777,4,0.7194,4.0,6981,True
e1,c10,random,7333,888,4,0.719,4.0,6981,True
e1,c10,random,7333,999,4,0.722,4.0,6981,True
e1,c10,random,8390,123,5,0.7217,5.0,7686,True
e1,c10,random,8390,2026,5,0.7165,5.0,7686,True
e1,c10,random,8390,31415,5,0.7228,5.0,7686,True
e1,c10,random,8390,42,5,0.7192,5.0,7686,True
e1,c10,random,8390,5150,5,0.7152,5.0,7686,True
e1,c10,random,8390,60486,5,0.7249,5.0,7686,True
e1,c10,random,8390,7,5,0.7252,5.0,7686,True
e1,c10,random,8390,777,5,0.722,5.0,7686,True
e1,c10,random,8390,888,5,0.7182,5.0,7686,True
e1,c10,random,8390,999,5,0.7193,5.0,7686,True
e1,c10,random,9799,123,6,0.7255,6.0,9356,True
e1,c10,random,9799,2026,6,0.7165,6.0,9356,True
e1,c10,random,9799,31415,6,0.7249,6.0,9356,True
e1,c10,random,9799,42,6,0.7198,6.0,9356,True
e1,c10,random,9799,5150,6,0.7247,6.0,9356,True
e1,c10,random,9799,60486,6,0.7197,6.0,9356,True
e1,c10,random,9799,7,6,0.721,6.0,9356,True
e1,c10,random,9799,777,6,0.7203,6.0,9356,True
e1,c10,random,9799,888,6,0.7155,6.0,9356,True
e1,c10,random,9799,999,6,0.7189,6.0,9356,True
e1,c10,round_robin,13322,123,7,0.7186,7.0,10504,True
e1,c10,round_robin,13322,2026,7,0.714,7.0,10504,True
e1,c10,round_robin,13322,31415,7,0.7199,7.0,10504,True
e1,c10,round_robin,13322,42,7,0.7197,7.0,10504,True
e1,c10,round_robin,13322,5150,7,0.721,7.0,10504,True
e1,c10,round_robin,13322,60486,7,0.7228,7.0,10504,True
e1,c10,round_robin,13322,7,7,0.7195,7.0,10504,True
e1,c10,round_robin,13322,777,7,0.7195,7.0,10504,True
e1,c10,round_robin,13322,888,7,0.7204,7.0,10504,True
e1,c10,round_robin,13322,999,7,0.7208,7.0,10504,True
e1,c10,round_robin,17350,123,8,0.717,8.0,16140,True
e1,c10,round_robin,17350,2026,8,0.7101,8.0,16140,True
e1,c10,round_robin,17350,31415,8,0.715,8.0,16140,True
e1,c10,round_robin,17350,42,8,0.7138,8.0,16140,True
e1,c10,round_robin,17350,5150,8,0.7193,8.0,16140,True
e1,c10,round_robin,17350,60486,8,0.7255,8.0,16140,True
e1,c10,round_robin,17350,7,8,0.7191,8.0,16140,True
e1,c10,round_robin,17350,777,8,0.7215,8.0,16140,True
e1,c10,round_robin,17350,888,8,0.7134,8.0,16140,True
e1,c10,round_robin,17350,999,8,0.716,8.0,16140,True
e1,c10,round_robin,3907,123,0,0.7226,0.0,3843,True
e1,c10,round_robin,3907,2026,0,0.7191,0.0,3843,True
e1,c10,round_robin,3907,31415,0,0.7228,0.0,3843,True
e1,c10,round_robin,3907,42,0,0.7269,0.0,3843,True
e1,c10,round_robin,3907,5150,0,0.7209,0.0,3843,True
e1,c10,round_robin,3907,60486,0,0.7237,0.0,3843,True
e1,c10,round_robin,3907,7,0,0.7236,0.0,3843,True
e1,c10,round_robin,3907,777,0,0.7228,0.0,3843,True
e1,c10,round_robin,3907,888,0,0.7227,0.0,3843,True
e1,c10,round_robin,3907,999,0,0.7223,0.0,3843,True
e1,c10,round_robin,5748,123,1,0.7266,1.0,5572,True
e1,c10,round_robin,5748,2026,1,0.7217,1.0,5572,True
e1,c10,round_robin,5748,31415,1,0.7286,1.0,5572,True
e1,c10,round_robin,5748,42,1,0.7234,1.0,5572,True
e1,c10,round_robin,5748,5150,1,0.7217,1.0,5572,True
e1,c10,round_robin,5748,60486,1,0.7269,1.0,5572,True
e1,c10,round_robin,5748,7,1,0.7235,1.0,5572,True
e1,c10,round_robin,5748,777,1,0.7251,1.0,5572,True
e1,c10,round_robin,5748,888,1,0.7281,1.0,5572,True
e1,c10,round_robin,5748,999,1,0.7306,1.0,5572,True
e1,c10,round_robin,6100,123,2,0.7236,2.0,5924,True
e1,c10,round_robin,6100,2026,2,0.7169,2.0,5924,True
e1,c10,round_robin,6100,31415,2,0.7217,2.0,5924,True
e1,c10,round_robin,6100,42,2,0.7142,2.0,5924,True
e1,c10,round_robin,6100,5150,2,0.7235,2.0,5924,True
e1,c10,round_robin,6100,60486,2,0.7211,2.0,5924,True
e1,c10,round_robin,6100,7,2,0.7192,2.0,5924,True
e1,c10,round_robin,6100,777,2,0.7263,2.0,5924,True
e1,c10,round_robin,6100,888,2,0.7152,2.0,5924,True
e1,c10,round_robin,6100,999,2,0.7237,2.0,5924,True
e1,c10,round_robin,6629,123,3,0.7274,3.0,6277,True
e1,c10,round_robin,6629,2026,3,0.7188,3.0,6277,True
e1,c10,round_robin,6629,31415,3,0.7212,3.0,6277,True
e1,c10,round_robin,6629,42,3,0.7175,3.0,6277,True
e1,c10,round_robin,6629,5150,3,0.7217,3.0,6277,True
e1,c10,round_robin,6629,60486,3,0.7232,3.0,6277,True
e1,c10,round_robin,6629,7,3,0.7207,3.0,6277,True
e1,c10,round_robin,6629,777,3,0.7245,3.0,6277,True
e1,c10,round_robin,6629,888,3,0.7179,3.0,6277,True
e1,c10,round_robin,6629,999,3,0.7175,3.0,6277,True
e1,c10,round_robin,7333,123,4,0.7223,4.0,6981,True
e1,c10,round_robin,7333,2026,4,0.7212,4.0,6981,True
e1,c10,round_robin,7333,31415,4,0.7217,4.0,6981,True
e1,c10,round_robin,7333,42,4,0.7174,4.0,6981,True
e1,c10,round_robin,7333,5150,4,0.7153,4.0,6981,True
e1,c10,round_robin,7333,60486,4,0.7251,4.0,6981,True
e1,c10,round_robin,7333,7,4,0.7204,4.0,6981,True
e1,c10,round_robin,7333,777,4,0.7199,4.0,6981,True
e1,c10,round_robin,7333,888,4,0.7201,4.0,6981,True
e1,c10,round_robin,7333,999,4,0.7208,4.0,6981,True
e1,c10,round_robin,8390,123,5,0.7206,5.0,7686,True
e1,c10,round_robin,8390,2026,5,0.7195,5.0,7686,True
e1,c10,round_robin,8390,31415,5,0.7222,5.0,7686,True
e1,c10,round_robin,8390,42,5,0.721,5.0,7686,True
e1,c10,round_robin,8390,5150,5,0.7198,5.0,7686,True
e1,c10,round_robin,8390,60486,5,0.7203,5.0,7686,True
e1,c10,round_robin,8390,7,5,0.7237,5.0,7686,True
e1,c10,round_robin,8390,777,5,0.7186,5.0,7686,True
e1,c10,round_robin,8390,888,5,0.7165,5.0,7686,True
e1,c10,round_robin,8390,999,5,0.7234,5.0,7686,True
e1,c10,round_robin,9799,123,6,0.7178,6.0,9095,True
e1,c10,round_robin,9799,2026,6,0.7175,6.0,9095,True
e1,c10,round_robin,9799,31415,6,0.7233,6.0,9095,True
e1,c10,round_robin,9799,42,6,0.7195,6.0,9095,True
e1,c10,round_robin,9799,5150,6,0.7169,6.0,9095,True
e1,c10,round_robin,9799,60486,6,0.7237,6.0,9095,True
e1,c10,round_robin,9799,7,6,0.7217,6.0,9095,True
e1,c10,round_robin,9799,777,6,0.7173,6.0,9095,True
e1,c10,round_robin,9799,888,6,0.7205,6.0,9095,True
e1,c10,round_robin,9799,999,6,0.7232,6.0,9095,True
e1,c10,gatedmoe_base,13322,123,7,0.7186,7.0,10504,True
e1,c10,gatedmoe_base,13322,2026,7,0.714,7.0,10504,True
e1,c10,gatedmoe_base,13322,31415,7,0.7199,7.0,10504,True
e1,c10,gatedmoe_base,13322,42,7,0.7197,7.0,10504,True
e1,c10,gatedmoe_base,13322,5150,7,0.721,7.0,10504,True
e1,c10,gatedmoe_base,13322,60486,7,0.7228,7.0,10504,True
e1,c10,gatedmoe_base,13322,7,7,0.7195,7.0,10504,True
e1,c10,gatedmoe_base,13322,777,7,0.7195,7.0,10504,True
e1,c10,gatedmoe_base,13322,888,7,0.7204,7.0,10504,True
e1,c10,gatedmoe_base,13322,999,7,0.7208,7.0,10504,True
e1,c10,gatedmoe_base,17350,123,8,0.717,8.0,16140,True
e1,c10,gatedmoe_base,17350,2026,8,0.7101,8.0,16140,True
e1,c10,gatedmoe_base,17350,31415,8,0.715,8.0,16140,True
e1,c10,gatedmoe_base,17350,42,8,0.7138,8.0,16140,True
e1,c10,gatedmoe_base,17350,5150,8,0.7193,8.0,16140,True
e1,c10,gatedmoe_base,17350,60486,8,0.7255,8.0,16140,True
e1,c10,gatedmoe_base,17350,7,8,0.7191,8.0,16140,True
e1,c10,gatedmoe_base,17350,777,8,0.7215,8.0,16140,True
e1,c10,gatedmoe_base,17350,888,8,0.7134,8.0,16140,True
e1,c10,gatedmoe_base,17350,999,8,0.716,8.0,16140,True
e1,c10,gatedmoe_base,3907,123,0,0.7226,0.0,3843,True
e1,c10,gatedmoe_base,3907,2026,0,0.7191,0.0,3843,True
e1,c10,gatedmoe_base,3907,31415,0,0.7228,0.0,3843,True
e1,c10,gatedmoe_base,3907,42,0,0.7269,0.0,3843,True
e1,c10,gatedmoe_base,3907,5150,0,0.7209,0.0,3843,True
e1,c10,gatedmoe_base,3907,60486,0,0.7237,0.0,3843,True
e1,c10,gatedmoe_base,3907,7,0,0.7236,0.0,3843,True
e1,c10,gatedmoe_base,3907,777,0,0.7228,0.0,3843,True
e1,c10,gatedmoe_base,3907,888,0,0.7227,0.0,3843,True
e1,c10,gatedmoe_base,3907,999,0,0.7223,0.0,3843,True
e1,c10,gatedmoe_base,5748,123,1,0.7266,1.0,5572,True
e1,c10,gatedmoe_base,5748,2026,1,0.7217,1.0,5572,True
e1,c10,gatedmoe_base,5748,31415,1,0.7286,1.0,5572,True
e1,c10,gatedmoe_base,5748,42,1,0.7234,1.0,5572,True
e1,c10,gatedmoe_base,5748,5150,1,0.7217,1.0,5572,True
e1,c10,gatedmoe_base,5748,60486,1,0.7269,1.0,5572,True
e1,c10,gatedmoe_base,5748,7,1,0.7235,1.0,5572,True
e1,c10,gatedmoe_base,5748,777,1,0.7251,1.0,5572,True
e1,c10,gatedmoe_base,5748,888,1,0.7298,1.0,5572,True
e1,c10,gatedmoe_base,5748,999,1,0.7306,1.0,5572,True
e1,c10,gatedmoe_base,6100,123,2,0.7236,2.0,5924,True
e1,c10,gatedmoe_base,6100,2026,2,0.7169,2.0,5924,True
e1,c10,gatedmoe_base,6100,31415,2,0.7217,2.0,5924,True
e1,c10,gatedmoe_base,6100,42,2,0.7142,2.0,5924,True
e1,c10,gatedmoe_base,6100,5150,2,0.7235,2.0,5924,True
e1,c10,gatedmoe_base,6100,60486,2,0.7211,2.0,5924,True
e1,c10,gatedmoe_base,6100,7,2,0.7192,2.0,5924,True
e1,c10,gatedmoe_base,6100,777,2,0.7263,2.0,5924,True
e1,c10,gatedmoe_base,6100,888,2,0.7152,2.0,5924,True
e1,c10,gatedmoe_base,6100,999,2,0.7237,2.0,5924,True
e1,c10,gatedmoe_base,6629,123,3,0.7274,3.0,6277,True
e1,c10,gatedmoe_base,6629,2026,3,0.7188,3.0,6277,True
e1,c10,gatedmoe_base,6629,31415,3,0.7212,3.0,6277,True
e1,c10,gatedmoe_base,6629,42,3,0.7175,3.0,6277,True
e1,c10,gatedmoe_base,6629,5150,3,0.7217,3.0,6277,True
e1,c10,gatedmoe_base,6629,60486,3,0.7232,3.0,6277,True
e1,c10,gatedmoe_base,6629,7,3,0.7207,3.0,6277,True
e1,c10,gatedmoe_base,6629,777,3,0.7245,3.0,6277,True
e1,c10,gatedmoe_base,6629,888,3,0.7179,3.0,6277,True
e1,c10,gatedmoe_base,6629,999,3,0.7175,3.0,6277,True
e1,c10,gatedmoe_base,7333,123,4,0.7223,4.0,6981,True
e1,c10,gatedmoe_base,7333,2026,4,0.7212,4.0,6981,True
e1,c10,gatedmoe_base,7333,31415,4,0.7217,4.0,6981,True
e1,c10,gatedmoe_base,7333,42,4,0.7174,4.0,6981,True
e1,c10,gatedmoe_base,7333,5150,4,0.7153,4.0,6981,True
e1,c10,gatedmoe_base,7333,60486,4,0.7251,4.0,6981,True
e1,c10,gatedmoe_base,7333,7,4,0.7204,4.0,6981,True
e1,c10,gatedmoe_base,7333,777,4,0.7199,4.0,6981,True
e1,c10,gatedmoe_base,7333,888,4,0.7201,4.0,6981,True
e1,c10,gatedmoe_base,7333,999,4,0.7208,4.0,6981,True
e1,c10,gatedmoe_base,8390,123,5,0.7206,5.0,7686,True
e1,c10,gatedmoe_base,8390,2026,5,0.7195,5.0,7686,True
e1,c10,gatedmoe_base,8390,31415,5,0.7222,5.0,7686,True
e1,c10,gatedmoe_base,8390,42,5,0.721,5.0,7686,True
e1,c10,gatedmoe_base,8390,5150,5,0.7198,5.0,7686,True
e1,c10,gatedmoe_base,8390,60486,5,0.7203,5.0,7686,True
e1,c10,gatedmoe_base,8390,7,5,0.7237,5.0,7686,True
e1,c10,gatedmoe_base,8390,777,5,0.7186,5.0,7686,True
e1,c10,gatedmoe_base,8390,888,5,0.7165,5.0,7686,True
e1,c10,gatedmoe_base,8390,999,5,0.7234,5.0,7686,True
e1,c10,gatedmoe_base,9799,123,6,0.7178,6.0,9095,True
e1,c10,gatedmoe_base,9799,2026,6,0.7175,6.0,9095,True
e1,c10,gatedmoe_base,9799,31415,6,0.7233,6.0,9095,True
e1,c10,gatedmoe_base,9799,42,6,0.7195,6.0,9095,True
e1,c10,gatedmoe_base,9799,5150,6,0.7169,6.0,9095,True
e1,c10,gatedmoe_base,9799,60486,6,0.7237,6.0,9095,True
e1,c10,gatedmoe_base,9799,7,6,0.7217,6.0,9095,True
e1,c10,gatedmoe_base,9799,777,6,0.7173,6.0,9095,True
e1,c10,gatedmoe_base,9799,888,6,0.7205,6.0,9095,True
e1,c10,gatedmoe_base,9799,999,6,0.7232,6.0,9095,True
e1,c10,gatedmoe_g,13322,123,7,0.7158,7.0,10504,True
e1,c10,gatedmoe_g,13322,2026,7,0.7178,7.0,10504,True
e1,c10,gatedmoe_g,13322,31415,7,0.7225,7.0,10504,True
e1,c10,gatedmoe_g,13322,42,7,0.7191,7.0,10504,True
e1,c10,gatedmoe_g,13322,5150,7,0.723,7.0,10504,True
e1,c10,gatedmoe_g,13322,60486,7,0.7199,7.0,10504,True
e1,c10,gatedmoe_g,13322,7,7,0.7164,7.0,10504,True
e1,c10,gatedmoe_g,13322,777,7,0.7164,7.0,10504,True
e1,c10,gatedmoe_g,13322,888,7,0.719,7.0,10504,True
e1,c10,gatedmoe_g,13322,999,7,0.7185,7.0,10504,True
e1,c10,gatedmoe_g,17350,123,8,0.7189,8.0,16140,True
e1,c10,gatedmoe_g,17350,2026,8,0.7079,8.0,16140,True
e1,c10,gatedmoe_g,17350,31415,8,0.7182,8.0,16140,True
e1,c10,gatedmoe_g,17350,42,8,0.7127,8.0,16140,True
e1,c10,gatedmoe_g,17350,5150,8,0.7174,8.0,16140,True
e1,c10,gatedmoe_g,17350,60486,8,0.7243,8.0,16140,True
e1,c10,gatedmoe_g,17350,7,8,0.7158,8.0,16140,True
e1,c10,gatedmoe_g,17350,777,8,0.7196,8.0,16140,True
e1,c10,gatedmoe_g,17350,888,8,0.7139,8.0,16140,True
e1,c10,gatedmoe_g,17350,999,8,0.7173,8.0,16140,True
e1,c10,gatedmoe_g,3907,123,0,0.7226,0.0,3843,True
e1,c10,gatedmoe_g,3907,2026,0,0.7191,0.0,3843,True
e1,c10,gatedmoe_g,3907,31415,0,0.7228,0.0,3843,True
e1,c10,gatedmoe_g,3907,42,0,0.7269,0.0,3843,True
e1,c10,gatedmoe_g,3907,5150,0,0.7209,0.0,3843,True
e1,c10,gatedmoe_g,3907,60486,0,0.7237,0.0,3843,True
e1,c10,gatedmoe_g,3907,7,0,0.7236,0.0,3843,True
e1,c10,gatedmoe_g,3907,777,0,0.7228,0.0,3843,True
e1,c10,gatedmoe_g,3907,888,0,0.7227,0.0,3843,True
e1,c10,gatedmoe_g,3907,999,0,0.7223,0.0,3843,True
e1,c10,gatedmoe_g,5748,123,1,0.7266,1.0,5572,True
e1,c10,gatedmoe_g,5748,2026,1,0.7217,1.0,5572,True
e1,c10,gatedmoe_g,5748,31415,1,0.7286,1.0,5572,True
e1,c10,gatedmoe_g,5748,42,1,0.7234,1.0,5572,True
e1,c10,gatedmoe_g,5748,5150,1,0.7217,1.0,5572,True
e1,c10,gatedmoe_g,5748,60486,1,0.7269,1.0,5572,True
e1,c10,gatedmoe_g,5748,7,1,0.7235,1.0,5572,True
e1,c10,gatedmoe_g,5748,777,1,0.7251,1.0,5572,True
e1,c10,gatedmoe_g,5748,888,1,0.7281,1.0,5572,True
e1,c10,gatedmoe_g,5748,999,1,0.7306,1.0,5572,True
e1,c10,gatedmoe_g,6100,123,2,0.7236,2.0,5924,True
e1,c10,gatedmoe_g,6100,2026,2,0.7169,2.0,5924,True
e1,c10,gatedmoe_g,6100,31415,2,0.7217,2.0,5924,True
e1,c10,gatedmoe_g,6100,42,2,0.7142,2.0,5924,True
e1,c10,gatedmoe_g,6100,5150,2,0.7235,2.0,5924,True
e1,c10,gatedmoe_g,6100,60486,2,0.7211,2.0,5924,True
e1,c10,gatedmoe_g,6100,7,2,0.7192,2.0,5924,True
e1,c10,gatedmoe_g,6100,777,2,0.7263,2.0,5924,True
e1,c10,gatedmoe_g,6100,888,2,0.7152,2.0,5924,True
e1,c10,gatedmoe_g,6100,999,2,0.7237,2.0,5924,True
e1,c10,gatedmoe_g,6629,123,3,0.7244,3.0,6277,True
e1,c10,gatedmoe_g,6629,2026,3,0.719,3.0,6277,True
e1,c10,gatedmoe_g,6629,31415,3,0.7249,3.0,6277,True
e1,c10,gatedmoe_g,6629,42,3,0.7225,3.0,6277,True
e1,c10,gatedmoe_g,6629,5150,3,0.7196,3.0,6277,True
e1,c10,gatedmoe_g,6629,60486,3,0.7256,3.0,6277,True
e1,c10,gatedmoe_g,6629,7,3,0.7229,3.0,6277,True
e1,c10,gatedmoe_g,6629,777,3,0.7233,3.0,6277,True
e1,c10,gatedmoe_g,6629,888,3,0.7193,3.0,6277,True
e1,c10,gatedmoe_g,6629,999,3,0.718,3.0,6277,True
e1,c10,gatedmoe_g,7333,123,4,0.7187,4.0,6981,True
e1,c10,gatedmoe_g,7333,2026,4,0.7177,4.0,6981,True
e1,c10,gatedmoe_g,7333,31415,4,0.7228,4.0,6981,True
e1,c10,gatedmoe_g,7333,42,4,0.7171,4.0,6981,True
e1,c10,gatedmoe_g,7333,5150,4,0.7199,4.0,6981,True
e1,c10,gatedmoe_g,7333,60486,4,0.7222,4.0,6981,True
e1,c10,gatedmoe_g,7333,7,4,0.7207,4.0,6981,True
e1,c10,gatedmoe_g,7333,777,4,0.7215,4.0,6981,True
e1,c10,gatedmoe_g,7333,888,4,0.7146,4.0,6981,True
e1,c10,gatedmoe_g,7333,999,4,0.7189,4.0,6981,True
e1,c10,gatedmoe_g,8390,123,5,0.7188,5.0,7686,True
e1,c10,gatedmoe_g,8390,2026,5,0.7126,5.0,7686,True
e1,c10,gatedmoe_g,8390,31415,5,0.7187,5.0,7686,True
e1,c10,gatedmoe_g,8390,42,5,0.716,5.0,7686,True
e1,c10,gatedmoe_g,8390,5150,5,0.7197,5.0,7686,True
e1,c10,gatedmoe_g,8390,60486,5,0.7244,5.0,7686,True
e1,c10,gatedmoe_g,8390,7,5,0.7196,5.0,7686,True
e1,c10,gatedmoe_g,8390,777,5,0.7285,5.0,7686,True
e1,c10,gatedmoe_g,8390,888,5,0.7177,5.0,7686,True
e1,c10,gatedmoe_g,8390,999,5,0.7195,5.0,7686,True
e1,c10,gatedmoe_g,9799,123,6,0.7217,6.0,9095,True
e1,c10,gatedmoe_g,9799,2026,6,0.7188,6.0,9095,True
e1,c10,gatedmoe_g,9799,31415,6,0.7182,6.0,9095,True
e1,c10,gatedmoe_g,9799,42,6,0.7127,6.0,9095,True
e1,c10,gatedmoe_g,9799,5150,6,0.7161,6.0,9095,True
e1,c10,gatedmoe_g,9799,60486,6,0.7256,6.0,9095,True
e1,c10,gatedmoe_g,9799,7,6,0.7211,6.0,9095,True
e1,c10,gatedmoe_g,9799,777,6,0.7185,6.0,9095,True
e1,c10,gatedmoe_g,9799,888,6,0.721,6.0,9095,True
e1,c10,gatedmoe_g,9799,999,6,0.7252,6.0,9095,True
e4,c10,learned_top1,1024,123,8,0.5766,8.0,1005,True
e4,c10,learned_top1,1024,2026,8,0.5708,8.0,1005,True
e4,c10,learned_top1,1024,31415,8,0.5711,8.0,1005,True
e4,c10,learned_top1,1024,42,8,0.5812,8.0,1005,True
e4,c10,learned_top1,1024,5150,8,0.5751,8.0,1005,True
e4,c10,learned_top1,1024,60486,8,0.5699,8.0,1005,True
e4,c10,learned_top1,1024,7,8,0.5792,8.0,1005,True
e4,c10,learned_top1,1024,777,8,0.5717,8.0,1005,True
e4,c10,learned_top1,1024,888,8,0.5558,8.0,1005,True
e4,c10,learned_top1,1024,999,8,0.5677,8.0,1005,True
e4,c10,learned_top1,192,123,0,0.5727,0.0,136,True
e4,c10,learned_top1,192,2026,0,0.5707,0.0,136,True
e4,c10,learned_top1,192,31415,0,0.5806,0.0,136,True
e4,c10,learned_top1,192,42,0,0.5778,0.0,136,True
e4,c10,learned_top1,192,5150,0,0.5722,0.0,136,True
e4,c10,learned_top1,192,60486,0,0.5675,0.0,136,True
e4,c10,learned_top1,192,7,0,0.5795,0.0,136,True
e4,c10,learned_top1,192,777,0,0.5693,0.0,136,True
e4,c10,learned_top1,192,888,0,0.5814,0.0,136,True
e4,c10,learned_top1,192,999,0,0.5667,0.0,136,True
e4,c10,learned_top1,2048,10101,8,0.5693,8.0,1005,True
e4,c10,learned_top1,2048,1111,8,0.5755,8.0,1005,True
e4,c10,learned_top1,2048,123,8,0.5766,8.0,1005,True
e4,c10,learned_top1,2048,2026,8,0.5708,8.0,1005,True
e4,c10,learned_top1,2048,2222,8,0.5783,8.0,1005,True
e4,c10,learned_top1,2048,31415,8,0.5711,8.0,1005,True
e4,c10,learned_top1,2048,3333,8,0.5673,8.0,1005,True
e4,c10,learned_top1,2048,42,8,0.5812,8.0,1005,True
e4,c10,learned_top1,2048,4444,8,0.5687,8.0,1005,True
e4,c10,learned_top1,2048,5150,8,0.5751,8.0,1005,True
e4,c10,learned_top1,2048,5555,8,0.5717,8.0,1005,True
e4,c10,learned_top1,2048,60486,8,0.5699,8.0,1005,True
e4,c10,learned_top1,2048,6666,8,0.571,8.0,1005,True
e4,c10,learned_top1,2048,7,8,0.5792,8.0,1005,True
e4,c10,learned_top1,2048,777,8,0.5717,8.0,1005,True
e4,c10,learned_top1,2048,7777,8,0.5751,8.0,1005,True
e4,c10,learned_top1,2048,888,8,0.5558,8.0,1005,True
e4,c10,learned_top1,2048,8888,8,0.5765,8.0,1005,True
e4,c10,learned_top1,2048,999,8,0.5677,8.0,1005,True
e4,c10,learned_top1,2048,9999,8,0.5744,8.0,1005,True
e4,c10,learned_top1,256,123,2,0.5794,2.0,247,True
e4,c10,learned_top1,256,2026,2,0.5867,2.0,247,True
e4,c10,learned_top1,256,31415,2,0.5823,2.0,247,True
e4,c10,learned_top1,256,42,2,0.5772,2.0,247,True
e4,c10,learned_top1,256,5150,2,0.5765,2.0,247,True
e4,c10,learned_top1,256,60486,2,0.5766,2.0,247,True
e4,c10,learned_top1,256,7,2,0.5802,2.0,247,True
e4,c10,learned_top1,256,777,2,0.5835,2.0,247,True
e4,c10,learned_top1,256,888,2,0.5832,2.0,247,True
e4,c10,learned_top1,256,999,2,0.5791,2.0,247,True
e4,c10,learned_top1,320,10101,3,0.571,3.0,273,True
e4,c10,learned_top1,320,1111,3,0.5726,3.0,273,True
e4,c10,learned_top1,320,123,3,0.5829,3.0,273,True
e4,c10,learned_top1,320,2026,3,0.5845,3.0,273,True
e4,c10,learned_top1,320,2222,3,0.5761,3.0,273,True
e4,c10,learned_top1,320,31415,3,0.5817,3.0,273,True
e4,c10,learned_top1,320,3333,3,0.5726,3.0,273,True
e4,c10,learned_top1,320,42,3,0.5785,3.0,273,True
e4,c10,learned_top1,320,4444,3,0.5717,3.0,273,True
e4,c10,learned_top1,320,5150,3,0.574,3.0,273,True
e4,c10,learned_top1,320,5555,3,0.5817,3.0,273,True
e4,c10,learned_top1,320,60486,3,0.5717,3.0,273,True
e4,c10,learned_top1,320,6666,3,0.5778,3.0,273,True
e4,c10,learned_top1,320,7,3,0.5819,3.0,273,True
e4,c10,learned_top1,320,777,3,0.5729,3.0,273,True
e4,c10,learned_top1,320,7777,3,0.5782,3.0,273,True
e4,c10,learned_top1,320,888,3,0.5737,3.0,273,True
e4,c10,learned_top1,320,8888,3,0.5787,3.0,273,True
e4,c10,learned_top1,320,999,3,0.5712,3.0,273,True
e4,c10,learned_top1,320,9999,3,0.5816,3.0,273,True
e4,c10,learned_top1,512,10101,6,0.5737,6.0,482,True
e4,c10,learned_top1,512,1111,6,0.5651,6.0,482,True
e4,c10,learned_top1,512,123,6,0.5714,6.0,482,True
e4,c10,learned_top1,512,2026,6,0.5782,6.0,482,True
e4,c10,learned_top1,512,2222,6,0.5762,6.0,482,True
e4,c10,learned_top1,512,31415,6,0.5805,6.0,482,True
e4,c10,learned_top1,512,3333,6,0.5752,6.0,482,True
e4,c10,learned_top1,512,42,6,0.576,6.0,482,True
e4,c10,learned_top1,512,4444,6,0.5635,6.0,482,True
e4,c10,learned_top1,512,5150,6,0.5693,6.0,482,True
e4,c10,learned_top1,512,5555,6,0.5788,6.0,482,True
e4,c10,learned_top1,512,60486,6,0.5723,6.0,482,True
e4,c10,learned_top1,512,6666,6,0.5761,6.0,482,True
e4,c10,learned_top1,512,7,6,0.5762,6.0,482,True
e4,c10,learned_top1,512,777,6,0.5806,6.0,482,True
e4,c10,learned_top1,512,7777,6,0.575,6.0,482,True
e4,c10,learned_top1,512,888,6,0.5745,6.0,482,True
e4,c10,learned_top1,512,8888,6,0.5757,6.0,482,True
e4,c10,learned_top1,512,999,6,0.5682,6.0,482,True
e4,c10,learned_top1,512,9999,6,0.574,6.0,482,True
e4,c10,random,1024,123,8,0.5787,8.0,1005,True
e4,c10,random,1024,2026,8,0.5752,8.0,1005,True
e4,c10,random,1024,31415,8,0.5711,8.0,1005,True
e4,c10,random,1024,42,8,0.565,8.0,1005,True
e4,c10,random,1024,5150,8,0.5746,8.0,1005,True
e4,c10,random,1024,60486,8,0.558,8.0,1005,True
e4,c10,random,1024,7,8,0.5756,8.0,1005,True
e4,c10,random,1024,777,8,0.5721,8.0,1005,True
e4,c10,random,1024,888,8,0.5592,8.0,1005,True
e4,c10,random,1024,999,8,0.5649,8.0,1005,True
e4,c10,random,192,123,0,0.5712,0.0,136,True
e4,c10,random,192,2026,0,0.5829,0.0,136,True
e4,c10,random,192,31415,0,0.5821,0.0,136,True
e4,c10,random,192,42,0,0.5724,0.0,136,True
e4,c10,random,192,5150,0,0.5774,0.0,136,True
e4,c10,random,192,60486,0,0.5559,0.0,136,True
e4,c10,random,192,7,0,0.5766,0.0,136,True
e4,c10,random,192,777,0,0.5703,0.0,136,True
e4,c10,random,192,888,0,0.5695,0.0,136,True
e4,c10,random,192,999,0,0.5732,0.0,136,True
e4,c10,random,2048,10101,8,0.5696,8.0,1005,True
e4,c10,random,2048,1111,8,0.5641,8.0,1005,True
e4,c10,random,2048,123,8,0.5787,8.0,1005,True
e4,c10,random,2048,2026,8,0.5752,8.0,1005,True
e4,c10,random,2048,2222,8,0.5689,8.0,1005,True
e4,c10,random,2048,31415,8,0.5711,8.0,1005,True
e4,c10,random,2048,3333,8,0.5778,8.0,1005,True
e4,c10,random,2048,42,8,0.565,8.0,1005,True
e4,c10,random,2048,4444,8,0.5679,8.0,1005,True
e4,c10,random,2048,5150,8,0.5746,8.0,1005,True
e4,c10,random,2048,5555,8,0.5701,8.0,1005,True
e4,c10,random,2048,60486,8,0.558,8.0,1005,True
e4,c10,random,2048,6666,8,0.5696,8.0,1005,True
e4,c10,random,2048,7,8,0.5756,8.0,1005,True
e4,c10,random,2048,777,8,0.5721,8.0,1005,True
e4,c10,random,2048,7777,8,0.5729,8.0,1005,True
e4,c10,random,2048,888,8,0.5592,8.0,1005,True
e4,c10,random,2048,8888,8,0.5751,8.0,1005,True
e4,c10,random,2048,999,8,0.5649,8.0,1005,True
e4,c10,random,2048,9999,8,0.5679,8.0,1005,True
e4,c10,random,256,123,2,0.5778,2.0,247,True
e4,c10,random,256,2026,2,0.5834,2.0,247,True
e4,c10,random,256,31415,2,0.5845,2.0,247,True
e4,c10,random,256,42,2,0.5854,2.0,247,True
e4,c10,random,256,5150,2,0.5761,2.0,247,True
e4,c10,random,256,60486,2,0.5688,2.0,247,True
e4,c10,random,256,7,2,0.5812,2.0,247,True
e4,c10,random,256,777,2,0.5813,2.0,247,True
e4,c10,random,256,888,2,0.5798,2.0,247,True
e4,c10,random,256,999,2,0.5773,2.0,247,True
e4,c10,random,320,10101,3,0.5776,3.0,273,True
e4,c10,random,320,1111,3,0.5672,3.0,273,True
e4,c10,random,320,123,3,0.574,3.0,273,True
e4,c10,random,320,2026,3,0.578,3.0,273,True
e4,c10,random,320,2222,3,0.5813,3.0,273,True
e4,c10,random,320,31415,3,0.575,3.0,273,True
e4,c10,random,320,3333,3,0.5759,3.0,273,True
e4,c10,random,320,42,3,0.5737,3.0,273,True
e4,c10,random,320,4444,3,0.5721,3.0,273,True
e4,c10,random,320,5150,3,0.5759,3.0,273,True
e4,c10,random,320,5555,3,0.574,3.0,273,True
e4,c10,random,320,60486,3,0.5766,3.0,273,True
e4,c10,random,320,6666,3,0.5785,3.0,273,True
e4,c10,random,320,7,3,0.5812,3.0,273,True
e4,c10,random,320,777,3,0.575,3.0,273,True
e4,c10,random,320,7777,3,0.5864,3.0,273,True
e4,c10,random,320,888,3,0.5786,3.0,273,True
e4,c10,random,320,8888,3,0.5842,3.0,273,True
e4,c10,random,320,999,3,0.5679,3.0,273,True
e4,c10,random,320,9999,3,0.5845,3.0,273,True
e4,c10,random,512,10101,6,0.5805,6.0,482,True
e4,c10,random,512,1111,6,0.5779,6.0,482,True
e4,c10,random,512,123,6,0.566,6.0,482,True
e4,c10,random,512,2026,6,0.5705,6.0,482,True
e4,c10,random,512,2222,6,0.5743,6.0,482,True
e4,c10,random,512,31415,6,0.5745,6.0,482,True
e4,c10,random,512,3333,6,0.5667,6.0,482,True
e4,c10,random,512,42,6,0.5703,6.0,482,True
e4,c10,random,512,4444,6,0.567,6.0,482,True
e4,c10,random,512,5150,6,0.5732,6.0,482,True
e4,c10,random,512,5555,6,0.5738,6.0,482,True
e4,c10,random,512,60486,6,0.5629,6.0,482,True
e4,c10,random,512,6666,6,0.5757,6.0,482,True
e4,c10,random,512,7,6,0.5822,6.0,482,True
e4,c10,random,512,777,6,0.5729,6.0,482,True
e4,c10,random,512,7777,6,0.5783,6.0,482,True
e4,c10,random,512,888,6,0.5722,6.0,482,True
e4,c10,random,512,8888,6,0.5752,6.0,482,True
e4,c10,random,512,999,6,0.5719,6.0,482,True
e4,c10,random,512,9999,6,0.5685,6.0,482,True
e4,c10,round_robin,1024,123,8,0.5721,8.0,1005,True
e4,c10,round_robin,1024,2026,8,0.5789,8.0,1005,True
e4,c10,round_robin,1024,31415,8,0.5717,8.0,1005,True
e4,c10,round_robin,1024,42,8,0.5718,8.0,1005,True
e4,c10,round_robin,1024,5150,8,0.5749,8.0,1005,True
e4,c10,round_robin,1024,60486,8,0.5674,8.0,1005,True
e4,c10,round_robin,1024,7,8,0.5759,8.0,1005,True
e4,c10,round_robin,1024,777,8,0.5737,8.0,1005,True
e4,c10,round_robin,1024,888,8,0.5764,8.0,1005,True
e4,c10,round_robin,1024,999,8,0.5727,8.0,1005,True
e4,c10,round_robin,192,123,0,0.5712,0.0,136,True
e4,c10,round_robin,192,2026,0,0.5829,0.0,136,True
e4,c10,round_robin,192,31415,0,0.5821,0.0,136,True
e4,c10,round_robin,192,42,0,0.5724,0.0,136,True
e4,c10,round_robin,192,5150,0,0.5774,0.0,136,True
e4,c10,round_robin,192,60486,0,0.5559,0.0,136,True
e4,c10,round_robin,192,7,0,0.5766,0.0,136,True
e4,c10,round_robin,192,777,0,0.5703,0.0,136,True
e4,c10,round_robin,192,888,0,0.5695,0.0,136,True
e4,c10,round_robin,192,999,0,0.5732,0.0,136,True
e4,c10,round_robin,2048,10101,8,0.5659,8.0,1005,True
e4,c10,round_robin,2048,1111,8,0.5685,8.0,1005,True
e4,c10,round_robin,2048,123,8,0.5721,8.0,1005,True
e4,c10,round_robin,2048,2026,8,0.5789,8.0,1005,True
e4,c10,round_robin,2048,2222,8,0.5679,8.0,1005,True
e4,c10,round_robin,2048,31415,8,0.5717,8.0,1005,True
e4,c10,round_robin,2048,3333,8,0.5643,8.0,1005,True
e4,c10,round_robin,2048,42,8,0.5718,8.0,1005,True
e4,c10,round_robin,2048,4444,8,0.5673,8.0,1005,True
e4,c10,round_robin,2048,5150,8,0.5749,8.0,1005,True
e4,c10,round_robin,2048,5555,8,0.5753,8.0,1005,True
e4,c10,round_robin,2048,60486,8,0.5674,8.0,1005,True
e4,c10,round_robin,2048,6666,8,0.5706,8.0,1005,True
e4,c10,round_robin,2048,7,8,0.5759,8.0,1005,True
e4,c10,round_robin,2048,777,8,0.5737,8.0,1005,True
e4,c10,round_robin,2048,7777,8,0.5722,8.0,1005,True
e4,c10,round_robin,2048,888,8,0.5764,8.0,1005,True
e4,c10,round_robin,2048,8888,8,0.5815,8.0,1005,True
e4,c10,round_robin,2048,999,8,0.5727,8.0,1005,True
e4,c10,round_robin,2048,9999,8,0.5764,8.0,1005,True
e4,c10,round_robin,256,123,2,0.5762,2.0,247,True
e4,c10,round_robin,256,2026,2,0.5816,2.0,247,True
e4,c10,round_robin,256,31415,2,0.5804,2.0,247,True
e4,c10,round_robin,256,42,2,0.5795,2.0,247,True
e4,c10,round_robin,256,5150,2,0.5814,2.0,247,True
e4,c10,round_robin,256,60486,2,0.5764,2.0,247,True
e4,c10,round_robin,256,7,2,0.5841,2.0,247,True
e4,c10,round_robin,256,777,2,0.5822,2.0,247,True
e4,c10,round_robin,256,888,2,0.5746,2.0,247,True
e4,c10,round_robin,256,999,2,0.5709,2.0,247,True
e4,c10,round_robin,320,10101,3,0.5688,3.0,273,True
e4,c10,round_robin,320,1111,3,0.5665,3.0,273,True
e4,c10,round_robin,320,123,3,0.5824,3.0,273,True
e4,c10,round_robin,320,2026,3,0.5834,3.0,273,True
e4,c10,round_robin,320,2222,3,0.5689,3.0,273,True
e4,c10,round_robin,320,31415,3,0.5819,3.0,273,True
e4,c10,round_robin,320,3333,3,0.575,3.0,273,True
e4,c10,round_robin,320,42,3,0.5672,3.0,273,True
e4,c10,round_robin,320,4444,3,0.5687,3.0,273,True
e4,c10,round_robin,320,5150,3,0.582,3.0,273,True
e4,c10,round_robin,320,5555,3,0.5825,3.0,273,True
e4,c10,round_robin,320,60486,3,0.5669,3.0,273,True
e4,c10,round_robin,320,6666,3,0.5782,3.0,273,True
e4,c10,round_robin,320,7,3,0.5825,3.0,273,True
e4,c10,round_robin,320,777,3,0.58,3.0,273,True
e4,c10,round_robin,320,7777,3,0.5826,3.0,273,True
e4,c10,round_robin,320,888,3,0.5746,3.0,273,True
e4,c10,round_robin,320,8888,3,0.5769,3.0,273,True
e4,c10,round_robin,320,999,3,0.5726,3.0,273,True
e4,c10,round_robin,320,9999,3,0.5775,3.0,273,True
e4,c10,round_robin,512,10101,6,0.5724,6.0,482,True
e4,c10,round_robin,512,1111,6,0.5666,6.0,482,True
e4,c10,round_robin,512,123,6,0.5827,6.0,482,True
e4,c10,round_robin,512,2026,6,0.5719,6.0,482,True
e4,c10,round_robin,512,2222,6,0.5699,6.0,482,True
e4,c10,round_robin,512,31415,6,0.5789,6.0,482,True
e4,c10,round_robin,512,3333,6,0.5663,6.0,482,True
e4,c10,round_robin,512,42,6,0.5752,6.0,482,True
e4,c10,round_robin,512,4444,6,0.5681,6.0,482,True
e4,c10,round_robin,512,5150,6,0.5711,6.0,482,True
e4,c10,round_robin,512,5555,6,0.5807,6.0,482,True
e4,c10,round_robin,512,60486,6,0.5693,6.0,482,True
e4,c10,round_robin,512,6666,6,0.5772,6.0,482,True
e4,c10,round_robin,512,7,6,0.5739,6.0,482,True
e4,c10,round_robin,512,777,6,0.573,6.0,482,True
e4,c10,round_robin,512,7777,6,0.5711,6.0,482,True
e4,c10,round_robin,512,888,6,0.5631,6.0,482,True
e4,c10,round_robin,512,8888,6,0.5763,6.0,482,True
e4,c10,round_robin,512,999,6,0.5717,6.0,482,True
e4,c10,round_robin,512,9999,6,0.5821,6.0,482,True
e4,c10,gatedmoe_base,1024,123,8,0.5721,8.0,1005,True
e4,c10,gatedmoe_base,1024,2026,8,0.5789,8.0,1005,True
e4,c10,gatedmoe_base,1024,31415,8,0.5717,8.0,1005,True
e4,c10,gatedmoe_base,1024,42,8,0.5718,8.0,1005,True
e4,c10,gatedmoe_base,1024,5150,8,0.5749,8.0,1005,True
e4,c10,gatedmoe_base,1024,60486,8,0.5674,8.0,1005,True
e4,c10,gatedmoe_base,1024,7,8,0.5759,8.0,1005,True
e4,c10,gatedmoe_base,1024,777,8,0.5737,8.0,1005,True
e4,c10,gatedmoe_base,1024,888,8,0.5764,8.0,1005,True
e4,c10,gatedmoe_base,1024,999,8,0.5727,8.0,1005,True
e4,c10,gatedmoe_base,192,123,0,0.5712,0.0,136,True
e4,c10,gatedmoe_base,192,2026,0,0.5829,0.0,136,True
e4,c10,gatedmoe_base,192,31415,0,0.5821,0.0,136,True
e4,c10,gatedmoe_base,192,42,0,0.5724,0.0,136,True
e4,c10,gatedmoe_base,192,5150,0,0.5774,0.0,136,True
e4,c10,gatedmoe_base,192,60486,0,0.5559,0.0,136,True
e4,c10,gatedmoe_base,192,7,0,0.5766,0.0,136,True
e4,c10,gatedmoe_base,192,777,0,0.5703,0.0,136,True
e4,c10,gatedmoe_base,192,888,0,0.5695,0.0,136,True
e4,c10,gatedmoe_base,192,999,0,0.5732,0.0,136,True
e4,c10,gatedmoe_base,2048,10101,8,0.5659,8.0,1005,True
e4,c10,gatedmoe_base,2048,1111,8,0.5685,8.0,1005,True
e4,c10,gatedmoe_base,2048,123,8,0.5721,8.0,1005,True
e4,c10,gatedmoe_base,2048,2026,8,0.5789,8.0,1005,True
e4,c10,gatedmoe_base,2048,2222,8,0.5679,8.0,1005,True
e4,c10,gatedmoe_base,2048,31415,8,0.5717,8.0,1005,True
e4,c10,gatedmoe_base,2048,3333,8,0.5643,8.0,1005,True
e4,c10,gatedmoe_base,2048,42,8,0.5718,8.0,1005,True
e4,c10,gatedmoe_base,2048,4444,8,0.5673,8.0,1005,True
e4,c10,gatedmoe_base,2048,5150,8,0.5749,8.0,1005,True
e4,c10,gatedmoe_base,2048,5555,8,0.5753,8.0,1005,True
e4,c10,gatedmoe_base,2048,60486,8,0.5674,8.0,1005,True
e4,c10,gatedmoe_base,2048,6666,8,0.5706,8.0,1005,True
e4,c10,gatedmoe_base,2048,7,8,0.5759,8.0,1005,True
e4,c10,gatedmoe_base,2048,777,8,0.5737,8.0,1005,True
e4,c10,gatedmoe_base,2048,7777,8,0.5722,8.0,1005,True
e4,c10,gatedmoe_base,2048,888,8,0.5764,8.0,1005,True
e4,c10,gatedmoe_base,2048,8888,8,0.5815,8.0,1005,True
e4,c10,gatedmoe_base,2048,999,8,0.5727,8.0,1005,True
e4,c10,gatedmoe_base,2048,9999,8,0.5764,8.0,1005,True
e4,c10,gatedmoe_base,256,123,2,0.5762,2.0,247,True
e4,c10,gatedmoe_base,256,2026,2,0.5816,2.0,247,True
e4,c10,gatedmoe_base,256,31415,2,0.5804,2.0,247,True
e4,c10,gatedmoe_base,256,42,2,0.5795,2.0,247,True
e4,c10,gatedmoe_base,256,5150,2,0.5814,2.0,247,True
e4,c10,gatedmoe_base,256,60486,2,0.5764,2.0,247,True
e4,c10,gatedmoe_base,256,7,2,0.5841,2.0,247,True
e4,c10,gatedmoe_base,256,777,2,0.5822,2.0,247,True
e4,c10,gatedmoe_base,256,888,2,0.5746,2.0,247,True
e4,c10,gatedmoe_base,256,999,2,0.5709,2.0,247,True
e4,c10,gatedmoe_base,320,10101,3,0.5688,3.0,273,True
e4,c10,gatedmoe_base,320,1111,3,0.5665,3.0,273,True
e4,c10,gatedmoe_base,320,123,3,0.5824,3.0,273,True
e4,c10,gatedmoe_base,320,2026,3,0.5834,3.0,273,True
e4,c10,gatedmoe_base,320,2222,3,0.5689,3.0,273,True
e4,c10,gatedmoe_base,320,31415,3,0.5819,3.0,273,True
e4,c10,gatedmoe_base,320,3333,3,0.575,3.0,273,True
e4,c10,gatedmoe_base,320,42,3,0.5672,3.0,273,True
e4,c10,gatedmoe_base,320,4444,3,0.5687,3.0,273,True
e4,c10,gatedmoe_base,320,5150,3,0.582,3.0,273,True
e4,c10,gatedmoe_base,320,5555,3,0.5825,3.0,273,True
e4,c10,gatedmoe_base,320,60486,3,0.5669,3.0,273,True
e4,c10,gatedmoe_base,320,6666,3,0.5782,3.0,273,True
e4,c10,gatedmoe_base,320,7,3,0.5825,3.0,273,True
e4,c10,gatedmoe_base,320,777,3,0.58,3.0,273,True
e4,c10,gatedmoe_base,320,7777,3,0.5826,3.0,273,True
e4,c10,gatedmoe_base,320,888,3,0.5746,3.0,273,True
e4,c10,gatedmoe_base,320,8888,3,0.5769,3.0,273,True
e4,c10,gatedmoe_base,320,999,3,0.5726,3.0,273,True
e4,c10,gatedmoe_base,320,9999,3,0.5775,3.0,273,True
e4,c10,gatedmoe_base,512,10101,6,0.5724,6.0,482,True
e4,c10,gatedmoe_base,512,1111,6,0.5666,6.0,482,True
e4,c10,gatedmoe_base,512,123,6,0.5827,6.0,482,True
e4,c10,gatedmoe_base,512,2026,6,0.5719,6.0,482,True
e4,c10,gatedmoe_base,512,2222,6,0.5699,6.0,482,True
e4,c10,gatedmoe_base,512,31415,6,0.5789,6.0,482,True
e4,c10,gatedmoe_base,512,3333,6,0.5663,6.0,482,True
e4,c10,gatedmoe_base,512,42,6,0.5752,6.0,482,True
e4,c10,gatedmoe_base,512,4444,6,0.5681,6.0,482,True
e4,c10,gatedmoe_base,512,5150,6,0.5711,6.0,482,True
e4,c10,gatedmoe_base,512,5555,6,0.5807,6.0,482,True
e4,c10,gatedmoe_base,512,60486,6,0.5693,6.0,482,True
e4,c10,gatedmoe_base,512,6666,6,0.5772,6.0,482,True
e4,c10,gatedmoe_base,512,7,6,0.5739,6.0,482,True
e4,c10,gatedmoe_base,512,777,6,0.573,6.0,482,True
e4,c10,gatedmoe_base,512,7777,6,0.5711,6.0,482,True
e4,c10,gatedmoe_base,512,888,6,0.5631,6.0,482,True
e4,c10,gatedmoe_base,512,8888,6,0.5763,6.0,482,True
e4,c10,gatedmoe_base,512,999,6,0.5717,6.0,482,True
e4,c10,gatedmoe_base,512,9999,6,0.5821,6.0,482,True
e4,c10,gatedmoe_g,1024,123,8,0.5732,8.0,1005,True
e4,c10,gatedmoe_g,1024,2026,8,0.5757,8.0,1005,True
e4,c10,gatedmoe_g,1024,31415,8,0.5697,8.0,1005,True
e4,c10,gatedmoe_g,1024,42,8,0.5811,8.0,1005,True
e4,c10,gatedmoe_g,1024,5150,8,0.5777,8.0,1005,True
e4,c10,gatedmoe_g,1024,60486,8,0.5657,8.0,1005,True
e4,c10,gatedmoe_g,1024,7,8,0.5747,8.0,1005,True
e4,c10,gatedmoe_g,1024,777,8,0.5743,8.0,1005,True
e4,c10,gatedmoe_g,1024,888,8,0.5737,8.0,1005,True
e4,c10,gatedmoe_g,1024,999,8,0.5698,8.0,1005,True
e4,c10,gatedmoe_g,192,123,0,0.5712,0.0,136,True
e4,c10,gatedmoe_g,192,2026,0,0.5829,0.0,136,True
e4,c10,gatedmoe_g,192,31415,0,0.5821,0.0,136,True
e4,c10,gatedmoe_g,192,42,0,0.5724,0.0,136,True
e4,c10,gatedmoe_g,192,5150,0,0.5774,0.0,136,True
e4,c10,gatedmoe_g,192,60486,0,0.5559,0.0,136,True
e4,c10,gatedmoe_g,192,7,0,0.5766,0.0,136,True
e4,c10,gatedmoe_g,192,777,0,0.5703,0.0,136,True
e4,c10,gatedmoe_g,192,888,0,0.5695,0.0,136,True
e4,c10,gatedmoe_g,192,999,0,0.5732,0.0,136,True
e4,c10,gatedmoe_g,2048,10101,8,0.5729,8.0,1005,True
e4,c10,gatedmoe_g,2048,1111,8,0.5714,8.0,1005,True
e4,c10,gatedmoe_g,2048,123,8,0.5732,8.0,1005,True
e4,c10,gatedmoe_g,2048,2026,8,0.5757,8.0,1005,True
e4,c10,gatedmoe_g,2048,2222,8,0.5693,8.0,1005,True
e4,c10,gatedmoe_g,2048,31415,8,0.5697,8.0,1005,True
e4,c10,gatedmoe_g,2048,3333,8,0.5754,8.0,1005,True
e4,c10,gatedmoe_g,2048,42,8,0.5811,8.0,1005,True
e4,c10,gatedmoe_g,2048,4444,8,0.5688,8.0,1005,True
e4,c10,gatedmoe_g,2048,5150,8,0.5777,8.0,1005,True
e4,c10,gatedmoe_g,2048,5555,8,0.5768,8.0,1005,True
e4,c10,gatedmoe_g,2048,60486,8,0.5657,8.0,1005,True
e4,c10,gatedmoe_g,2048,6666,8,0.5694,8.0,1005,True
e4,c10,gatedmoe_g,2048,7,8,0.5747,8.0,1005,True
e4,c10,gatedmoe_g,2048,777,8,0.5743,8.0,1005,True
e4,c10,gatedmoe_g,2048,7777,8,0.5779,8.0,1005,True
e4,c10,gatedmoe_g,2048,888,8,0.5737,8.0,1005,True
e4,c10,gatedmoe_g,2048,8888,8,0.5759,8.0,1005,True
e4,c10,gatedmoe_g,2048,999,8,0.5698,8.0,1005,True
e4,c10,gatedmoe_g,2048,9999,8,0.5726,8.0,1005,True
e4,c10,gatedmoe_g,256,123,2,0.5762,2.0,247,True
e4,c10,gatedmoe_g,256,2026,2,0.5816,2.0,247,True
e4,c10,gatedmoe_g,256,31415,2,0.5804,2.0,247,True
e4,c10,gatedmoe_g,256,42,2,0.5795,2.0,247,True
e4,c10,gatedmoe_g,256,5150,2,0.5814,2.0,247,True
e4,c10,gatedmoe_g,256,60486,2,0.5764,2.0,247,True
e4,c10,gatedmoe_g,256,7,2,0.5841,2.0,247,True
e4,c10,gatedmoe_g,256,777,2,0.5822,2.0,247,True
e4,c10,gatedmoe_g,256,888,2,0.5746,2.0,247,True
e4,c10,gatedmoe_g,256,999,2,0.5709,2.0,247,True
e4,c10,gatedmoe_g,320,10101,3,0.5786,3.0,273,True
e4,c10,gatedmoe_g,320,1111,3,0.5751,3.0,273,True
e4,c10,gatedmoe_g,320,123,3,0.561,3.0,273,True
e4,c10,gatedmoe_g,320,2026,3,0.5796,3.0,273,True
e4,c10,gatedmoe_g,320,2222,3,0.5721,3.0,273,True
e4,c10,gatedmoe_g,320,31415,3,0.5795,3.0,273,True
e4,c10,gatedmoe_g,320,3333,3,0.5706,3.0,273,True
e4,c10,gatedmoe_g,320,42,3,0.5691,3.0,273,True
e4,c10,gatedmoe_g,320,4444,3,0.5709,3.0,273,True
e4,c10,gatedmoe_g,320,5150,3,0.5777,3.0,273,True
e4,c10,gatedmoe_g,320,5555,3,0.5762,3.0,273,True
e4,c10,gatedmoe_g,320,60486,3,0.5633,3.0,273,True
e4,c10,gatedmoe_g,320,6666,3,0.5788,3.0,273,True
e4,c10,gatedmoe_g,320,7,3,0.5795,3.0,273,True
e4,c10,gatedmoe_g,320,777,3,0.5826,3.0,273,True
e4,c10,gatedmoe_g,320,7777,3,0.5789,3.0,273,True
e4,c10,gatedmoe_g,320,888,3,0.5794,3.0,273,True
e4,c10,gatedmoe_g,320,8888,3,0.5894,3.0,273,True
e4,c10,gatedmoe_g,320,999,3,0.5734,3.0,273,True
e4,c10,gatedmoe_g,320,9999,3,0.573,3.0,273,True
e4,c10,gatedmoe_g,512,10101,6,0.5723,6.0,482,True
e4,c10,gatedmoe_g,512,1111,6,0.5705,6.0,482,True
e4,c10,gatedmoe_g,512,123,6,0.5763,6.0,482,True
e4,c10,gatedmoe_g,512,2026,6,0.5748,6.0,482,True
e4,c10,gatedmoe_g,512,2222,6,0.5681,6.0,482,True
e4,c10,gatedmoe_g,512,31415,6,0.5847,6.0,482,True
e4,c10,gatedmoe_g,512,3333,6,0.5713,6.0,482,True
e4,c10,gatedmoe_g,512,42,6,0.56,6.0,482,True
e4,c10,gatedmoe_g,512,4444,6,0.571,6.0,482,True
e4,c10,gatedmoe_g,512,5150,6,0.5769,6.0,482,True
e4,c10,gatedmoe_g,512,5555,6,0.5769,6.0,482,True
e4,c10,gatedmoe_g,512,60486,6,0.5621,6.0,482,True
e4,c10,gatedmoe_g,512,6666,6,0.5774,6.0,482,True
e4,c10,gatedmoe_g,512,7,6,0.5822,6.0,482,True
e4,c10,gatedmoe_g,512,777,6,0.5714,6.0,482,True
e4,c10,gatedmoe_g,512,7777,6,0.5693,6.0,482,True
e4,c10,gatedmoe_g,512,888,6,0.5671,6.0,482,True
e4,c10,gatedmoe_g,512,8888,6,0.5756,6.0,482,True
e4,c10,gatedmoe_g,512,999,6,0.5713,6.0,482,True
e4,c10,gatedmoe_g,512,9999,6,0.5733,6.0,482,True
