method,d_model,budget_bytes,n_runs,steps_per_epoch,lag1_repeat_mean,lag1_repeat_min,lag1_repeat_max,allpairs_repeat_mean,n_routed_pairs
cycle_shuffle,128,43506892,10,1019,0.1247791952894995,0.1211972522080471,0.12673099989096065,0.12489586740813433,366840
fixed_cadence_random,128,25044337,10,1019,1.0,1.0,1.0,1.0,366840
fixed_cadence_random,128,43506892,10,1019,0.0,0.0,0.0,0.4444444444444445,366840
gatedmoe_base,128,18422784,10,1019,nan,nan,nan,nan,0
gatedmoe_base,128,25044337,10,1019,0.0,0.0,0.0,0.17777777777777778,366840
gatedmoe_base,128,43506892,10,1019,0.0,0.0,0.0,0.044444444444444446,366840
gatedmoe_g,128,18422784,10,1019,nan,nan,nan,nan,0
gatedmoe_g,128,25044337,10,1019,0.25599171300839607,0.2463199214916585,0.26910914840257333,0.25156035328753673,366840
gatedmoe_g,128,43506892,10,1019,0.12719441718460364,0.12245120488496347,0.133028023116345,0.12572238578126704,366840
learned_top1,128,18422784,10,1019,nan,nan,nan,nan,0
learned_top1,128,25044337,10,1019,0.33194035546832407,0.3203576491113292,0.3420837422309454,0.2853080362010686,366840
learned_top1,128,43506892,10,1019,0.2057845382182968,0.1983698615200087,0.21379893141424053,0.15907698179042634,366840
learned_top1_aux0,128,25044337,10,1019,0.7534565478137607,0.721131828590121,0.8109257441936539,0.6118705702758697,366840
learned_top1_aux0,128,43506892,10,1019,0.6679069894231818,0.6076491113291899,0.731163450005452,0.5039194199105876,366840
random,128,18422784,10,1019,nan,nan,nan,nan,0
random,128,25044337,10,1019,0.2491467669828808,0.2450387089739396,0.2532166612146985,0.2502742339984735,366840
random,128,43506892,10,1019,0.12462654018100534,0.12305092138261912,0.12626758259731763,0.12503053102169884,366840
round_robin,128,18422784,10,1019,nan,nan,nan,nan,0
round_robin,128,25044337,10,1019,0.0,0.0,0.0,0.17777777777777778,366840
round_robin,128,43506892,10,1019,0.0,0.0,0.0,0.044444444444444446,366840
