method,backbone,F,seed,final_test_ppl,test_ppl_at_best_val,best_val_epoch
cycle_shuffle,128,8,123,200.22660463802146,182.18526085322142,4
cycle_shuffle,128,8,2026,237.22832248829857,177.39259634203307,3
cycle_shuffle,128,8,31415,182.8981694259888,182.8981694259888,10
cycle_shuffle,128,8,42,189.01695502331057,178.28037850652777,4
cycle_shuffle,128,8,5150,181.57550565209957,181.57550565209957,10
cycle_shuffle,128,8,60486,182.44277933690606,182.44277933690606,10
cycle_shuffle,128,8,7,183.3003989851494,177.77667216820328,4
cycle_shuffle,128,8,777,202.37324796529265,182.10009952404303,4
cycle_shuffle,128,8,888,188.82391047926856,186.06553943686393,5
cycle_shuffle,128,8,999,191.76522534244626,182.8881109334231,4
fixed_cadence_random,128,4,123,249.58145730688864,178.42658683748598,3
fixed_cadence_random,128,4,2026,245.0565337789256,178.3669432749825,3
fixed_cadence_random,128,4,31415,248.15479768512446,177.7362704268808,3
fixed_cadence_random,128,4,42,246.09833355133736,178.77357505789976,2
fixed_cadence_random,128,4,5150,243.65263873624434,176.96600991397347,2
fixed_cadence_random,128,4,60486,239.40436502857548,181.02780542499337,3
fixed_cadence_random,128,4,7,247.29992646215823,178.67054535030647,3
fixed_cadence_random,128,4,777,240.07208874933752,177.1715807858716,3
fixed_cadence_random,128,4,888,243.10275366805766,178.92463652554852,2
fixed_cadence_random,128,4,999,237.80052047221608,176.8530310397299,3
fixed_cadence_random,128,8,123,192.85269729261478,186.3307362832869,4
fixed_cadence_random,128,8,2026,233.47923225259925,187.56893265835387,3
fixed_cadence_random,128,8,31415,185.19583870937814,185.19583870937814,10
fixed_cadence_random,128,8,42,183.43341508737421,183.43341508737421,10
fixed_cadence_random,128,8,5150,179.7033443689715,179.7033443689715,10
fixed_cadence_random,128,8,60486,184.5954045109536,184.5954045109536,10
fixed_cadence_random,128,8,7,186.4624651299938,179.78273749361517,4
fixed_cadence_random,128,8,777,184.52493827241392,184.52493827241392,10
fixed_cadence_random,128,8,888,188.27543965976966,188.27543965976966,10
fixed_cadence_random,128,8,999,184.49182730961368,180.0334932079696,5
gatedmoe_base,128,0,123,230.89810635633793,176.14173071455502,3
gatedmoe_base,128,0,2026,233.67500057163446,176.7237315510646,2
gatedmoe_base,128,0,31415,230.16593267337566,174.5897201842598,2
gatedmoe_base,128,0,42,235.738988157081,175.6664684774094,2
gatedmoe_base,128,0,5150,230.87208054995472,173.496369857445,2
gatedmoe_base,128,0,60486,228.8520655063383,173.61326987810324,2
gatedmoe_base,128,0,7,232.43939386974014,175.82759291747442,2
gatedmoe_base,128,0,777,230.0834898138807,171.9543017250654,3
gatedmoe_base,128,0,888,233.81765020617274,176.35579332593616,3
gatedmoe_base,128,0,999,227.1943687887307,172.34160517620847,2
gatedmoe_base,128,4,123,233.0534082234944,174.80936347986415,3
gatedmoe_base,128,4,2026,237.47698147728553,177.5253913455307,3
gatedmoe_base,128,4,31415,233.80728815041553,177.65547170749943,3
gatedmoe_base,128,4,42,233.75995644756634,176.8201659071247,3
gatedmoe_base,128,4,5150,235.61930662489374,174.11703247837448,2
gatedmoe_base,128,4,60486,230.2947913665495,175.49079916224213,2
gatedmoe_base,128,4,7,237.6401599663441,175.46466254465585,2
gatedmoe_base,128,4,777,237.28683708615247,176.08773847469297,3
gatedmoe_base,128,4,888,232.4624479154827,173.47461266387822,3
gatedmoe_base,128,4,999,234.45513486882032,176.165247625132,3
gatedmoe_base,128,8,123,190.67873340740525,181.47617386210314,4
gatedmoe_base,128,8,2026,230.2955739016652,181.6476791339756,3
gatedmoe_base,128,8,31415,184.29830275735944,184.29830275735944,10
gatedmoe_base,128,8,42,184.98310691594435,184.98310691594435,10
gatedmoe_base,128,8,5150,179.89685195739818,179.89685195739818,10
gatedmoe_base,128,8,60486,189.1101227271649,189.1101227271649,10
gatedmoe_base,128,8,7,187.09237004961497,187.09237004961497,10
gatedmoe_base,128,8,777,187.5862434477161,187.5862434477161,10
gatedmoe_base,128,8,888,186.70301043717882,179.85885404396043,4
gatedmoe_base,128,8,999,190.3723281327289,182.08403337670916,4
gatedmoe_g,128,0,123,230.89810635633793,176.14173071455502,3
gatedmoe_g,128,0,2026,233.67500057163446,176.7237315510646,2
gatedmoe_g,128,0,31415,230.16593267337566,174.5897201842598,2
gatedmoe_g,128,0,42,235.738988157081,175.6664684774094,2
gatedmoe_g,128,0,5150,230.87208054995472,173.496369857445,2
gatedmoe_g,128,0,60486,228.8520655063383,173.61326987810324,2
gatedmoe_g,128,0,7,232.43939386974014,175.82759291747442,2
gatedmoe_g,128,0,777,230.0834898138807,171.9543017250654,3
gatedmoe_g,128,0,888,233.81765020617274,176.35579332593616,3
gatedmoe_g,128,0,999,227.1943687887307,172.34160517620847,2
gatedmoe_g,128,4,123,233.87206977927758,175.5420036474143,3
gatedmoe_g,128,4,2026,240.7079025036868,175.78563226925513,2
gatedmoe_g,128,4,31415,227.44157643727698,174.41874301739938,3
gatedmoe_g,128,4,42,234.306078060818,177.7859964579109,2
gatedmoe_g,128,4,5150,233.47207720362306,175.96456867272647,3
gatedmoe_g,128,4,60486,232.91364299465832,176.93035241595575,3
gatedmoe_g,128,4,7,233.22744534658548,177.24293557947993,3
gatedmoe_g,128,4,777,230.12897791859908,177.20517940721516,2
gatedmoe_g,128,4,888,238.67056803370534,179.54258842763917,2
gatedmoe_g,128,4,999,234.7670630016825,174.41289610128757,3
gatedmoe_g,128,8,123,200.45069778403217,179.88725910182274,4
gatedmoe_g,128,8,2026,240.01828946689082,179.51528225034565,3
gatedmoe_g,128,8,31415,187.14009962680282,187.14009962680282,10
gatedmoe_g,128,8,42,187.161708577697,187.161708577697,10
gatedmoe_g,128,8,5150,186.34828001622753,182.5835726096541,5
gatedmoe_g,128,8,60486,188.60095087098026,177.9990388300408,4
gatedmoe_g,128,8,7,224.55814303989533,179.66186980682835,3
gatedmoe_g,128,8,777,188.1912275605112,181.83689024575048,4
gatedmoe_g,128,8,888,186.6595277150605,181.71126084663456,5
gatedmoe_g,128,8,999,194.4965093630276,176.89022027004285,4
learned_top1,128,0,123,229.88060500225663,173.9503246305578,2
learned_top1,128,0,2026,233.87899436163212,175.0633754600117,3
learned_top1,128,0,31415,228.84629570041315,172.74639230418782,2
learned_top1,128,0,42,234.22646204617263,175.6005527123574,2
learned_top1,128,0,5150,231.92310193708747,175.05612295618067,3
learned_top1,128,0,60486,232.39465779206154,172.3623403623934,3
learned_top1,128,0,7,233.42079890982936,176.82416699071476,3
learned_top1,128,0,777,231.21312513853098,172.58368964214122,3
learned_top1,128,0,888,232.61998653605266,174.3062504965137,3
learned_top1,128,0,999,227.8923724497172,173.30614835727326,3
learned_top1,128,4,123,234.97115145734537,175.04304269336737,3
learned_top1,128,4,2026,234.26184725161514,176.84543299036812,3
learned_top1,128,4,31415,242.31521692957858,176.48508951369533,3
learned_top1,128,4,42,236.55483370517155,176.0968535186182,2
learned_top1,128,4,5150,238.60610555588295,177.04791180256652,2
learned_top1,128,4,60486,239.69808849379598,174.8670242421746,3
learned_top1,128,4,7,237.1957416205235,178.55483051674082,3
learned_top1,128,4,777,238.37204403655255,178.21775233243338,2
learned_top1,128,4,888,243.44428646539563,177.20943631208394,3
learned_top1,128,4,999,238.0022810549888,177.9418012941478,3
learned_top1,128,8,123,242.0321459250506,181.88396927194438,3
learned_top1,128,8,2026,234.58784717548733,180.9426145308762,3
learned_top1,128,8,31415,241.04283608638917,183.33598339127226,3
learned_top1,128,8,42,241.0723799068942,177.39671771459817,3
learned_top1,128,8,5150,237.78418685002543,182.02048752357211,3
learned_top1,128,8,60486,241.98508458966555,179.67836589378012,3
learned_top1,128,8,7,233.903747038563,178.91316055855816,3
learned_top1,128,8,777,242.03502537120775,178.82786558607313,3
learned_top1,128,8,888,237.49951973342212,182.30388653511994,3
learned_top1,128,8,999,238.0800733272976,179.54215892639775,3
learned_top1_aux0,128,4,123,235.37265031446424,174.17934970846787,3
learned_top1_aux0,128,4,2026,236.55042324443374,173.11725641043617,3
learned_top1_aux0,128,4,31415,239.74052715599387,176.61488317762564,2
learned_top1_aux0,128,4,42,235.49577349033885,174.60671678076633,3
learned_top1_aux0,128,4,5150,236.67394249224157,174.85065459458608,3
learned_top1_aux0,128,4,60486,237.84861598337588,175.3463922541256,3
learned_top1_aux0,128,4,7,239.3192555688231,176.70089557070358,3
learned_top1_aux0,128,4,777,233.92492821003648,176.60596211142405,3
learned_top1_aux0,128,4,888,241.92052372717194,176.09273482639037,3
learned_top1_aux0,128,4,999,239.53792746913638,172.80784436203356,3
learned_top1_aux0,128,8,123,235.70048126403796,175.8928228449714,2
learned_top1_aux0,128,8,2026,227.62859730836382,172.58653193142194,3
learned_top1_aux0,128,8,31415,232.4454042250124,168.48036957186972,3
learned_top1_aux0,128,8,42,237.4065655896515,176.73977798226343,2
learned_top1_aux0,128,8,5150,234.00146185305078,176.62031416633843,3
learned_top1_aux0,128,8,60486,242.41408235589114,180.4622696156876,3
learned_top1_aux0,128,8,7,236.42853162838296,181.88294528916126,3
learned_top1_aux0,128,8,777,239.162772731761,178.69889306045891,2
learned_top1_aux0,128,8,888,239.0264062539569,179.43763075921112,3
learned_top1_aux0,128,8,999,239.13196237501603,176.53541126581743,3
random,128,0,123,230.89810635633793,176.14173071455502,3
random,128,0,2026,233.67500057163446,176.7237315510646,2
random,128,0,31415,230.16593267337566,174.5897201842598,2
random,128,0,42,235.738988157081,175.6664684774094,2
random,128,0,5150,230.87208054995472,173.496369857445,2
random,128,0,60486,228.8520655063383,173.61326987810324,2
random,128,0,7,232.43939386974014,175.82759291747442,2
random,128,0,777,230.0834898138807,171.9543017250654,3
random,128,0,888,233.81765020617274,176.35579332593616,3
random,128,0,999,227.1943687887307,172.34160517620847,2
random,128,4,123,238.2736059481157,178.16110339324402,3
random,128,4,2026,239.71961378603416,176.0356546066513,3
random,128,4,31415,238.79154874355538,176.5899356131621,3
random,128,4,42,240.19356525224094,176.77675143423298,3
random,128,4,5150,235.92926206180448,176.36140927277964,3
random,128,4,60486,238.40318158714598,177.476304282191,3
random,128,4,7,244.05215675491976,176.75102955297584,2
random,128,4,777,237.79424682600614,176.68531144286564,3
random,128,4,888,233.38253227697973,177.7770668146061,3
random,128,4,999,243.2030123849205,178.41276144633838,3
random,128,8,123,203.8963977939913,180.63459363324122,4
random,128,8,2026,232.34997594512546,176.07023436936316,3
random,128,8,31415,190.87790230221526,183.03098238396336,4
random,128,8,42,248.14500040072198,181.0810862452013,3
random,128,8,5150,223.73008257235085,185.94389679140758,4
random,128,8,60486,196.64317721348695,183.7034233223892,5
random,128,8,7,240.286234721952,183.7964332468578,3
random,128,8,777,192.70064879998847,186.87661506579767,4
random,128,8,888,188.6922924455504,181.56780875280882,4
random,128,8,999,194.1004447280401,183.6485025651568,5
round_robin,128,0,123,230.89810635633793,176.14173071455502,3
round_robin,128,0,2026,233.67500057163446,176.7237315510646,2
round_robin,128,0,31415,230.16593267337566,174.5897201842598,2
round_robin,128,0,42,235.738988157081,175.6664684774094,2
round_robin,128,0,5150,230.87208054995472,173.496369857445,2
round_robin,128,0,60486,228.8520655063383,173.61326987810324,2
round_robin,128,0,7,231.52308802710803,175.9660303431687,3
round_robin,128,0,777,230.0834898138807,171.9543017250654,3
round_robin,128,0,888,233.81765020617274,176.35579332593616,3
round_robin,128,0,999,227.1943687887307,172.34160517620847,2
round_robin,128,4,123,233.1261854219207,175.1967834871818,3
round_robin,128,4,2026,237.34694867161457,177.29154321491066,3
round_robin,128,4,31415,233.76813103450166,177.65737597445695,3
round_robin,128,4,42,233.58138306774813,176.87763446220683,3
round_robin,128,4,5150,235.44918305395566,174.75491903864034,2
round_robin,128,4,60486,230.14205877328297,177.00989714639408,3
round_robin,128,4,7,237.49150681667456,176.14684788289074,2
round_robin,128,4,777,236.95320494922262,175.97636885286366,3
round_robin,128,4,888,232.5531177283081,173.56511988462265,3
round_robin,128,4,999,234.52517153619326,176.47165498293077,3
round_robin,128,8,123,190.59600023832365,181.57091177390762,4
round_robin,128,8,2026,230.48669725699835,181.3512035259484,3
round_robin,128,8,31415,184.24640014647395,184.24640014647395,10
round_robin,128,8,42,185.00204270179634,185.00204270179634,10
round_robin,128,8,5150,179.87506261259406,179.87506261259406,10
round_robin,128,8,60486,189.18565497884714,189.18565497884714,10
round_robin,128,8,7,187.13357731102883,187.13357731102883,10
round_robin,128,8,777,187.5668702922784,187.5668702922784,10
round_robin,128,8,888,186.63027987720122,179.80175046212094,4
round_robin,128,8,999,190.3012861986144,181.99984919497686,4
fixed_cadence_random,256,8,123,187.0650857301664,181.41066519270404,4
fixed_cadence_random,256,8,2026,183.54629437991667,183.54629437991667,10
fixed_cadence_random,256,8,31415,183.3278342808453,183.3278342808453,10
fixed_cadence_random,256,8,42,185.49707136619529,185.49707136619529,10
fixed_cadence_random,256,8,5150,196.22936895466208,186.11724824983025,5
fixed_cadence_random,256,8,60486,178.12483536752907,178.12483536752907,10
fixed_cadence_random,256,8,7,183.58276880802427,183.58276880802427,10
fixed_cadence_random,256,8,777,185.89628905877342,177.70865363325754,4
fixed_cadence_random,256,8,888,189.06112933694644,184.1245036564167,4
fixed_cadence_random,256,8,999,179.87814535374324,179.87814535374324,10
learned_top1,256,8,123,191.14997729682713,175.42822642248277,4
learned_top1,256,8,2026,185.90957916851252,172.61422975920706,4
learned_top1,256,8,31415,181.2687832523365,177.13525654306855,4
learned_top1,256,8,42,185.684645508592,175.9220311322137,4
learned_top1,256,8,5150,197.33944332814468,170.42230541280284,3
learned_top1,256,8,60486,196.95898803994467,173.69351150494722,3
learned_top1,256,8,7,206.7798202049804,176.01992813396578,3
learned_top1,256,8,777,194.56663895179685,175.2692356580994,4
learned_top1,256,8,888,187.7641603444211,170.5813327028975,3
learned_top1,256,8,999,205.66052067385937,174.51338394033192,3
random,256,8,123,185.63841482879906,173.2533793587999,4
random,256,8,2026,193.87586301292828,193.87586301292828,10
random,256,8,31415,182.7307157717527,182.7307157717527,10
random,256,8,42,179.5907796671266,176.9743258304285,4
random,256,8,5150,199.56717665602642,176.1930792369442,3
random,256,8,60486,197.9221709078315,177.94166011643875,4
random,256,8,7,187.79364607845122,180.29041269183472,4
random,256,8,777,184.53828636562355,184.53828636562355,10
random,256,8,888,188.71580549057737,176.8933305350151,4
random,256,8,999,182.07172442294424,174.53546654067904,4
round_robin,256,8,123,182.22289887109872,177.09101819511199,4
round_robin,256,8,2026,187.72618266211705,176.46083766899338,4
round_robin,256,8,31415,184.1712392022648,178.18416949532082,4
round_robin,256,8,42,187.18285499327658,178.10427976966741,4
round_robin,256,8,5150,186.49161642451386,186.49161642451386,10
round_robin,256,8,60486,193.30312850320956,182.95641475773445,4
round_robin,256,8,7,189.34763286730382,181.91322044427906,4
round_robin,256,8,777,196.40412753177918,177.1553886705354,4
round_robin,256,8,888,186.69794569633103,177.6504217615557,5
round_robin,256,8,999,183.61928653702435,175.73640446823825,4
