cell,seed,best_val_epoch,n_epochs,best_is_last,gap_cv,util_entropy_min_layers
B24457k,7,3,10,no,4.478427912,1.340318203
B24457k,42,2,10,no,4.618654687,1.315911055
B24457k,123,3,10,no,4.388135164,1.290237546
B24457k,777,2,10,no,4.225732501,1.324542999
B24457k,888,2,10,no,4.124145152,1.336432695
B24457k,999,3,10,no,4.625417919,1.322703958
B24457k,2026,3,10,no,4.076211196,1.312337041
B24457k,5150,3,10,no,4.659406363,1.306557775
B24457k,31415,2,10,no,4.642844878,1.352529526
B24457k,60486,3,10,no,4.587172418,1.318620682
B24457k,ALL,,,0,4.442614819,1.290237546
B42487k,7,2,10,no,4.128018847,1.683656693
B42487k,42,2,10,no,4.27232195,1.78502059
B42487k,123,3,10,no,4.29994405,1.761624217
B42487k,777,3,10,no,3.977697692,1.748046875
B42487k,888,3,10,no,4.126640759,1.787540197
B42487k,999,2,10,no,4.17638905,1.84798646
B42487k,2026,2,10,no,3.928468383,-0
B42487k,5150,2,10,no,4.405340241,1.787530899
B42487k,31415,2,10,no,4.337724767,1.750883579
B42487k,60486,3,10,no,4.088718506,1.819018602
B42487k,ALL,,,0,4.174126425,-0
