name,role,family,arm,cell,seed,final_metric,bestval_metric,best_val_epoch,n_epochs,peak_sram_bytes,budget_bytes,peak_within_budget
e1a5_c100_dense_B17350k_s7,a5,dense,dense,B17350k,7,0.5048,0.5016,28,30,42270464,17766912,no
e1a5_c100_dense_B17350k_s42,a5,dense,dense,B17350k,42,0.5014,0.4973,28,30,42270464,17766912,no
e1a5_c100_dense_B17350k_s123,a5,dense,dense,B17350k,123,0.5075,0.5069,29,30,42270464,17766912,no
e1a5_c100_dense_B17350k_s777,a5,dense,dense,B17350k,777,0.5009,0.5009,30,30,42270464,17766912,no
e1a5_c100_dense_B17350k_s888,a5,dense,dense,B17350k,888,0.5016,0.5016,30,30,42270464,17766912,no
e1a5_c100_dense_B17350k_s999,a5,dense,dense,B17350k,999,0.5037,0.5032,29,30,42270464,17766912,no
e1a5_c100_dense_B17350k_s2026,a5,dense,dense,B17350k,2026,0.5011,0.5011,30,30,42270464,17766912,no
e1a5_c100_dense_B17350k_s5150,a5,dense,dense,B17350k,5150,0.4998,0.4998,30,30,42270464,17766912,no
e1a5_c100_dense_B17350k_s31415,a5,dense,dense,B17350k,31415,0.5019,0.5019,30,30,42270464,17766912,no
e1a5_c100_dense_B17350k_s60486,a5,dense,dense,B17350k,60486,0.5026,0.5016,28,30,42270464,17766912,no
e6lm5_gated_top1_B24457k_s7,a5,lm,gated_top1,B24457k,7,238.877108,176.637902,3,10,24389120,25044337,yes
e6lm5_gated_top1_B24457k_s42,a5,lm,gated_top1,B24457k,42,236.7982958,176.8236264,2,10,24389120,25044337,yes
e6lm5_gated_top1_B24457k_s123,a5,lm,gated_top1,B24457k,123,235.3769058,174.4779025,3,10,24389120,25044337,yes
e6lm5_gated_top1_B24457k_s777,a5,lm,gated_top1,B24457k,777,242.4712634,175.9892897,2,10,24389120,25044337,yes
e6lm5_gated_top1_B24457k_s888,a5,lm,gated_top1,B24457k,888,239.6581177,175.1318601,2,10,24389120,25044337,yes
e6lm5_gated_top1_B24457k_s999,a5,lm,gated_top1,B24457k,999,233.6801346,175.177611,3,10,24389120,25044337,yes
e6lm5_gated_top1_B24457k_s2026,a5,lm,gated_top1,B24457k,2026,236.2212625,174.3215361,3,10,24389120,25044337,yes
e6lm5_gated_top1_B24457k_s5150,a5,lm,gated_top1,B24457k,5150,232.7249302,175.1875023,3,10,24389120,25044337,yes
e6lm5_gated_top1_B24457k_s31415,a5,lm,gated_top1,B24457k,31415,233.3223552,174.3024475,2,10,24389120,25044337,yes
e6lm5_gated_top1_B24457k_s60486,a5,lm,gated_top1,B24457k,60486,229.1819546,170.7453161,3,10,24389120,25044337,yes
e6lm5_gated_top1_B42487k_s7,a5,lm,gated_top1,B42487k,7,242.8739741,174.6424217,2,10,41435136,43506892,yes
e6lm5_gated_top1_B42487k_s42,a5,lm,gated_top1,B42487k,42,239.440379,174.8168895,2,10,41435136,43506892,yes
e6lm5_gated_top1_B42487k_s123,a5,lm,gated_top1,B42487k,123,235.5994108,173.0703987,3,10,41435136,43506892,yes
e6lm5_gated_top1_B42487k_s777,a5,lm,gated_top1,B42487k,777,234.1525908,174.4388768,3,10,41435136,43506892,yes
e6lm5_gated_top1_B42487k_s888,a5,lm,gated_top1,B42487k,888,240.1617223,175.3504984,3,10,41435136,43506892,yes
e6lm5_gated_top1_B42487k_s999,a5,lm,gated_top1,B42487k,999,233.5961803,173.4574983,2,10,41435136,43506892,yes
e6lm5_gated_top1_B42487k_s2026,a5,lm,gated_top1,B42487k,2026,240.9542254,170.5401505,2,10,41435136,43506892,yes
e6lm5_gated_top1_B42487k_s5150,a5,lm,gated_top1,B42487k,5150,236.784903,174.364938,2,10,41435136,43506892,yes
e6lm5_gated_top1_B42487k_s31415,a5,lm,gated_top1,B42487k,31415,244.5940422,174.7169683,2,10,41435136,43506892,yes
e6lm5_gated_top1_B42487k_s60486,a5,lm,gated_top1,B42487k,60486,236.3637096,174.7803273,3,10,41435136,43506892,yes
e1a5_c100_gated_top1_B17350k_s7,a5,vision,gated_top1,B17350k,7,0.4724,0.4713,28,30,16527360,17766912,yes
e1a5_c100_gated_top1_B17350k_s42,a5,vision,gated_top1,B17350k,42,0.462,0.4632,29,30,16527360,17766912,yes
e1a5_c100_gated_top1_B17350k_s123,a5,vision,gated_top1,B17350k,123,0.4673,0.4673,30,30,16527360,17766912,yes
e1a5_c100_gated_top1_B17350k_s777,a5,vision,gated_top1,B17350k,777,0.4609,0.4609,30,30,16527360,17766912,yes
e1a5_c100_gated_top1_B17350k_s888,a5,vision,gated_top1,B17350k,888,0.4639,0.4634,28,30,16527360,17766912,yes
e1a5_c100_gated_top1_B17350k_s999,a5,vision,gated_top1,B17350k,999,0.4669,0.4645,28,30,16527360,17766912,yes
e1a5_c100_gated_top1_B17350k_s2026,a5,vision,gated_top1,B17350k,2026,0.4691,0.4691,30,30,16527360,17766912,yes
e1a5_c100_gated_top1_B17350k_s5150,a5,vision,gated_top1,B17350k,5150,0.4671,0.4671,30,30,16527360,17766912,yes
e1a5_c100_gated_top1_B17350k_s31415,a5,vision,gated_top1,B17350k,31415,0.4616,0.4613,27,30,16527360,17766912,yes
e1a5_c100_gated_top1_B17350k_s60486,a5,vision,gated_top1,B17350k,60486,0.4653,0.4653,30,30,16527360,17766912,yes
e1a5_c100_gated_top1_B7333k_s7,a5,vision,gated_top1,B7333k,7,0.4722,0.4726,29,30,7149056,7509760,yes
e1a5_c100_gated_top1_B7333k_s42,a5,vision,gated_top1,B7333k,42,0.4714,0.47,29,30,7149056,7509760,yes
e1a5_c100_gated_top1_B7333k_s123,a5,vision,gated_top1,B7333k,123,0.4737,0.4736,29,30,7149056,7509760,yes
e1a5_c100_gated_top1_B7333k_s777,a5,vision,gated_top1,B7333k,777,0.4554,0.4548,29,30,7149056,7509760,yes
e1a5_c100_gated_top1_B7333k_s888,a5,vision,gated_top1,B7333k,888,0.4644,0.4644,30,30,7149056,7509760,yes
e1a5_c100_gated_top1_B7333k_s999,a5,vision,gated_top1,B7333k,999,0.4647,0.4632,28,30,7149056,7509760,yes
e1a5_c100_gated_top1_B7333k_s2026,a5,vision,gated_top1,B7333k,2026,0.4621,0.4609,29,30,7149056,7509760,yes
e1a5_c100_gated_top1_B7333k_s5150,a5,vision,gated_top1,B7333k,5150,0.4712,0.4701,27,30,7149056,7509760,yes
e1a5_c100_gated_top1_B7333k_s31415,a5,vision,gated_top1,B7333k,31415,0.458,0.4585,28,30,7149056,7509760,yes
e1a5_c100_gated_top1_B7333k_s60486,a5,vision,gated_top1,B7333k,60486,0.4678,0.4678,30,30,7149056,7509760,yes
e1a5chk_c100_learned_top1_B17350k_s42,buildcheck,vision,learned_top1,B17350k,42,0.457,0.4527,28,30,16527360,17766912,yes
e1a5chk_c100_round_robin_B17350k_s42,buildcheck,vision,round_robin,B17350k,42,0.4559,0.4559,30,30,16527360,17766912,yes
e1_c100_round_robin_B3907k_s7,comparator,dense,round_robin,B3907k,7,0.4694,0.4702,29,30,3935232,4000768,yes
e1_c100_round_robin_B3907k_s42,comparator,dense,round_robin,B3907k,42,0.467,0.4655,28,30,3935232,4000768,yes
e1_c100_round_robin_B3907k_s123,comparator,dense,round_robin,B3907k,123,0.4708,0.4708,30,30,3935232,4000768,yes
e1_c100_round_robin_B3907k_s777,comparator,dense,round_robin,B3907k,777,0.4619,0.4619,30,30,3935232,4000768,yes
e1_c100_round_robin_B3907k_s888,comparator,dense,round_robin,B3907k,888,0.4648,0.4632,29,30,3935232,4000768,yes
e1_c100_round_robin_B3907k_s999,comparator,dense,round_robin,B3907k,999,0.464,0.4651,29,30,3935232,4000768,yes
e1_c100_round_robin_B3907k_s2026,comparator,dense,round_robin,B3907k,2026,0.4589,0.4571,28,30,3935232,4000768,yes
e1_c100_round_robin_B3907k_s5150,comparator,dense,round_robin,B3907k,5150,0.4633,0.4633,30,30,3935232,4000768,yes
e1_c100_round_robin_B3907k_s31415,comparator,dense,round_robin,B3907k,31415,0.4635,0.4643,28,30,3935232,4000768,yes
e1_c100_round_robin_B3907k_s60486,comparator,dense,round_robin,B3907k,60486,0.4643,0.4601,26,30,3935232,4000768,yes
e6lm3_learned_top1_B24457k_s7,comparator,lm,learned_top1,B24457k,7,237.1957416,178.5548305,3,10,24389120,25044337,yes
e6lm3_learned_top1_B24457k_s42,comparator,lm,learned_top1,B24457k,42,236.5548337,176.0968535,2,10,24389120,25044337,yes
e6lm3_learned_top1_B24457k_s123,comparator,lm,learned_top1,B24457k,123,234.9711515,175.0430427,3,10,24389120,25044337,yes
e6lm3_learned_top1_B24457k_s777,comparator,lm,learned_top1,B24457k,777,238.372044,178.2177523,2,10,24389120,25044337,yes
e6lm3_learned_top1_B24457k_s888,comparator,lm,learned_top1,B24457k,888,243.4442865,177.2094363,3,10,24389120,25044337,yes
e6lm3_learned_top1_B24457k_s999,comparator,lm,learned_top1,B24457k,999,238.0022811,177.9418013,3,10,24389120,25044337,yes
e6lm3_learned_top1_B24457k_s2026,comparator,lm,learned_top1,B24457k,2026,234.2618473,176.845433,3,10,24389120,25044337,yes
e6lm3_learned_top1_B24457k_s5150,comparator,lm,learned_top1,B24457k,5150,238.6061056,177.0479118,2,10,24389120,25044337,yes
e6lm3_learned_top1_B24457k_s31415,comparator,lm,learned_top1,B24457k,31415,242.3152169,176.4850895,3,10,24389120,25044337,yes
e6lm3_learned_top1_B24457k_s60486,comparator,lm,learned_top1,B24457k,60486,239.6980885,174.8670242,3,10,24389120,25044337,yes
e6lm3_learned_top1_B42487k_s7,comparator,lm,learned_top1,B42487k,7,233.903747,178.9131606,3,10,41435136,43506892,yes
e6lm3_learned_top1_B42487k_s42,comparator,lm,learned_top1,B42487k,42,241.0723799,177.3967177,3,10,41435136,43506892,yes
e6lm3_learned_top1_B42487k_s123,comparator,lm,learned_top1,B42487k,123,242.0321459,181.8839693,3,10,41435136,43506892,yes
e6lm3_learned_top1_B42487k_s777,comparator,lm,learned_top1,B42487k,777,242.0350254,178.8278656,3,10,41435136,43506892,yes
e6lm3_learned_top1_B42487k_s888,comparator,lm,learned_top1,B42487k,888,237.4995197,182.3038865,3,10,41435136,43506892,yes
e6lm3_learned_top1_B42487k_s999,comparator,lm,learned_top1,B42487k,999,238.0800733,179.5421589,3,10,41435136,43506892,yes
e6lm3_learned_top1_B42487k_s2026,comparator,lm,learned_top1,B42487k,2026,234.5878472,180.9426145,3,10,41435136,43506892,yes
e6lm3_learned_top1_B42487k_s5150,comparator,lm,learned_top1,B42487k,5150,237.7841869,182.0204875,3,10,41435136,43506892,yes
e6lm3_learned_top1_B42487k_s31415,comparator,lm,learned_top1,B42487k,31415,241.0428361,183.3359834,3,10,41435136,43506892,yes
e6lm3_learned_top1_B42487k_s60486,comparator,lm,learned_top1,B42487k,60486,241.9850846,179.6783659,3,10,41435136,43506892,yes
e6lm3_round_robin_B24457k_s7,comparator,lm,round_robin,B24457k,7,237.4915068,176.1468479,2,10,24389120,25044337,yes
e6lm3_round_robin_B24457k_s42,comparator,lm,round_robin,B24457k,42,233.5813831,176.8776345,3,10,24389120,25044337,yes
e6lm3_round_robin_B24457k_s123,comparator,lm,round_robin,B24457k,123,233.1261854,175.1967835,3,10,24389120,25044337,yes
e6lm3_round_robin_B24457k_s777,comparator,lm,round_robin,B24457k,777,236.9532049,175.9763689,3,10,24389120,25044337,yes
e6lm3_round_robin_B24457k_s888,comparator,lm,round_robin,B24457k,888,232.5531177,173.5651199,3,10,24389120,25044337,yes
e6lm3_round_robin_B24457k_s999,comparator,lm,round_robin,B24457k,999,234.5251715,176.471655,3,10,24389120,25044337,yes
e6lm3_round_robin_B24457k_s2026,comparator,lm,round_robin,B24457k,2026,237.3469487,177.2915432,3,10,24389120,25044337,yes
e6lm3_round_robin_B24457k_s5150,comparator,lm,round_robin,B24457k,5150,235.4491831,174.754919,2,10,24389120,25044337,yes
e6lm3_round_robin_B24457k_s31415,comparator,lm,round_robin,B24457k,31415,233.768131,177.657376,3,10,24389120,25044337,yes
e6lm3_round_robin_B24457k_s60486,comparator,lm,round_robin,B24457k,60486,230.1420588,177.0098971,3,10,24389120,25044337,yes
e6lm3_round_robin_B42487k_s7,comparator,lm,round_robin,B42487k,7,187.1335773,187.1335773,10,10,41435136,43506892,yes
e6lm3_round_robin_B42487k_s42,comparator,lm,round_robin,B42487k,42,185.0020427,185.0020427,10,10,41435136,43506892,yes
e6lm3_round_robin_B42487k_s123,comparator,lm,round_robin,B42487k,123,190.5960002,181.5709118,4,10,41435136,43506892,yes
e6lm3_round_robin_B42487k_s777,comparator,lm,round_robin,B42487k,777,187.5668703,187.5668703,10,10,41435136,43506892,yes
e6lm3_round_robin_B42487k_s888,comparator,lm,round_robin,B42487k,888,186.6302799,179.8017505,4,10,41435136,43506892,yes
e6lm3_round_robin_B42487k_s999,comparator,lm,round_robin,B42487k,999,190.3012862,181.9998492,4,10,41435136,43506892,yes
e6lm3_round_robin_B42487k_s2026,comparator,lm,round_robin,B42487k,2026,230.4866973,181.3512035,3,10,41435136,43506892,yes
e6lm3_round_robin_B42487k_s5150,comparator,lm,round_robin,B42487k,5150,179.8750626,179.8750626,10,10,41435136,43506892,yes
e6lm3_round_robin_B42487k_s31415,comparator,lm,round_robin,B42487k,31415,184.2464001,184.2464001,10,10,41435136,43506892,yes
e6lm3_round_robin_B42487k_s60486,comparator,lm,round_robin,B42487k,60486,189.185655,189.185655,10,10,41435136,43506892,yes
e1_c100_learned_top1_B17350k_s7,comparator,vision,learned_top1,B17350k,7,0.4639,0.4615,28,30,16527360,17766912,yes
e1_c100_learned_top1_B17350k_s42,comparator,vision,learned_top1,B17350k,42,0.457,0.4527,28,30,16527360,17766912,yes
e1_c100_learned_top1_B17350k_s123,comparator,vision,learned_top1,B17350k,123,0.4588,0.4588,30,30,16527360,17766912,yes
e1_c100_learned_top1_B17350k_s777,comparator,vision,learned_top1,B17350k,777,0.4588,0.4574,28,30,16527360,17766912,yes
e1_c100_learned_top1_B17350k_s888,comparator,vision,learned_top1,B17350k,888,0.4544,0.4555,28,30,16527360,17766912,yes
e1_c100_learned_top1_B17350k_s999,comparator,vision,learned_top1,B17350k,999,0.4569,0.4569,30,30,16527360,17766912,yes
e1_c100_learned_top1_B17350k_s2026,comparator,vision,learned_top1,B17350k,2026,0.456,0.4565,29,30,16527360,17766912,yes
e1_c100_learned_top1_B17350k_s5150,comparator,vision,learned_top1,B17350k,5150,0.4554,0.4559,27,30,16527360,17766912,yes
e1_c100_learned_top1_B17350k_s31415,comparator,vision,learned_top1,B17350k,31415,0.4593,0.4573,28,30,16527360,17766912,yes
e1_c100_learned_top1_B17350k_s60486,comparator,vision,learned_top1,B17350k,60486,0.4589,0.4589,30,30,16527360,17766912,yes
e1_c100_learned_top1_B7333k_s7,comparator,vision,learned_top1,B7333k,7,0.468,0.4655,28,30,7149056,7509760,yes
e1_c100_learned_top1_B7333k_s42,comparator,vision,learned_top1,B7333k,42,0.4599,0.4599,30,30,7149056,7509760,yes
e1_c100_learned_top1_B7333k_s123,comparator,vision,learned_top1,B7333k,123,0.4595,0.4595,30,30,7149056,7509760,yes
e1_c100_learned_top1_B7333k_s777,comparator,vision,learned_top1,B7333k,777,0.4653,0.4633,27,30,7149056,7509760,yes
e1_c100_learned_top1_B7333k_s888,comparator,vision,learned_top1,B7333k,888,0.4601,0.4615,28,30,7149056,7509760,yes
e1_c100_learned_top1_B7333k_s999,comparator,vision,learned_top1,B7333k,999,0.4664,0.4644,28,30,7149056,7509760,yes
e1_c100_learned_top1_B7333k_s2026,comparator,vision,learned_top1,B7333k,2026,0.465,0.4634,27,30,7149056,7509760,yes
e1_c100_learned_top1_B7333k_s5150,comparator,vision,learned_top1,B7333k,5150,0.4645,0.4635,29,30,7149056,7509760,yes
e1_c100_learned_top1_B7333k_s31415,comparator,vision,learned_top1,B7333k,31415,0.4598,0.4598,30,30,7149056,7509760,yes
e1_c100_learned_top1_B7333k_s60486,comparator,vision,learned_top1,B7333k,60486,0.4651,0.4652,29,30,7149056,7509760,yes
e1_c100_round_robin_B17350k_s7,comparator,vision,round_robin,B17350k,7,0.4607,0.4607,30,30,16527360,17766912,yes
e1_c100_round_robin_B17350k_s42,comparator,vision,round_robin,B17350k,42,0.4559,0.4559,30,30,16527360,17766912,yes
e1_c100_round_robin_B17350k_s123,comparator,vision,round_robin,B17350k,123,0.4571,0.4582,28,30,16527360,17766912,yes
e1_c100_round_robin_B17350k_s777,comparator,vision,round_robin,B17350k,777,0.4561,0.4572,27,30,16527360,17766912,yes
e1_c100_round_robin_B17350k_s888,comparator,vision,round_robin,B17350k,888,0.4601,0.4618,29,30,16527360,17766912,yes
e1_c100_round_robin_B17350k_s999,comparator,vision,round_robin,B17350k,999,0.4579,0.4579,30,30,16527360,17766912,yes
e1_c100_round_robin_B17350k_s2026,comparator,vision,round_robin,B17350k,2026,0.4552,0.4513,27,30,16527360,17766912,yes
e1_c100_round_robin_B17350k_s5150,comparator,vision,round_robin,B17350k,5150,0.4548,0.4523,26,30,16527360,17766912,yes
e1_c100_round_robin_B17350k_s31415,comparator,vision,round_robin,B17350k,31415,0.4516,0.4476,27,30,16527360,17766912,yes
e1_c100_round_robin_B17350k_s60486,comparator,vision,round_robin,B17350k,60486,0.4576,0.4576,30,30,16527360,17766912,yes
e1_c100_round_robin_B7333k_s7,comparator,vision,round_robin,B7333k,7,0.4626,0.4626,30,30,7149056,7509760,yes
e1_c100_round_robin_B7333k_s42,comparator,vision,round_robin,B7333k,42,0.4577,0.4577,30,30,7149056,7509760,yes
e1_c100_round_robin_B7333k_s123,comparator,vision,round_robin,B7333k,123,0.4608,0.4611,28,30,7149056,7509760,yes
e1_c100_round_robin_B7333k_s777,comparator,vision,round_robin,B7333k,777,0.4573,0.4574,29,30,7149056,7509760,yes
e1_c100_round_robin_B7333k_s888,comparator,vision,round_robin,B7333k,888,0.4607,0.4587,27,30,7149056,7509760,yes
e1_c100_round_robin_B7333k_s999,comparator,vision,round_robin,B7333k,999,0.4607,0.4618,28,30,7149056,7509760,yes
e1_c100_round_robin_B7333k_s2026,comparator,vision,round_robin,B7333k,2026,0.4628,0.4622,28,30,7149056,7509760,yes
e1_c100_round_robin_B7333k_s5150,comparator,vision,round_robin,B7333k,5150,0.4626,0.4626,30,30,7149056,7509760,yes
e1_c100_round_robin_B7333k_s31415,comparator,vision,round_robin,B7333k,31415,0.4577,0.458,29,30,7149056,7509760,yes
e1_c100_round_robin_B7333k_s60486,comparator,vision,round_robin,B7333k,60486,0.4628,0.4628,30,30,7149056,7509760,yes
