grid,dataset,level_name,level,all_routers_final_mean,all_routers_bestval_mean,round_robin_final_mean,n_round_robin_runs,rr_paired_diff_vs_ref,rr_paired_n,rr_paired_seeds_lower,reference_level
s1,c100,m,1,0.474765,0.47417499999999996,0.474765,20,0.0,10,0,1
s1,c100,m,2,0.4599825,0.4591825,0.460135,20,-0.014630000000000004,10,10,1
s1,c100,m,3,0.45954375000000003,0.45841624999999997,0.45931999999999995,20,-0.015445000000000014,10,10,1
s1,c100,m,4,0.45884625,0.45834375000000005,0.45897499999999997,20,-0.015790000000000016,10,10,1
s1,c100,m,6,0.4585850000000001,0.45802999999999994,0.458905,20,-0.015860000000000013,10,10,1
s1,c100,m,8,0.4591825,0.4583425,0.45842,10,-0.01634500000000001,10,10,1
e1,c10,expected_F,0,0.7228280000000001,nan,0.7227399999999999,10,0.0,10,0,0
e1,c10,expected_F,1,0.72536,nan,0.7256199999999999,10,0.002880000000000005,10,2,0
e1,c10,expected_F,2,0.721148,nan,0.7205400000000001,10,-0.002200000000000024,10,6,0
e1,c10,expected_F,3,0.721034,nan,0.7210400000000001,10,-0.0017000000000000014,10,7,0
e1,c10,expected_F,4,0.7205739999999998,nan,0.72042,10,-0.00232,10,8,0
e1,c10,expected_F,5,0.7200120000000001,nan,0.7205600000000001,10,-0.002179999999999993,10,7,0
e1,c10,expected_F,6,0.7199739999999999,nan,0.72014,10,-0.002599999999999991,10,7,0
e1,c10,expected_F,7,0.719554,nan,0.7196199999999999,10,-0.0031200000000000004,10,9,0
e1,c10,expected_F,8,0.7172339999999999,nan,0.7170699999999999,10,-0.005670000000000008,10,9,0
e1,c100,expected_F,0,0.46462600000000004,nan,0.4647900000000001,10,0.0,10,0,0
e1,c100,expected_F,1,0.46731,nan,0.4676600000000001,10,0.00287,10,2,0
e1,c100,expected_F,2,0.46311199999999997,nan,0.46353999999999995,10,-0.0012500000000000011,10,6,0
e1,c100,expected_F,3,0.460114,nan,0.45909999999999995,10,-0.005690000000000001,10,9,0
e1,c100,expected_F,4,0.46090000000000003,nan,0.46057,10,-0.0042200000000000015,10,9,0
e1,c100,expected_F,5,0.460408,nan,0.4608499999999999,10,-0.003939999999999988,10,10,0
e1,c100,expected_F,6,0.45956600000000003,nan,0.45992,10,-0.004869999999999997,10,9,0
e1,c100,expected_F,7,0.458396,nan,0.45813,10,-0.0066600000000000045,10,9,0
e1,c100,expected_F,8,0.45730600000000005,nan,0.4567,10,-0.008089999999999996,10,10,0
e4,c10,expected_F,0,0.573288,nan,0.5731499999999999,10,0.0,10,0,0
e4,c10,expected_F,2,0.5792440000000001,nan,0.57873,10,0.005580000000000007,10,3,0
e4,c10,expected_F,3,0.5761949999999999,nan,0.575955,20,0.004199999999999993,10,3,0
e4,c10,expected_F,6,0.5731050000000001,nan,0.573075,20,-7.00000000000034e-05,10,6,0
e4,c10,expected_F,8,0.5721473333333333,nan,0.5726966666666667,30,0.00039999999999998923,10,6,0
