backbone,F,method,n,best_epochs_sorted_1idx,seeds_best_at_last_epoch,final_min,final_max
128,0,gatedmoe_base,10,2;2;2;2;2;2;2;3;3;3,0,227.1943687887307,235.738988157081
128,0,gatedmoe_g,10,2;2;2;2;2;2;2;3;3;3,0,227.1943687887307,235.738988157081
128,0,learned_top1,10,2;2;2;3;3;3;3;3;3;3,0,227.8923724497172,234.22646204617263
128,0,random,10,2;2;2;2;2;2;2;3;3;3,0,227.1943687887307,235.738988157081
128,0,round_robin,10,2;2;2;2;2;2;2;3;3;3,0,227.1943687887307,235.738988157081
128,4,fixed_cadence_random,10,2;2;2;3;3;3;3;3;3;3,0,230.1390395519612,240.8524654965596
128,4,gatedmoe_base,10,2;2;3;3;3;3;3;3;3;3,0,230.14205877328297,237.49150681667456
128,4,gatedmoe_g,10,2;2;2;2;3;3;3;3;3;3,0,227.57265865158283,240.6280752594129
128,4,learned_top1,10,2;2;2;3;3;3;3;3;3;3,0,234.26184725161514,243.44428646539563
128,4,learned_top1_aux0,10,2;3;3;3;3;3;3;3;3;3,0,233.92492821003648,241.92052372717194
128,4,random,10,2;3;3;3;3;3;3;3;3;3,0,233.38253227697973,244.05215675491976
128,4,round_robin,10,2;2;3;3;3;3;3;3;3;3,0,230.14205877328297,237.49150681667456
128,8,cycle_shuffle,10,3;4;4;4;4;4;10;10;10;10,4,180.8283439147838,239.19270623777132
128,8,fixed_cadence_random,10,4;4;5;5;10;10;10;10;10;10,6,179.11538854354393,231.67083484326517
128,8,gatedmoe_base,10,3;4;4;4;10;10;10;10;10;10,6,179.87506261259406,230.48669725699835
128,8,gatedmoe_g,10,3;3;4;4;4;4;5;10;10;10,3,186.37688769809074,240.03982523860364
128,8,learned_top1,10,3;3;3;3;3;3;3;3;3;3,0,233.903747038563,242.03502537120775
128,8,learned_top1_aux0,10,2;2;2;3;3;3;3;3;3;3,0,227.62859730836382,242.41408235589114
128,8,random,10,3;3;3;4;4;4;4;4;5;5,0,188.6922924455504,248.14500040072198
128,8,round_robin,10,3;4;4;4;10;10;10;10;10;10,6,179.87506261259406,230.48669725699835
256,8,fixed_cadence_random,10,4;4;4;10;10;10;10;10;10;10,7,174.65581639040488,196.09100730364864
256,8,learned_top1,10,3;3;3;3;3;4;4;4;4;4,0,181.2687832523365,206.7798202049804
256,8,random,10,3;4;4;4;4;4;4;10;10;10,3,179.5907796671266,199.56717665602642
256,8,round_robin,10,4;4;4;4;4;4;4;4;5;10,1,182.22289887109872,196.40412753177918
