grid,dataset,cell,pair,n_seeds,mean_diff,p_diff,p_tost,genuine,has_debt_base,p_diff_holm,p_tost_holm,category
e1,c10,B13322k,gatedmoe_base|gatedmoe_g,5,1.9999999999997796e-05,0.9892598373172179,0.011730989420474347,True,True,1.0,0.10557890478426912,unresolved
e1,c10,B13322k,gatedmoe_base|learned_top1,5,-0.0012399999999999967,0.3514185970120317,0.01652267784431327,True,True,1.0,0.26436284550901235,unresolved
e1,c10,B13322k,gatedmoe_base|random,5,-0.0018000000000000017,0.12229929884963514,0.01273400042640016,True,True,1.0,0.14007400469040177,unresolved
e1,c10,B13322k,gatedmoe_base|round_robin,5,0.0,1.0,0.0,False,True,1.0,0.0,equivalent
e1,c10,B13322k,gatedmoe_g|learned_top1,5,-0.0012599999999999944,0.5470409106418146,0.061461246928038005,True,False,1.0,0.5340969069507651,unresolved
e1,c10,B13322k,gatedmoe_g|random,5,-0.0018199999999999994,0.1716002632753891,0.02192498261521314,True,False,1.0,0.2850247739977708,unresolved
e1,c10,B13322k,gatedmoe_g|round_robin,5,-1.9999999999997796e-05,0.9892598373172179,0.011730989420474347,True,False,1.0,0.10557890478426912,unresolved
e1,c10,B13322k,learned_top1|random,5,-0.0005600000000000049,0.7540025223151521,0.028159564937764947,True,False,1.0,0.4787126039420041,unresolved
e1,c10,B13322k,learned_top1|round_robin,5,0.0012399999999999967,0.3514185970120317,0.016522677844313303,True,False,1.0,0.26436284550901284,unresolved
e1,c10,B13322k,random|round_robin,5,0.0018000000000000017,0.12229929884963514,0.012734000426400193,True,False,1.0,0.14007400469040213,unresolved
e1,c10,B17350k,gatedmoe_base|gatedmoe_g,5,0.0002999999999999892,0.8195438267251042,0.009421650714022525,True,True,1.0,0.09995320689593319,unresolved
e1,c10,B17350k,gatedmoe_base|learned_top1,5,-0.0023000000000000355,0.23041783845595082,0.08620466409412286,True,True,1.0,0.5611093254167768,unresolved
e1,c10,B17350k,gatedmoe_base|random,5,-0.0020600000000000397,0.11080433331496288,0.02177287643885184,True,True,1.0,0.19595588794966656,unresolved
e1,c10,B17350k,gatedmoe_base|round_robin,5,0.0,1.0,0.0,False,True,1.0,0.0,equivalent
e1,c10,B17350k,gatedmoe_g|learned_top1,5,-0.0026000000000000246,0.09843302383323002,0.05934410077230723,True,False,1.0,0.5340969069507651,unresolved
e1,c10,B17350k,gatedmoe_g|random,5,-0.0023600000000000287,0.1191736199024151,0.04571833703685324,True,False,1.0,0.43491424084839636,unresolved
e1,c10,B17350k,gatedmoe_g|round_robin,5,-0.0002999999999999892,0.8195438267251042,0.009421650714022456,True,False,1.0,0.0999532068959339,unresolved
e1,c10,B17350k,learned_top1|random,5,0.00023999999999999578,0.9141358155277747,0.04254038111242944,True,False,1.0,0.56655680634973,unresolved
e1,c10,B17350k,learned_top1|round_robin,5,0.0023000000000000355,0.23041783845595082,0.08620466409412283,True,False,1.0,0.5611093254167766,unresolved
e1,c10,B17350k,random|round_robin,5,0.0020600000000000397,0.11080433331496288,0.021772876438851868,True,False,1.0,0.1959558879496668,unresolved
e1,c10,B3907k,gatedmoe_base|gatedmoe_g,5,0.0,1.0,0.0,False,True,1.0,0.0,equivalent
e1,c10,B3907k,gatedmoe_base|learned_top1,5,-9.999999999998899e-05,0.9747478567844386,0.08712377473429311,False,True,1.0,0.5611093254167768,unresolved
e1,c10,B3907k,gatedmoe_base|random,5,0.0,1.0,0.0,False,True,1.0,0.0,equivalent
e1,c10,B3907k,gatedmoe_base|round_robin,5,0.0,1.0,0.0,False,True,1.0,0.0,equivalent
e1,c10,B3907k,gatedmoe_g|learned_top1,5,-9.999999999998899e-05,0.9747478567844386,0.08712377473429311,False,False,1.0,0.5340969069507651,unresolved
e1,c10,B3907k,gatedmoe_g|random,5,0.0,1.0,0.0,False,False,1.0,0.0,equivalent
e1,c10,B3907k,gatedmoe_g|round_robin,5,0.0,1.0,0.0,False,False,1.0,0.0,equivalent
e1,c10,B3907k,learned_top1|random,5,9.999999999998899e-05,0.9747478567844386,0.08712377473429304,False,False,1.0,0.56655680634973,unresolved
e1,c10,B3907k,learned_top1|round_robin,5,9.999999999998899e-05,0.9747478567844386,0.08712377473429304,False,False,1.0,0.5611093254167766,unresolved
e1,c10,B3907k,random|round_robin,5,0.0,1.0,0.0,False,False,1.0,0.0,equivalent
e1,c10,B5748k,gatedmoe_base|gatedmoe_g,5,0.0,1.0,0.0,False,True,1.0,0.0,equivalent
e1,c10,B5748k,gatedmoe_base|learned_top1,5,-0.00045999999999994933,0.8561617032439769,0.06455651837192278,False,True,1.0,0.5611093254167768,unresolved
e1,c10,B5748k,gatedmoe_base|random,5,0.0,1.0,0.0,False,True,1.0,0.0,equivalent
e1,c10,B5748k,gatedmoe_base|round_robin,5,0.0,1.0,0.0,False,True,1.0,0.0,equivalent
e1,c10,B5748k,gatedmoe_g|learned_top1,5,-0.00045999999999994933,0.8561617032439769,0.06455651837192278,False,False,1.0,0.5340969069507651,unresolved
e1,c10,B5748k,gatedmoe_g|random,5,0.0,1.0,0.0,False,False,1.0,0.0,equivalent
e1,c10,B5748k,gatedmoe_g|round_robin,5,0.0,1.0,0.0,False,False,1.0,0.0,equivalent
e1,c10,B5748k,learned_top1|random,5,0.00045999999999994933,0.8561617032439769,0.0645565183719228,False,False,1.0,0.56655680634973,unresolved
e1,c10,B5748k,learned_top1|round_robin,5,0.00045999999999994933,0.8561617032439769,0.0645565183719228,False,False,1.0,0.5611093254167766,unresolved
e1,c10,B5748k,random|round_robin,5,0.0,1.0,0.0,False,False,1.0,0.0,equivalent
e1,c10,B6100k,gatedmoe_base|gatedmoe_g,5,0.0,1.0,0.0,False,True,1.0,0.0,equivalent
e1,c10,B6100k,gatedmoe_base|learned_top1,5,-0.0031400000000000095,0.17461778615026072,0.19206876155703578,True,True,1.0,0.5611093254167768,unresolved
e1,c10,B6100k,gatedmoe_base|random,5,-0.003440000000000043,0.10818098315277566,0.2013175267501619,True,True,1.0,0.48118181167449414,unresolved
e1,c10,B6100k,gatedmoe_base|round_robin,5,0.0,1.0,0.0,False,True,1.0,0.0,equivalent
e1,c10,B6100k,gatedmoe_g|learned_top1,5,-0.0031400000000000095,0.17461778615026072,0.19206876155703578,True,False,1.0,0.5340969069507651,unresolved
e1,c10,B6100k,gatedmoe_g|random,5,-0.003440000000000043,0.10818098315277566,0.2013175267501619,True,False,1.0,0.801969686124157,unresolved
e1,c10,B6100k,gatedmoe_g|round_robin,5,0.0,1.0,0.0,False,False,1.0,0.0,equivalent
e1,c10,B6100k,learned_top1|random,5,-0.0003000000000000336,0.899632889499244,0.051568139803487734,True,False,1.0,0.56655680634973,unresolved
e1,c10,B6100k,learned_top1|round_robin,5,0.0031400000000000095,0.17461778615026072,0.19206876155703584,True,False,1.0,0.5611093254167766,unresolved
e1,c10,B6100k,random|round_robin,5,0.003440000000000043,0.10818098315277566,0.20131752675016187,True,False,1.0,0.48118181167449425,unresolved
e1,c10,B6629k,gatedmoe_base|gatedmoe_g,5,-0.0016199999999999993,0.31293898609633564,0.03690971705157131,True,True,1.0,0.2583680193609992,unresolved
e1,c10,B6629k,gatedmoe_base|learned_top1,5,0.00047999999999999156,0.6911043161056936,0.007902683047531939,True,True,1.0,0.13434561180804297,unresolved
e1,c10,B6629k,gatedmoe_base|random,5,0.0028000000000000247,0.22906825762284488,0.1637659444867082,True,True,1.0,0.48118181167449414,unresolved
e1,c10,B6629k,gatedmoe_base|round_robin,5,0.0,1.0,0.0,False,True,1.0,0.0,equivalent
e1,c10,B6629k,gatedmoe_g|learned_top1,5,0.0020999999999999908,0.03074051523346255,0.005337171044110902,True,False,0.5533292742023259,0.08539473670577444,unresolved
e1,c10,B6629k,gatedmoe_g|random,5,0.004420000000000024,0.020749049053724763,0.3261484909552341,True,False,0.35273383391332097,0.801969686124157,unresolved
e1,c10,B6629k,gatedmoe_g|round_robin,5,0.0016199999999999993,0.31293898609633564,0.03690971705157132,True,False,1.0,0.25836801936099923,unresolved
e1,c10,B6629k,learned_top1|random,5,0.002320000000000033,0.14754214611293934,0.05358462996625151,True,False,1.0,0.56655680634973,unresolved
e1,c10,B6629k,learned_top1|round_robin,5,-0.00047999999999999156,0.6911043161056936,0.007902683047531944,True,False,1.0,0.13434561180804305,unresolved
e1,c10,B6629k,random|round_robin,5,-0.0028000000000000247,0.22906825762284488,0.16376594448670823,True,False,1.0,0.48118181167449425,unresolved
e1,c10,B7333k,gatedmoe_base|gatedmoe_g,5,0.0012000000000000233,0.29001296480317174,0.009086655172357563,True,True,1.0,0.09995320689593319,unresolved
e1,c10,B7333k,gatedmoe_base|learned_top1,5,-0.0014199999999999768,0.46024345167491554,0.054377846497706384,True,True,1.0,0.5437784649770638,unresolved
e1,c10,B7333k,gatedmoe_base|random,5,-0.00037999999999998034,0.8568666174474462,0.0397713607150626,True,True,1.0,0.2783995250054382,unresolved
e1,c10,B7333k,gatedmoe_base|round_robin,5,0.0,1.0,0.0,False,True,1.0,0.0,equivalent
e1,c10,B7333k,gatedmoe_g|learned_top1,5,-0.00262,0.16759192465692715,0.1004784352099296,True,False,1.0,0.5340969069507651,unresolved
e1,c10,B7333k,gatedmoe_g|random,5,-0.0015800000000000037,0.36708727996307555,0.046368377460561994,True,False,1.0,0.43491424084839636,unresolved
e1,c10,B7333k,gatedmoe_g|round_robin,5,-0.0012000000000000233,0.29001296480317174,0.009086655172357627,True,False,1.0,0.0999532068959339,unresolved
e1,c10,B7333k,learned_top1|random,5,0.0010399999999999964,0.6748514650499724,0.08025820599106849,True,False,1.0,0.56655680634973,unresolved
e1,c10,B7333k,learned_top1|round_robin,5,0.0014199999999999768,0.46024345167491554,0.05437784649770642,True,False,1.0,0.5437784649770642,unresolved
e1,c10,B7333k,random|round_robin,5,0.00037999999999998034,0.8568666174474462,0.03977136071506263,True,False,1.0,0.2783995250054384,unresolved
e1,c10,B8390k,gatedmoe_base|gatedmoe_g,5,0.004259999999999997,0.0071771074095763115,0.2144973339359143,True,True,0.1291879333723736,0.332811352769373,unresolved
e1,c10,B8390k,gatedmoe_base|learned_top1,5,0.0031999999999999806,0.032049889015491634,0.07181323259053056,True,True,0.5448481132633578,0.5611093254167768,unresolved
e1,c10,B8390k,gatedmoe_base|random,5,0.0003200000000000092,0.7350196898509129,0.003027367230594988,True,True,1.0,0.04238314122832983,equivalent
e1,c10,B8390k,gatedmoe_base|round_robin,5,0.0,1.0,0.0,False,True,1.0,0.0,equivalent
e1,c10,B8390k,gatedmoe_g|learned_top1,5,-0.0010600000000000164,0.45199226781549134,0.018215769726371178,True,False,1.0,0.2732365458955677,unresolved
e1,c10,B8390k,gatedmoe_g|random,5,-0.003939999999999988,0.0011048773506158243,0.043491424084839636,True,False,0.01988779231108484,0.43491424084839636,different
e1,c10,B8390k,gatedmoe_g|round_robin,5,-0.004259999999999997,0.0071771074095763115,0.2144973339359143,True,False,0.1291879333723736,0.332811352769373,unresolved
e1,c10,B8390k,learned_top1|random,5,-0.0028799999999999716,0.08704512495373051,0.08604333361854921,True,False,1.0,0.56655680634973,unresolved
e1,c10,B8390k,learned_top1|round_robin,5,-0.0031999999999999806,0.032049889015491634,0.07181323259053063,True,False,0.5448481132633578,0.5611093254167766,unresolved
e1,c10,B8390k,random|round_robin,5,-0.0003200000000000092,0.7350196898509129,0.003027367230595046,True,False,1.0,0.042383141228330645,equivalent
e1,c10,B9799k,gatedmoe_base|gatedmoe_g,5,0.001460000000000039,0.5029446928905621,0.07459503229873872,True,True,1.0,0.2983801291949549,unresolved
e1,c10,B9799k,gatedmoe_base|learned_top1,5,0.0009200000000000097,0.6042187080175094,0.03368427349011635,True,True,1.0,0.4715798288616289,unresolved
e1,c10,B9799k,gatedmoe_base|random,5,-0.0015799999999999814,0.37824208384777314,0.04938946532740773,True,True,1.0,0.2963367919644464,unresolved
e1,c10,B9799k,gatedmoe_base|round_robin,5,0.0,1.0,0.0,False,True,1.0,0.0,equivalent
e1,c10,B9799k,gatedmoe_g|learned_top1,5,-0.0005400000000000294,0.8645727292734975,0.10380064694788915,True,False,1.0,0.5340969069507651,unresolved
e1,c10,B9799k,gatedmoe_g|random,5,-0.0030400000000000206,0.17662319036150376,0.17515880742263756,True,False,1.0,0.801969686124157,unresolved
e1,c10,B9799k,gatedmoe_g|round_robin,5,-0.001460000000000039,0.5029446928905621,0.07459503229873865,True,False,1.0,0.2983801291949546,unresolved
e1,c10,B9799k,learned_top1|random,5,-0.002499999999999991,0.26986106301041785,0.1349305315052075,True,False,1.0,0.56655680634973,unresolved
e1,c10,B9799k,learned_top1|round_robin,5,-0.0009200000000000097,0.6042187080175094,0.03368427349011638,True,False,1.0,0.4715798288616293,unresolved
e1,c10,B9799k,random|round_robin,5,0.0015799999999999814,0.37824208384777314,0.049389465327407706,True,False,1.0,0.29633679196444623,unresolved
e1,c100,B13322k,gatedmoe_base|gatedmoe_g,5,-0.0010600000000000164,0.6779639114373575,0.08594896575264699,True,True,1.0,0.2983801291949549,unresolved
e1,c100,B13322k,gatedmoe_base|learned_top1,5,-0.003080000000000016,0.20075595260874535,0.1971043654019169,True,True,1.0,0.5611093254167768,unresolved
e1,c100,B13322k,gatedmoe_base|random,5,-0.0013600000000000279,0.5855218076098307,0.09404853184316919,True,True,1.0,0.37619412737267677,unresolved
e1,c100,B13322k,gatedmoe_base|round_robin,5,0.0,1.0,0.0,False,True,1.0,0.0,equivalent
e1,c100,B13322k,gatedmoe_g|learned_top1,5,-0.0020199999999999997,0.15809805393301993,0.031424261892605165,True,False,1.0,0.40851540460386715,unresolved
e1,c100,B13322k,gatedmoe_g|random,5,-0.00030000000000001136,0.864481479083022,0.023190453768290542,True,False,1.0,0.2850247739977708,unresolved
e1,c100,B13322k,gatedmoe_g|round_robin,5,0.0010600000000000164,0.6779639114373575,0.08594896575264699,True,False,1.0,0.2983801291949546,unresolved
e1,c100,B13322k,learned_top1|random,5,0.0017199999999999882,0.05438963431433012,0.003398419375469322,True,False,0.8158445147149518,0.0611715487584478,unresolved
e1,c100,B13322k,learned_top1|round_robin,5,0.003080000000000016,0.20075595260874535,0.1971043654019169,True,False,1.0,0.5611093254167766,unresolved
e1,c100,B13322k,random|round_robin,5,0.0013600000000000279,0.5855218076098307,0.09404853184316914,True,False,1.0,0.37619412737267655,unresolved
e1,c100,B17350k,gatedmoe_base|gatedmoe_g,5,-0.001959999999999984,0.14350652768906202,0.02398734381048806,True,True,1.0,0.19189875048390448,unresolved
e1,c100,B17350k,gatedmoe_base|learned_top1,5,-0.0028999999999999916,0.08433797920747714,0.0866824642879438,True,True,1.0,0.5611093254167768,unresolved
e1,c100,B17350k,gatedmoe_base|random,5,0.00024000000000001798,0.8854369245511644,0.019118396714092725,True,True,1.0,0.19118396714092725,unresolved
e1,c100,B17350k,gatedmoe_base|round_robin,5,0.0,1.0,0.0,False,True,1.0,0.0,equivalent
e1,c100,B17350k,gatedmoe_g|learned_top1,5,-0.0009400000000000075,0.26566760236445724,0.0025217016193739283,True,False,1.0,0.04286892752935678,equivalent
e1,c100,B17350k,gatedmoe_g|random,5,0.002200000000000002,0.2192610654693429,0.06880989970646456,True,False,1.0,0.48166929794525193,unresolved
e1,c100,B17350k,gatedmoe_g|round_robin,5,0.001959999999999984,0.14350652768906202,0.02398734381048807,True,False,1.0,0.19189875048390456,unresolved
e1,c100,B17350k,learned_top1|random,5,0.0031400000000000095,0.04594108818216058,0.08275821083808062,True,False,0.7696623058318225,0.56655680634973,unresolved
e1,c100,B17350k,learned_top1|round_robin,5,0.0028999999999999916,0.08433797920747714,0.08668246428794386,True,False,1.0,0.5611093254167766,unresolved
e1,c100,B17350k,random|round_robin,5,-0.00024000000000001798,0.8854369245511644,0.019118396714092656,True,False,1.0,0.19118396714092656,unresolved
e1,c100,B3907k,gatedmoe_base|gatedmoe_g,5,0.0,1.0,0.0,False,True,1.0,0.0,equivalent
e1,c100,B3907k,gatedmoe_base|learned_top1,5,0.002080000000000004,0.16450536340027058,0.0377704537566486,False,True,1.0,0.4715798288616289,unresolved
e1,c100,B3907k,gatedmoe_base|random,5,0.0,1.0,0.0,False,True,1.0,0.0,equivalent
e1,c100,B3907k,gatedmoe_base|round_robin,5,0.0,1.0,0.0,False,True,1.0,0.0,equivalent
e1,c100,B3907k,gatedmoe_g|learned_top1,5,0.002080000000000004,0.16450536340027058,0.0377704537566486,False,False,1.0,0.4154749913231346,unresolved
e1,c100,B3907k,gatedmoe_g|random,5,0.0,1.0,0.0,False,False,1.0,0.0,equivalent
e1,c100,B3907k,gatedmoe_g|round_robin,5,0.0,1.0,0.0,False,False,1.0,0.0,equivalent
e1,c100,B3907k,learned_top1|random,5,-0.002080000000000004,0.16450536340027058,0.03777045375664867,False,False,1.0,0.56655680634973,unresolved
e1,c100,B3907k,learned_top1|round_robin,5,-0.002080000000000004,0.16450536340027058,0.03777045375664867,False,False,1.0,0.4715798288616293,unresolved
e1,c100,B3907k,random|round_robin,5,0.0,1.0,0.0,False,False,1.0,0.0,equivalent
e1,c100,B5748k,gatedmoe_base|gatedmoe_g,5,0.0,1.0,0.0,False,True,1.0,0.0,equivalent
e1,c100,B5748k,gatedmoe_base|learned_top1,5,-0.0007200000000000206,0.7139627396869791,0.039703454009917816,False,True,1.0,0.4715798288616289,unresolved
e1,c100,B5748k,gatedmoe_base|random,5,0.0,1.0,0.0,False,True,1.0,0.0,equivalent
e1,c100,B5748k,gatedmoe_base|round_robin,5,0.0,1.0,0.0,False,True,1.0,0.0,equivalent
e1,c100,B5748k,gatedmoe_g|learned_top1,5,-0.0007200000000000206,0.7139627396869791,0.039703454009917816,False,False,1.0,0.4154749913231346,unresolved
e1,c100,B5748k,gatedmoe_g|random,5,0.0,1.0,0.0,False,False,1.0,0.0,equivalent
e1,c100,B5748k,gatedmoe_g|round_robin,5,0.0,1.0,0.0,False,False,1.0,0.0,equivalent
e1,c100,B5748k,learned_top1|random,5,0.0007200000000000206,0.7139627396869791,0.039703454009917795,False,False,1.0,0.56655680634973,unresolved
e1,c100,B5748k,learned_top1|round_robin,5,0.0007200000000000206,0.7139627396869791,0.039703454009917795,False,False,1.0,0.4715798288616293,unresolved
e1,c100,B5748k,random|round_robin,5,0.0,1.0,0.0,False,False,1.0,0.0,equivalent
e1,c100,B6100k,gatedmoe_base|gatedmoe_g,5,0.0,1.0,0.0,False,True,1.0,0.0,equivalent
e1,c100,B6100k,gatedmoe_base|learned_top1,5,0.0010399999999999964,0.1326084955951592,0.000998975991388434,True,True,1.0,0.017981567844991813,equivalent
e1,c100,B6100k,gatedmoe_base|random,5,0.0022399999999999976,0.41011742022064135,0.1603939372248314,True,True,1.0,0.48118181167449414,unresolved
e1,c100,B6100k,gatedmoe_base|round_robin,5,0.0,1.0,0.0,False,True,1.0,0.0,equivalent
e1,c100,B6100k,gatedmoe_g|learned_top1,5,0.0010399999999999964,0.1326084955951592,0.000998975991388434,True,False,1.0,0.017981567844991813,equivalent
e1,c100,B6100k,gatedmoe_g|random,5,0.0022399999999999976,0.41011742022064135,0.1603939372248314,True,False,1.0,0.801969686124157,unresolved
e1,c100,B6100k,gatedmoe_g|round_robin,5,0.0,1.0,0.0,False,False,1.0,0.0,equivalent
e1,c100,B6100k,learned_top1|random,5,0.001200000000000001,0.6484757522953633,0.09710353935890643,True,False,1.0,0.56655680634973,unresolved
e1,c100,B6100k,learned_top1|round_robin,5,-0.0010399999999999964,0.1326084955951592,0.0009989759913884289,True,False,1.0,0.01798156784499172,equivalent
e1,c100,B6100k,random|round_robin,5,-0.0022399999999999976,0.41011742022064135,0.16039393722483142,True,False,1.0,0.48118181167449425,unresolved
e1,c100,B6629k,gatedmoe_base|gatedmoe_g,5,-0.003400000000000003,0.07946573923750949,0.1664056763846865,True,True,1.0,0.332811352769373,unresolved
e1,c100,B6629k,gatedmoe_base|learned_top1,5,-0.0011199999999999878,0.5174600106770847,0.03498884959081883,True,True,1.0,0.4715798288616289,unresolved
e1,c100,B6629k,gatedmoe_base|random,5,0.0003599999999999937,0.8896594251843662,0.0647568588700444,True,True,1.0,0.323784294350222,unresolved
e1,c100,B6629k,gatedmoe_base|round_robin,5,0.0,1.0,0.0,False,True,1.0,0.0,equivalent
e1,c100,B6629k,gatedmoe_g|learned_top1,5,0.0022800000000000155,0.10163073778819061,0.03246644496607487,True,False,1.0,0.40851540460386715,unresolved
e1,c100,B6629k,gatedmoe_g|random,5,0.003759999999999997,0.03461667493173766,0.17898645121959028,True,False,0.5192501239760648,0.801969686124157,unresolved
e1,c100,B6629k,gatedmoe_g|round_robin,5,0.003400000000000003,0.07946573923750949,0.1664056763846865,True,False,1.0,0.332811352769373,unresolved
e1,c100,B6629k,learned_top1|random,5,0.0014799999999999813,0.4008228873285429,0.04462318652370244,True,False,1.0,0.56655680634973,unresolved
e1,c100,B6629k,learned_top1|round_robin,5,0.0011199999999999878,0.5174600106770847,0.034988849590818806,True,False,1.0,0.4715798288616293,unresolved
e1,c100,B6629k,random|round_robin,5,-0.0003599999999999937,0.8896594251843662,0.06475685887004445,True,False,1.0,0.32378429435022227,unresolved
e1,c100,B7333k,gatedmoe_base|gatedmoe_g,5,-0.00038000000000000257,0.8543657435393841,0.038010737376319104,True,True,1.0,0.2583680193609992,unresolved
e1,c100,B7333k,gatedmoe_base|learned_top1,5,-0.0021200000000000108,0.11609292339733987,0.02656952969304427,True,True,1.0,0.39854294539566404,unresolved
e1,c100,B7333k,gatedmoe_base|random,5,-0.0002599999999999936,0.8825982984064782,0.022769540621487172,True,True,1.0,0.19595588794966656,unresolved
e1,c100,B7333k,gatedmoe_base|round_robin,5,0.0,1.0,0.0,False,True,1.0,0.0,equivalent
e1,c100,B7333k,gatedmoe_g|learned_top1,5,-0.0017400000000000083,0.40901051408271955,0.07969500778318805,True,False,1.0,0.5340969069507651,unresolved
e1,c100,B7333k,gatedmoe_g|random,5,0.00012000000000000899,0.9149733224092784,0.004930400518030596,True,False,1.0,0.06902560725242834,unresolved
e1,c100,B7333k,gatedmoe_g|round_robin,5,0.00038000000000000257,0.8543657435393841,0.03801073737631914,True,False,1.0,0.25836801936099923,unresolved
e1,c100,B7333k,learned_top1|random,5,0.0018600000000000172,0.410944709515231,0.09822736279993691,True,False,1.0,0.56655680634973,unresolved
e1,c100,B7333k,learned_top1|round_robin,5,0.0021200000000000108,0.11609292339733987,0.026569529693044297,True,False,1.0,0.3985429453956645,unresolved
e1,c100,B7333k,random|round_robin,5,0.0002599999999999936,0.8825982984064782,0.0227695406214872,True,False,1.0,0.1959558879496668,unresolved
e1,c100,B8390k,gatedmoe_base|gatedmoe_g,5,0.0014600000000000058,0.13935996435474954,0.0055589313141167175,True,True,1.0,0.0667071757694006,unresolved
e1,c100,B8390k,gatedmoe_base|learned_top1,5,0.00132000000000001,0.5252676278645504,0.062345480601864095,True,True,1.0,0.5611093254167768,unresolved
e1,c100,B8390k,gatedmoe_base|random,5,-0.0014800000000000034,0.20243848118215568,0.01115744558638776,True,True,1.0,0.13388934703665312,unresolved
e1,c100,B8390k,gatedmoe_base|round_robin,5,0.0,1.0,0.0,False,True,1.0,0.0,equivalent
e1,c100,B8390k,gatedmoe_g|learned_top1,5,-0.00013999999999999568,0.9337083411076887,0.018585451265798802,True,False,1.0,0.2732365458955677,unresolved
e1,c100,B8390k,gatedmoe_g|random,5,-0.0029400000000000094,0.025008061778325548,0.03526390240417421,True,False,0.40012898845320877,0.3879029264459163,unresolved
e1,c100,B8390k,gatedmoe_g|round_robin,5,-0.0014600000000000058,0.13935996435474954,0.005558931314116777,True,False,1.0,0.06670717576940133,unresolved
e1,c100,B8390k,learned_top1|random,5,-0.0028000000000000134,0.04527425328422485,0.0434198266149215,True,False,0.7696623058318225,0.56655680634973,unresolved
e1,c100,B8390k,learned_top1|round_robin,5,-0.00132000000000001,0.5252676278645504,0.06234548060186407,True,False,1.0,0.5611093254167766,unresolved
e1,c100,B8390k,random|round_robin,5,0.0014800000000000034,0.20243848118215568,0.011157445586387794,True,False,1.0,0.13388934703665353,unresolved
e1,c100,B9799k,gatedmoe_base|gatedmoe_g,5,0.0020000000000000018,0.2230888828419501,0.04838338217676852,True,True,1.0,0.2583680193609992,unresolved
e1,c100,B9799k,gatedmoe_base|learned_top1,5,0.003279999999999994,0.02512839313233406,0.07061424388369449,True,True,0.45231107638201307,0.5611093254167768,unresolved
e1,c100,B9799k,gatedmoe_base|random,5,0.00010000000000000009,0.9249688089613004,0.0039866503785158615,True,True,1.0,0.0518264549207062,unresolved
e1,c100,B9799k,gatedmoe_base|round_robin,5,0.0,1.0,0.0,False,True,1.0,0.0,equivalent
e1,c100,B9799k,gatedmoe_g|learned_top1,5,0.0012799999999999923,0.5349230511306472,0.06003968036431283,True,False,1.0,0.5340969069507651,unresolved
e1,c100,B9799k,gatedmoe_g|random,5,-0.0019000000000000017,0.38776972559331646,0.09466213147284874,True,False,1.0,0.5679727888370925,unresolved
e1,c100,B9799k,gatedmoe_g|round_robin,5,-0.0020000000000000018,0.2230888828419501,0.04838338217676852,True,False,1.0,0.25836801936099923,unresolved
e1,c100,B9799k,learned_top1|random,5,-0.003179999999999994,0.009723295800541595,0.028300077512350197,True,False,0.1750193244097487,0.4787126039420041,unresolved
e1,c100,B9799k,learned_top1|round_robin,5,-0.003279999999999994,0.02512839313233406,0.07061424388369442,True,False,0.45231107638201307,0.5611093254167766,unresolved
e1,c100,B9799k,random|round_robin,5,-0.00010000000000000009,0.9249688089613004,0.003986650378515866,True,False,1.0,0.051826454920706255,unresolved
e4,c10,B1024k,gatedmoe_base|gatedmoe_g,5,-0.0008000000000000007,0.7388177309554931,0.066902317568588,True,True,1.0,0.267609270274352,unresolved
e4,c10,B1024k,gatedmoe_base|learned_top1,5,-0.0017000000000000348,0.5921873866783711,0.16110258331277927,True,True,1.0,0.4811644763944535,unresolved
e4,c10,B1024k,gatedmoe_base|random,5,0.0009599999999999831,0.6888352829589464,0.07203811139866714,True,True,1.0,0.30385664969851345,unresolved
e4,c10,B1024k,gatedmoe_base|round_robin,5,0.0,1.0,0.0,False,True,1.0,0.0,equivalent
e4,c10,B1024k,gatedmoe_g|learned_top1,5,-0.0009000000000000341,0.6121830968524336,0.033340163987957805,True,False,1.0,0.20004098392774683,unresolved
e4,c10,B1024k,gatedmoe_g|random,5,0.0017599999999999838,0.6609166267445435,0.21654768275418315,True,False,1.0,0.8661907310167326,unresolved
e4,c10,B1024k,gatedmoe_g|round_robin,5,0.0008000000000000007,0.7388177309554931,0.06690231756858803,True,False,1.0,0.2676092702743521,unresolved
e4,c10,B1024k,learned_top1|random,5,0.002660000000000018,0.5045117658480984,0.2772287977917413,True,False,1.0,1.0,unresolved
e4,c10,B1024k,learned_top1|round_robin,5,0.0017000000000000348,0.5921873866783711,0.16110258331277927,True,False,1.0,0.48116447639445337,unresolved
e4,c10,B1024k,random|round_robin,5,-0.0009599999999999831,0.6888352829589464,0.07203811139866712,True,False,1.0,0.30385664969851356,unresolved
e4,c10,B192k,gatedmoe_base|gatedmoe_g,5,0.0,1.0,0.0,False,True,1.0,0.0,equivalent
e4,c10,B192k,gatedmoe_base|learned_top1,5,0.0007800000000000029,0.8116595237636762,0.12029111909861337,False,True,1.0,0.4811644763944535,unresolved
e4,c10,B192k,gatedmoe_base|random,5,0.0,1.0,0.0,False,True,1.0,0.0,equivalent
e4,c10,B192k,gatedmoe_base|round_robin,5,0.0,1.0,0.0,False,True,1.0,0.0,equivalent
e4,c10,B192k,gatedmoe_g|learned_top1,5,0.0007800000000000029,0.8116595237636762,0.12029111909861337,False,False,1.0,0.36087335729584014,unresolved
e4,c10,B192k,gatedmoe_g|random,5,0.0,1.0,0.0,False,False,1.0,0.0,equivalent
e4,c10,B192k,gatedmoe_g|round_robin,5,0.0,1.0,0.0,False,False,1.0,0.0,equivalent
e4,c10,B192k,learned_top1|random,5,-0.0007800000000000029,0.8116595237636762,0.12029111909861334,False,False,1.0,0.6014555954930667,unresolved
e4,c10,B192k,learned_top1|round_robin,5,-0.0007800000000000029,0.8116595237636762,0.12029111909861334,False,False,1.0,0.48116447639445337,unresolved
e4,c10,B192k,random|round_robin,5,0.0,1.0,0.0,False,False,1.0,0.0,equivalent
e4,c10,B2048k,gatedmoe_base|gatedmoe_g,5,-0.0008000000000000007,0.7388177309554931,0.066902317568588,True,True,1.0,0.267609270274352,unresolved
e4,c10,B2048k,gatedmoe_base|learned_top1,5,-0.0017000000000000348,0.5921873866783711,0.16110258331277927,True,True,1.0,0.4811644763944535,unresolved
e4,c10,B2048k,gatedmoe_base|random,5,0.0009599999999999831,0.6888352829589464,0.07203811139866714,True,True,1.0,0.30385664969851345,unresolved
e4,c10,B2048k,gatedmoe_base|round_robin,5,0.0,1.0,0.0,False,True,1.0,0.0,equivalent
e4,c10,B2048k,gatedmoe_g|learned_top1,5,-0.0009000000000000341,0.6121830968524336,0.033340163987957805,True,False,1.0,0.20004098392774683,unresolved
e4,c10,B2048k,gatedmoe_g|random,5,0.0017599999999999838,0.6609166267445435,0.21654768275418315,True,False,1.0,0.8661907310167326,unresolved
e4,c10,B2048k,gatedmoe_g|round_robin,5,0.0008000000000000007,0.7388177309554931,0.06690231756858803,True,False,1.0,0.2676092702743521,unresolved
e4,c10,B2048k,learned_top1|random,5,0.002660000000000018,0.5045117658480984,0.2772287977917413,True,False,1.0,1.0,unresolved
e4,c10,B2048k,learned_top1|round_robin,5,0.0017000000000000348,0.5921873866783711,0.16110258331277927,True,False,1.0,0.48116447639445337,unresolved
e4,c10,B2048k,random|round_robin,5,-0.0009599999999999831,0.6888352829589464,0.07203811139866712,True,False,1.0,0.30385664969851356,unresolved
e4,c10,B256k,gatedmoe_base|gatedmoe_g,5,0.0,1.0,0.0,False,True,1.0,0.0,equivalent
e4,c10,B256k,gatedmoe_base|learned_top1,5,-0.0008000000000000229,0.6607278057415342,0.033945837478605134,True,True,1.0,0.2036750248716308,unresolved
e4,c10,B256k,gatedmoe_base|random,5,-0.002100000000000013,0.22879979334748796,0.06077132993970269,True,True,1.0,0.30385664969851345,unresolved
e4,c10,B256k,gatedmoe_base|round_robin,5,0.0,1.0,0.0,False,True,1.0,0.0,equivalent
e4,c10,B256k,gatedmoe_g|learned_top1,5,-0.0008000000000000229,0.6607278057415342,0.033945837478605134,True,False,1.0,0.20004098392774683,unresolved
e4,c10,B256k,gatedmoe_g|random,5,-0.002100000000000013,0.22879979334748796,0.06077132993970269,True,False,1.0,0.30385664969851345,unresolved
e4,c10,B256k,gatedmoe_g|round_robin,5,0.0,1.0,0.0,False,False,1.0,0.0,equivalent
e4,c10,B256k,learned_top1|random,5,-0.00129999999999999,0.5465136772701293,0.06721253472853983,True,False,1.0,0.403275208371239,unresolved
e4,c10,B256k,learned_top1|round_robin,5,0.0008000000000000229,0.6607278057415342,0.0339458374786052,True,False,1.0,0.2036750248716312,unresolved
e4,c10,B256k,random|round_robin,5,0.002100000000000013,0.22879979334748796,0.06077132993970272,True,False,1.0,0.30385664969851356,unresolved
e4,c10,B320k,gatedmoe_base|gatedmoe_g,5,0.00573999999999999,0.22818093800220293,0.5682534510185198,True,True,1.0,0.5682534510185198,unresolved
e4,c10,B320k,gatedmoe_base|learned_top1,5,-0.0024199999999999777,0.3405928542023552,0.15669494189288535,True,True,1.0,0.4811644763944535,unresolved
e4,c10,B320k,gatedmoe_base|random,5,0.003100000000000036,0.3111352605980936,0.25844812055012567,True,True,1.0,0.5168962411002513,unresolved
e4,c10,B320k,gatedmoe_base|round_robin,5,0.0,1.0,0.0,False,True,1.0,0.0,equivalent
e4,c10,B320k,gatedmoe_g|learned_top1,5,-0.008159999999999968,0.09038050774319721,0.7810067536021585,True,False,0.5422830464591832,0.7810067536021585,unresolved
e4,c10,B320k,gatedmoe_g|random,5,-0.0026399999999999536,0.4297421973590532,0.23831033363641607,True,False,1.0,0.8661907310167326,unresolved
e4,c10,B320k,gatedmoe_g|round_robin,5,-0.00573999999999999,0.22818093800220293,0.5682534510185198,True,False,1.0,0.5682534510185198,unresolved
e4,c10,B320k,learned_top1|random,5,0.005520000000000014,0.015737031954954163,0.6382366100877428,True,False,0.09442219172972498,1.0,unresolved
e4,c10,B320k,learned_top1|round_robin,5,0.0024199999999999777,0.3405928542023552,0.1566949418928853,True,False,1.0,0.48116447639445337,unresolved
e4,c10,B320k,random|round_robin,5,-0.003100000000000036,0.3111352605980936,0.25844812055012567,True,False,1.0,0.5168962411002513,unresolved
e4,c10,B512k,gatedmoe_base|gatedmoe_g,5,0.0009199999999999653,0.8428928599680818,0.20076396477222624,True,True,1.0,0.4015279295444525,unresolved
e4,c10,B512k,gatedmoe_base|learned_top1,5,5.999999999997119e-05,0.9848254153335096,0.08552386661877978,True,True,1.0,0.4276193330938989,unresolved
e4,c10,B512k,gatedmoe_base|random,5,0.003819999999999979,0.39375685912188957,0.39136011452943437,True,True,1.0,0.5168962411002513,unresolved
e4,c10,B512k,gatedmoe_base|round_robin,5,0.0,1.0,0.0,False,True,1.0,0.0,equivalent
e4,c10,B512k,gatedmoe_g|learned_top1,5,-0.0008599999999999941,0.8453038568599027,0.1865489538633045,True,False,1.0,0.373097907726609,unresolved
e4,c10,B512k,gatedmoe_g|random,5,0.0029000000000000137,0.4905973977398668,0.30611371319768366,True,False,1.0,0.8661907310167326,unresolved
e4,c10,B512k,gatedmoe_g|round_robin,5,-0.0009199999999999653,0.8428928599680818,0.20076396477222624,True,False,1.0,0.4015279295444525,unresolved
e4,c10,B512k,learned_top1|random,5,0.0037600000000000077,0.20294922949719119,0.32116776277371595,True,False,1.0,1.0,unresolved
e4,c10,B512k,learned_top1|round_robin,5,-5.999999999997119e-05,0.9848254153335096,0.08552386661877975,True,False,1.0,0.42761933309389877,unresolved
e4,c10,B512k,random|round_robin,5,-0.003819999999999979,0.39375685912188957,0.3913601145294344,True,False,1.0,0.5168962411002513,unresolved
s1,c100,m1v0,gatedmoe_base|learned_top1,5,0.0,1.0,0.0,False,True,1.0,0.0,equivalent
s1,c100,m1v0,gatedmoe_base|random,5,0.0,1.0,0.0,False,True,1.0,0.0,equivalent
s1,c100,m1v0,gatedmoe_base|round_robin,5,0.0,1.0,0.0,False,True,1.0,0.0,equivalent
s1,c100,m1v0,learned_top1|random,5,0.0,1.0,0.0,False,False,1.0,0.0,equivalent
s1,c100,m1v0,learned_top1|round_robin,5,0.0,1.0,0.0,False,False,1.0,0.0,equivalent
s1,c100,m1v0,random|round_robin,5,0.0,1.0,0.0,False,False,1.0,0.0,equivalent
s1,c100,m1v1,gatedmoe_base|learned_top1,5,0.0,1.0,0.0,False,True,1.0,0.0,equivalent
s1,c100,m1v1,gatedmoe_base|random,5,0.0,1.0,0.0,False,True,1.0,0.0,equivalent
s1,c100,m1v1,gatedmoe_base|round_robin,5,0.0,1.0,0.0,False,True,1.0,0.0,equivalent
s1,c100,m1v1,learned_top1|random,5,0.0,1.0,0.0,False,False,1.0,0.0,equivalent
s1,c100,m1v1,learned_top1|round_robin,5,0.0,1.0,0.0,False,False,1.0,0.0,equivalent
s1,c100,m1v1,random|round_robin,5,0.0,1.0,0.0,False,False,1.0,0.0,equivalent
s1,c100,m2v0,gatedmoe_base|learned_top1,5,-0.0014999999999999903,0.49516172435736,0.07758730149284676,True,True,1.0,0.46552380895708056,unresolved
s1,c100,m2v0,gatedmoe_base|random,5,0.0014799999999999924,0.5791301500243698,0.112469810499495,True,True,1.0,0.4088184256047367,unresolved
s1,c100,m2v0,gatedmoe_base|round_robin,5,0.0,1.0,0.0,False,True,1.0,0.0,equivalent
s1,c100,m2v0,learned_top1|random,5,0.0029799999999999827,0.4274030805963509,0.2909860602259251,True,False,1.0,0.6011801745239372,unresolved
s1,c100,m2v0,learned_top1|round_robin,5,0.0014999999999999903,0.49516172435736,0.07758730149284682,True,False,1.0,0.4655238089570809,unresolved
s1,c100,m2v0,random|round_robin,5,-0.0014799999999999924,0.5791301500243698,0.112469810499495,True,False,1.0,0.4088184256047367,unresolved
s1,c100,m2v1,gatedmoe_base|learned_top1,5,0.0011800000000000144,0.6441602563800066,0.09086243757328992,True,True,1.0,0.46552380895708056,unresolved
s1,c100,m2v1,gatedmoe_base|random,5,-0.0006599999999999939,0.808287860752065,0.08176368512094734,True,True,1.0,0.4088184256047367,unresolved
s1,c100,m2v1,gatedmoe_base|round_robin,5,0.0,1.0,0.0,False,True,1.0,0.0,equivalent
s1,c100,m2v1,learned_top1|random,5,-0.0018400000000000083,0.24866336354910795,0.04071770474400904,True,False,1.0,0.2850239332080633,unresolved
s1,c100,m2v1,learned_top1|round_robin,5,-0.0011800000000000144,0.6441602563800066,0.09086243757328993,True,False,1.0,0.4655238089570809,unresolved
s1,c100,m2v1,random|round_robin,5,0.0006599999999999939,0.808287860752065,0.08176368512094734,True,False,1.0,0.4088184256047367,unresolved
s1,c100,m3v0,gatedmoe_base|learned_top1,5,-0.001540000000000008,0.5486259208752696,0.1077449958581086,True,True,1.0,0.46552380895708056,unresolved
s1,c100,m3v0,gatedmoe_base|random,5,-0.002640000000000009,0.39440529342572217,0.2210545600581424,True,True,1.0,0.4088184256047367,unresolved
s1,c100,m3v0,gatedmoe_base|round_robin,5,0.0,1.0,0.0,False,True,1.0,0.0,equivalent
s1,c100,m3v0,learned_top1|random,5,-0.001100000000000001,0.503302206721645,0.02987803453732074,True,False,1.0,0.23902427629856593,unresolved
s1,c100,m3v0,learned_top1|round_robin,5,0.001540000000000008,0.5486259208752696,0.1077449958581086,True,False,1.0,0.4655238089570809,unresolved
s1,c100,m3v0,random|round_robin,5,0.002640000000000009,0.39440529342572217,0.2210545600581424,True,False,1.0,0.4088184256047367,unresolved
s1,c100,m3v1,gatedmoe_base|learned_top1,5,-0.0024399999999999977,0.11139271406344178,0.04973353630377142,True,True,1.0,0.39786829043017136,unresolved
s1,c100,m3v1,gatedmoe_base|random,5,0.0019999999999999905,0.20247895909167846,0.04219920562092963,True,True,1.0,0.29539443934650744,unresolved
s1,c100,m3v1,gatedmoe_base|round_robin,5,0.0,1.0,0.0,False,True,1.0,0.0,equivalent
s1,c100,m3v1,learned_top1|random,5,0.004439999999999988,0.0360152021782515,0.35761479136556173,True,False,0.3961672239607665,0.6011801745239372,unresolved
s1,c100,m3v1,learned_top1|round_robin,5,0.0024399999999999977,0.11139271406344178,0.04973353630377143,True,False,1.0,0.39786829043017147,unresolved
s1,c100,m3v1,random|round_robin,5,-0.0019999999999999905,0.20247895909167846,0.0421992056209296,True,False,1.0,0.2953944393465072,unresolved
s1,c100,m4v0,gatedmoe_base|learned_top1,5,0.0001600000000000046,0.9485469681922808,0.05317306413752461,True,True,1.0,0.39786829043017136,unresolved
s1,c100,m4v0,gatedmoe_base|random,5,-0.0020200000000000105,0.3172162803002484,0.08367889964111841,True,True,1.0,0.4088184256047367,unresolved
s1,c100,m4v0,gatedmoe_base|round_robin,5,0.0,1.0,0.0,False,True,1.0,0.0,equivalent
s1,c100,m4v0,learned_top1|random,5,-0.0021800000000000153,0.23969454982969987,0.07439284536802093,True,False,1.0,0.4463570722081256,unresolved
s1,c100,m4v0,learned_top1|round_robin,5,-0.0001600000000000046,0.9485469681922808,0.05317306413752454,True,False,1.0,0.39786829043017147,unresolved
s1,c100,m4v0,random|round_robin,5,0.0020200000000000105,0.3172162803002484,0.0836788996411184,True,False,1.0,0.4088184256047367,unresolved
s1,c100,m4v1,gatedmoe_base|learned_top1,5,0.002059999999999984,0.12401609301185469,0.025104972640079198,True,True,1.0,0.22594475376071277,unresolved
s1,c100,m4v1,gatedmoe_base|random,5,0.0004199999999999982,0.7823813741684356,0.016119408173769095,True,True,1.0,0.14507467356392184,unresolved
s1,c100,m4v1,gatedmoe_base|round_robin,5,0.0,1.0,0.0,False,True,1.0,0.0,equivalent
s1,c100,m4v1,learned_top1|random,5,-0.0016399999999999859,0.21308020906657751,0.01936488458296004,True,False,1.0,0.17428396124664036,unresolved
s1,c100,m4v1,learned_top1|round_robin,5,-0.002059999999999984,0.12401609301185469,0.02510497264007916,True,False,1.0,0.22594475376071244,unresolved
s1,c100,m4v1,random|round_robin,5,-0.0004199999999999982,0.7823813741684356,0.016119408173769112,True,False,1.0,0.145074673563922,unresolved
s1,c100,m6v0,gatedmoe_base|learned_top1,5,0.0015800000000000148,0.46443571005804474,0.07761524823368011,True,True,1.0,0.46552380895708056,unresolved
s1,c100,m6v0,gatedmoe_base|random,5,0.00018000000000000237,0.9307729242789703,0.03424980951728976,True,True,1.0,0.27399847613831807,unresolved
s1,c100,m6v0,gatedmoe_base|round_robin,5,0.0,1.0,0.0,False,True,1.0,0.0,equivalent
s1,c100,m6v0,learned_top1|random,5,-0.0014000000000000123,0.5794535277111051,0.0981804162850628,True,False,1.0,0.490902081425314,unresolved
s1,c100,m6v0,learned_top1|round_robin,5,-0.0015800000000000148,0.46443571005804474,0.07761524823368005,True,False,1.0,0.4655238089570809,unresolved
s1,c100,m6v0,random|round_robin,5,-0.00018000000000000237,0.9307729242789703,0.03424980951728973,True,False,1.0,0.27399847613831785,unresolved
s1,c100,m6v1,gatedmoe_base|learned_top1,5,0.0022800000000000042,0.22377629030202326,0.08068130531116911,True,True,1.0,0.46552380895708056,unresolved
s1,c100,m6v1,gatedmoe_base|random,5,-0.0010399999999999854,0.6433001645331144,0.06481806113590904,True,True,1.0,0.38890836681545427,unresolved
s1,c100,m6v1,gatedmoe_base|round_robin,5,0.0,1.0,0.0,False,True,1.0,0.0,equivalent
s1,c100,m6v1,learned_top1|random,5,-0.0033199999999999896,0.13701616194831653,0.20039339150797908,True,False,1.0,0.6011801745239372,unresolved
s1,c100,m6v1,learned_top1|round_robin,5,-0.0022800000000000042,0.22377629030202326,0.08068130531116913,True,False,1.0,0.4655238089570809,unresolved
s1,c100,m6v1,random|round_robin,5,0.0010399999999999854,0.6433001645331144,0.06481806113590897,True,False,1.0,0.3889083668154538,unresolved
s1,c100,m8v0,gatedmoe_base|learned_top1,5,-0.0003599999999999937,0.9102322917421418,0.09834976267105511,True,True,1.0,0.46552380895708056,unresolved
s1,c100,m8v0,gatedmoe_base|random,5,-0.0026799999999999936,0.2526606759570355,0.15600415742705254,True,True,1.0,0.4088184256047367,unresolved
s1,c100,m8v0,gatedmoe_base|round_robin,5,0.0,1.0,0.0,False,True,1.0,0.0,equivalent
s1,c100,m8v0,learned_top1|random,5,-0.00232,0.27532947897597054,0.10922766895646074,True,False,1.0,0.490902081425314,unresolved
s1,c100,m8v0,learned_top1|round_robin,5,0.0003599999999999937,0.9102322917421418,0.09834976267105511,True,False,1.0,0.4655238089570809,unresolved
s1,c100,m8v0,random|round_robin,5,0.0026799999999999936,0.2526606759570355,0.15600415742705254,True,False,1.0,0.4088184256047367,unresolved
